,host_is_superhost,host_listings_count,latitude,longitude,property_type,room_type,accommodates,bathrooms,bedrooms,beds,bed_type,amenities,price,guests_included,extra_people,minimum_nights,maximum_nights,number_of_reviews,instant_bookable,is_business_travel_ready,cancellation_policy
0,f,2.0,-22.96591903141144,-43.17896230586568,Condominium,Entire home/apt,5,1.0,2.0,2.0,Real Bed,"{TV,""Cable TV"",Internet,Wifi,""Air conditioning"",Kitchen,""Paid parking off premises"",""Smoking allowed"",Doorman,Elevator,""Hot tub"",""Family/kid friendly"",""Suitable for events"",Essentials,""24-hour check-in"",Hangers,""Hair dryer"",Iron,""Laptop friendly workspace"",""Self check-in"",""Building staff"",""Private entrance"",""Hot water"",""Bed linens"",""Luggage dropoff allowed""}",$307.00,2,$58.00,4,90,213.0,t,f,strict_14_with_grace_period
1,f,1.0,-22.985697888896297,-43.20193477968938,Apartment,Entire home/apt,2,1.0,1.0,1.0,Real Bed,"{TV,""Cable TV"",Wifi,""Air conditioning"",""First aid kit"",Essentials,Shampoo,Hangers,""Hair dryer"",Iron,""Laptop friendly workspace"",""Hot water"",""Bed linens"",""Extra pillows and blankets"",""Pocket wifi"",Microwave,""Coffee maker"",Refrigerator,""Dishes and silverware"",""Beach essentials""}",$233.00,2,$225.00,3,90,85.0,f,f,strict_14_with_grace_period
2,f,3.0,-22.977116804101872,-43.190454147220834,Apartment,Entire home/apt,3,1.0,1.0,2.0,Real Bed,"{TV,""Cable TV"",Internet,Wifi,""Air conditioning"",Kitchen,Doorman,Elevator,""Buzzer/wireless intercom"",""Family/kid friendly"",Hangers,""Hair dryer"",Iron,""Laptop friendly workspace""}",$159.00,2,$45.00,4,30,214.0,f,f,strict_14_with_grace_period
3,t,1.0,-22.98302369705461,-43.21427004586688,Apartment,Entire home/apt,3,1.0,1.0,2.0,Real Bed,"{TV,""Cable TV"",Internet,Wifi,""Air conditioning"",Kitchen,Doorman,Elevator,""Buzzer/wireless intercom"",Essentials,Shampoo,Hangers,""Hair dryer"",Iron,""Laptop friendly workspace"",""translation missing: en.hosting_amenity_49"",""translation missing: en.hosting_amenity_50""}",$253.00,2,$39.00,2,1125,215.0,t,f,strict_14_with_grace_period
4,f,1.0,-22.988164695838663,-43.193587723245706,Apartment,Entire home/apt,3,1.5,1.0,2.0,Real Bed,"{TV,""Cable TV"",Internet,Wifi,""Air conditioning"",""Wheelchair accessible"",Kitchen,Doorman,Elevator,""Free street parking"",""Buzzer/wireless intercom"",""Family/kid friendly"",Washer,Essentials,Shampoo,Hangers,""Hair dryer"",Iron,""Self check-in"",Lockbox,""Hot water"",""Bed linens"",Microwave,Refrigerator,""Dishes and silverware"",""Cooking basics"",Oven,Stove,""Luggage dropoff allowed"",""Long term stays allowed"",""Cleaning before checkout""}",$350.00,2,$58.00,2,89,122.0,f,f,strict_14_with_grace_period
5,t,1.0,-22.981268983403908,-43.19045722266828,Loft,Entire home/apt,2,1.0,1.0,2.0,Real Bed,"{TV,""Cable TV"",Wifi,""Air conditioning"",Kitchen,""Paid parking off premises"",Elevator,""Family/kid friendly"",""Smoke detector"",""Carbon monoxide detector"",""Fire extinguisher"",Essentials,Hangers,""Hair dryer"",Iron,""Laptop friendly workspace"",""translation missing: en.hosting_amenity_50"",""Room-darkening shades"",""Hot water"",""Bed linens"",""Extra pillows and blankets"",""Pocket wifi"",""Luggage dropoff allowed"",""Wide doorway"",""Flat path to front door"",""Well-lit path to entrance"",""Step-free access"",""Wide clearance to bed"",""Accessible-height bed"",""Step-free access"",""Bathtub with bath chair"",""Accessible-height toilet"",""Wide entryway"",""Host greets you"",Beachfront}",$221.00,2,$80.00,3,30,267.0,t,f,strict_14_with_grace_period
6,f,1.0,-22.96680789927568,-43.18657351368087,Apartment,Entire home/apt,3,1.0,1.0,2.0,Real Bed,"{Internet,Wifi,Kitchen,""Free parking on premises"",Doorman,Elevator,""Buzzer/wireless intercom"",Washer,Essentials,""24-hour check-in"",Iron}",$152.00,1,$150.00,4,60,1.0,f,f,moderate
7,f,3.0,-22.921990204401368,-43.18383627708071,Apartment,Entire home/apt,3,1.0,0.0,2.0,Real Bed,"{TV,Wifi,Kitchen,""Smoking allowed"",""Pets allowed"",Doorman,Elevator,""Buzzer/wireless intercom"",""Family/kid friendly"",Washer,Essentials,Hangers,Iron,""Laptop friendly workspace""}",$136.00,1,$0.00,3,730,1.0,f,f,strict_14_with_grace_period
8,f,7.0,-22.9863327988552,-43.20256262652219,Serviced apartment,Entire home/apt,13,7.0,6.0,7.0,Real Bed,"{TV,""Cable TV"",Internet,Wifi,""Air conditioning"",Kitchen,Doorman,Breakfast,""Buzzer/wireless intercom"",""Family/kid friendly"",Washer,Dryer,""Smoke detector"",""Carbon monoxide detector"",""Fire extinguisher"",Essentials,Shampoo,""24-hour check-in"",Hangers,""Hair dryer"",Iron,""Laptop friendly workspace"",""Self check-in"",""Building staff"",""Hot water"",""Luggage dropoff allowed"",""Long term stays allowed"",""Paid parking on premises""}","$3,392.00",7,$132.00,2,89,36.0,t,f,strict_14_with_grace_period
9,t,1.0,-22.983592667034547,-43.19381929721071,Apartment,Private room,1,1.0,1.0,1.0,Real Bed,"{TV,""Cable TV"",Wifi,Breakfast,Elevator,""Free street parking"",Heating,Washer,""First aid kit"",""Fire extinguisher"",Essentials,Shampoo,""Lock on bedroom door"",Hangers,""Hair dryer"",Iron,""Laptop friendly workspace"",""Self check-in"",""Building staff"",""Hot water"",""Bed linens"",""Extra pillows and blankets"",Microwave,""Coffee maker"",Refrigerator,""Dishes and silverware"",""Cooking basics"",Oven,Stove,""Luggage dropoff allowed"",""Long term stays allowed"",""Wide hallway clearance"",""Wide doorway"",""Flat path to front door"",""Well-lit path to entrance"",""Step-free access"",""Wide doorway"",""Wide clearance to bed"",""Accessible-height bed"",""Step-free access"",""Accessible-height toilet"",""Wide clearance to shower, toilet"",""Wide entryway""}",$120.00,1,$0.00,3,30,13.0,t,f,strict_14_with_grace_period
10,f,7.0,-22.964674754014865,-43.17441845686111,Apartment,Entire home/apt,11,3.5,4.0,6.0,Real Bed,"{""Cable TV"",Wifi,""Air conditioning"",Kitchen,""Free parking on premises"",""Smoking allowed"",""Pets allowed"",Doorman,Elevator,""Family/kid friendly"",""Suitable for events"",Washer}",$556.00,8,$80.00,3,750,2.0,f,f,strict_14_with_grace_period
11,f,53.0,-22.97934047183976,-43.19112518175488,Condominium,Entire home/apt,3,1.0,1.0,2.0,Real Bed,"{TV,""Cable TV"",Internet,Wifi,""Air conditioning"",Kitchen,Doorman,Elevator,""Free street parking"",""Buzzer/wireless intercom"",""Family/kid friendly"",Essentials,""24-hour check-in"",Hangers,""Hair dryer"",Iron,""Laptop friendly workspace"",""Self check-in"",""Building staff"",""Hot water"",""Bed linens"",""Extra pillows and blankets"",""Ethernet connection"",""Luggage dropoff allowed"",""Long term stays allowed""}",$175.00,2,$19.00,2,90,65.0,t,f,strict_14_with_grace_period
12,f,7.0,-22.98550702996067,-43.20409638380855,Serviced apartment,Entire home/apt,6,3.0,3.0,3.0,Real Bed,"{TV,""Cable TV"",Internet,Wifi,""Air conditioning"",Kitchen,Doorman,""Buzzer/wireless intercom"",""Family/kid friendly"",Washer,Dryer,""Smoke detector"",""Carbon monoxide detector"",""Fire extinguisher"",Essentials,Shampoo,""24-hour check-in"",Hangers,""Hair dryer"",Iron,""Laptop friendly workspace"",Crib,""Room-darkening shades"",""Hot water"",Microwave,""Coffee maker"",Refrigerator,""Dishes and silverware"",""Cooking basics"",Oven,Stove,""Beach essentials"",""Luggage dropoff allowed"",""Long term stays allowed"",""Flat path to front door"",""Well-lit path to entrance"",""Wide doorway"",""Wide clearance to bed"",""Wide clearance to shower, toilet"",""Wide entryway"",""Host greets you"",""Paid parking on premises""}",$882.00,4,$132.00,2,89,57.0,t,f,strict_14_with_grace_period
13,f,4.0,-23.00307495204619,-43.30911201234122,House,Entire home/apt,12,7.0,4.0,7.0,Real Bed,"{TV,""Cable TV"",Internet,Wifi,""Air conditioning"",Kitchen,""Free parking on premises"",""Smoking allowed"",""Pets allowed"",Doorman,Breakfast,""Pets live on this property"",Elevator,""Hot tub"",""Buzzer/wireless intercom"",""Family/kid friendly"",""Suitable for events"",Washer,Dryer,Essentials,""Lock on bedroom door"",""24-hour check-in"",Hangers,""Hair dryer"",Iron,""Laptop friendly workspace"",""Hot water"",""Bed linens"",""Extra pillows and blankets""}","$2,409.00",1,$0.00,1,730,7.0,f,f,strict_14_with_grace_period
14,f,2.0,-22.98108241879745,-43.19077642991398,Apartment,Entire home/apt,2,1.0,0.0,2.0,Real Bed,"{TV,""Cable TV"",Internet,Wifi,""Air conditioning"",""Wheelchair accessible"",Kitchen,Doorman,Elevator,""Buzzer/wireless intercom"",""Family/kid friendly"",""First aid kit"",""Fire extinguisher"",Essentials,Shampoo,""24-hour check-in"",Hangers,""Hair dryer"",Iron,""Laptop friendly workspace"",""Self check-in"",""Building staff"",""Private entrance"",""Room-darkening shades"",""Hot water"",""Bed linens"",""Extra pillows and blankets"",Microwave,""Coffee maker"",Refrigerator,""Dishes and silverware"",""Cooking basics"",Stove,""Luggage dropoff allowed"",""Long term stays allowed"",""Wide hallway clearance"",""Step-free access"",""Wide doorway"",""Flat path to front door"",""Well-lit path to entrance"",""Step-free access"",""Step-free access"",""Accessible-height toilet"",Waterfront,Beachfront}",$144.00,2,$100.00,3,1125,100.0,t,f,strict_14_with_grace_period
15,f,22.0,-23.00824889982358,-43.29196227282903,House,Entire home/apt,10,5.0,4.0,6.0,Real Bed,"{TV,""Cable TV"",Internet,Wifi,""Air conditioning"",Kitchen,""Free parking on premises"",""Family/kid friendly"",""Suitable for events"",Washer,Dryer,Essentials}",$971.00,4,$175.00,2,365,13.0,f,f,strict_14_with_grace_period
16,f,1.0,-22.981808499143888,-43.20207447846784,Apartment,Private room,1,2.0,1.0,1.0,Real Bed,"{TV,""Cable TV"",Internet,Wifi,""Air conditioning"",""Wheelchair accessible"",Kitchen,""Free parking on premises"",Doorman,Breakfast,Elevator,""Buzzer/wireless intercom"",Washer,""Smoke detector"",""Carbon monoxide detector"",""Fire extinguisher"",Shampoo,Hangers,""Hair dryer"",Iron,""Laptop friendly workspace"",""translation missing: en.hosting_amenity_49"",""translation missing: en.hosting_amenity_50""}",$78.00,1,$0.00,5,1125,3.0,f,f,strict_14_with_grace_period
17,f,2.0,-22.930459638444702,-43.17449904539461,Apartment,Entire home/apt,6,2.0,4.0,4.0,Real Bed,"{TV,""Cable TV"",Wifi,""Air conditioning"",Kitchen,Elevator,Heating,""Family/kid friendly"",Washer,""First aid kit"",""Fire extinguisher"",Essentials,Shampoo,Hangers,""Hair dryer"",Iron,""Laptop friendly workspace"",""Private living room"",""Hot water"",""Bed linens"",""Extra pillows and blankets"",""Pocket wifi"",Microwave,""Coffee maker"",Refrigerator,Dishwasher,""Dishes and silverware"",""Cooking basics"",Oven,Stove,""Patio or balcony"",""Host greets you"",Beachfront}",$793.00,5,$123.00,7,365,8.0,f,f,strict_14_with_grace_period
18,f,3.0,-22.98021389833303,-43.20232434530234,Apartment,Entire home/apt,4,3.0,2.0,5.0,Real Bed,"{TV,""Cable TV"",Internet,""Air conditioning"",Kitchen,Doorman,Elevator,""Family/kid friendly"",Washer,Dryer}","$1,476.00",1,$0.00,2,30,0.0,f,f,flexible
19,f,7.0,-22.986233139187803,-43.20352791940846,Serviced apartment,Entire home/apt,6,3.0,3.0,3.0,Real Bed,"{TV,""Cable TV"",Internet,Wifi,""Air conditioning"",Kitchen,Doorman,Breakfast,""Buzzer/wireless intercom"",""Family/kid friendly"",Washer,Dryer,""Smoke detector"",""Carbon monoxide detector"",Essentials,Shampoo,""24-hour check-in"",Hangers,""Hair dryer"",Iron,""Laptop friendly workspace"",""Self check-in"",""Building staff"",""Hot water"",""Luggage dropoff allowed"",""Long term stays allowed"",""Paid parking on premises""}","$1,807.00",3,$132.00,2,89,49.0,t,f,strict_14_with_grace_period
20,f,1.0,-22.92872912020029,-43.17472526005519,Apartment,Entire home/apt,4,2.0,3.0,4.0,Real Bed,"{TV,Internet,Wifi,""Wheelchair accessible"",Kitchen,""Paid parking off premises"",""Pets allowed"",Doorman,Elevator,""Free street parking"",""Buzzer/wireless intercom"",Washer,Dryer,Essentials,Shampoo,Hangers,Iron,""Laptop friendly workspace"",""High chair"",""Hot water"",Other}",$260.00,1,$0.00,4,60,1.0,f,f,strict_14_with_grace_period
21,t,3.0,-22.982817069184247,-43.1957117752884,Apartment,Entire home/apt,2,1.0,0.0,1.0,Real Bed,"{TV,""Cable TV"",Internet,Wifi,""Air conditioning"",Kitchen,""Smoking allowed"",Doorman,Elevator,""Buzzer/wireless intercom"",""First aid kit"",""Safety card"",""Fire extinguisher"",Essentials,""translation missing: en.hosting_amenity_49"",""translation missing: en.hosting_amenity_50""}",$152.00,2,$46.00,3,89,134.0,t,f,strict_14_with_grace_period
22,f,1.0,-22.984982857327967,-43.19135454377816,Apartment,Private room,2,1.0,1.0,1.0,Real Bed,"{TV,""Cable TV"",Internet,Wifi,""Air conditioning"",Doorman,Elevator,""Buzzer/wireless intercom"",""Family/kid friendly"",Essentials,""Lock on bedroom door"",Hangers,""Hair dryer"",""Private entrance""}",$113.00,1,$39.00,1,365,79.0,f,f,strict_14_with_grace_period
23,f,10.0,-22.945083234481626,-43.181622711076784,Apartment,Entire home/apt,4,1.0,0.0,2.0,Real Bed,"{TV,""Cable TV"",Wifi,""Air conditioning"",""Wheelchair accessible"",Kitchen,""Pets allowed"",Doorman,Elevator,""Family/kid friendly"",Essentials,Hangers,Iron,""Laptop friendly workspace""}",$171.00,2,$110.00,3,365,70.0,t,f,strict_14_with_grace_period
24,t,5.0,-22.986301307565736,-43.19707824115815,Serviced apartment,Entire home/apt,5,1.0,1.0,4.0,Real Bed,"{TV,""Cable TV"",Internet,Wifi,""Air conditioning"",Pool,Kitchen,""Free parking on premises"",""Paid parking off premises"",Doorman,Elevator,""Buzzer/wireless intercom"",""Family/kid friendly"",Washer,Dryer,""Smoke detector"",""Carbon monoxide detector"",""Safety card"",""Fire extinguisher"",Essentials,Shampoo,""24-hour check-in"",Hangers,""Hair dryer"",Iron,""Laptop friendly workspace"",""Self check-in"",""Building staff"",""Babysitter recommendations"",""Pack ’n Play/travel crib"",""Room-darkening shades"",""Hot water"",""Bed linens"",""Extra pillows and blankets"",""Ethernet connection"",Microwave,""Coffee maker"",Refrigerator,""Dishes and silverware"",""Cooking basics"",Oven,Stove,""Luggage dropoff allowed"",""Long term stays allowed""}",$350.00,2,$19.00,1,420,251.0,t,f,strict_14_with_grace_period
25,f,1.0,-22.98448796128208,-43.23067691137378,Apartment,Private room,2,1.0,1.0,2.0,Pull-out Sofa,"{Wifi,""Free parking on premises"",Doorman,Elevator,""Buzzer/wireless intercom"",""translation missing: en.hosting_amenity_49"",""translation missing: en.hosting_amenity_50""}",$466.00,1,$0.00,2,8,13.0,f,f,strict_14_with_grace_period
26,f,1.0,-22.98490375114116,-43.19538874348203,Apartment,Entire home/apt,2,1.0,1.0,1.0,Real Bed,"{TV,Wifi,""Air conditioning"",""Wheelchair accessible"",Kitchen,Elevator,Heating,""Smoke detector"",Essentials,Hangers,""Hair dryer"",""Laptop friendly workspace"",""Hot water"",""Bed linens"",""Extra pillows and blankets"",Microwave,Refrigerator,""Dishes and silverware"",""Cooking basics"",Oven,Stove,""Single level home"",""Luggage dropoff allowed"",""Long term stays allowed"",""Well-lit path to entrance"",""Host greets you"",""Paid parking on premises""}",$291.00,2,$777.00,2,120,12.0,f,f,strict_14_with_grace_period
27,f,2.0,-22.985087803450085,-43.30055768107104,House,Private room,2,1.0,1.0,1.0,Real Bed,"{TV,Wifi,""Air conditioning"",Pool,""Free parking on premises"",""Smoking allowed"",Doorman,""Pets live on this property"",Dog(s),Washer,Essentials,""Hair dryer"",Iron}",$198.00,2,$0.00,2,120,2.0,f,f,strict_14_with_grace_period
28,f,1.0,-22.98026529884033,-43.19254657523175,Apartment,Entire home/apt,4,1.0,1.0,1.0,Real Bed,"{Internet,Wifi,""Air conditioning"",Kitchen,""Paid parking off premises"",""Smoking allowed"",Doorman,Elevator,""Free street parking"",""Buzzer/wireless intercom"",""Smoke detector"",""Carbon monoxide detector"",""Fire extinguisher"",Essentials,Shampoo,Hangers,""Hair dryer"",Iron,""Laptop friendly workspace"",""translation missing: en.hosting_amenity_49"",""translation missing: en.hosting_amenity_50"",""Self check-in"",""Building staff"",""Pack ’n Play/travel crib"",""Hot water"",""Luggage dropoff allowed"",""Long term stays allowed""}",$120.00,2,$78.00,3,365,130.0,f,f,strict_14_with_grace_period
29,f,8.0,-22.981519259702555,-43.19018479326135,Apartment,Entire home/apt,4,1.0,1.0,1.0,Real Bed,"{TV,""Cable TV"",Internet,Wifi,""Air conditioning"",Kitchen,Doorman,Elevator,Essentials,""24-hour check-in"",Hangers,""Hair dryer"",""Laptop friendly workspace"",""Self check-in"",""Building staff"",""Hot water"",""Long term stays allowed""}",$109.00,2,$30.00,4,1125,5.0,t,f,strict_14_with_grace_period
30,f,1.0,-22.982383750259697,-43.19366318041831,Apartment,Entire home/apt,4,1.0,2.0,2.0,Real Bed,"{TV,""Cable TV"",Internet,Wifi,""Air conditioning"",Pool,Kitchen,Doorman,Elevator,""Buzzer/wireless intercom"",""Family/kid friendly"",Washer,Dryer,""Smoke detector"",""Carbon monoxide detector"",""First aid kit"",""Fire extinguisher"",Essentials,Shampoo,""24-hour check-in"",Hangers,""Hair dryer"",Iron,""Laptop friendly workspace"",""Host greets you""}",$346.00,4,$389.00,5,180,84.0,t,f,strict_14_with_grace_period
31,f,1.0,-22.981187165657264,-43.19372670447496,Apartment,Entire home/apt,12,4.0,4.0,8.0,Real Bed,"{TV,""Cable TV"",Internet,Wifi,""Air conditioning"",""Wheelchair accessible"",Kitchen,""Free parking on premises"",Doorman,Elevator,""Buzzer/wireless intercom"",""Family/kid friendly"",Washer,Hangers,Iron,""Laptop friendly workspace"",""Bed linens"",Microwave,Refrigerator,""Dishes and silverware"",Oven,Stove}",$373.00,6,$79.00,2,365,103.0,t,f,strict_14_with_grace_period
32,t,7.0,-22.928748692491087,-43.19341175995508,Bed and breakfast,Private room,16,5.0,7.0,10.0,Real Bed,"{Internet,Wifi,""Wheelchair accessible"",Pool,Kitchen,""Smoking allowed"",Breakfast,""Pets live on this property"",Cat(s),""Family/kid friendly"",""Suitable for events"",Washer,Dryer,""First aid kit"",Essentials,Hangers,""Hair dryer"",Iron,""Laptop friendly workspace"",""Hot water"",""Bed linens"",""Extra pillows and blankets"",""Luggage dropoff allowed"",""Long term stays allowed"",""Wide doorway"",""Step-free access"",""Wide clearance to bed"",""Step-free access"",""Wide entryway""}",$175.00,2,$44.00,1,30,170.0,f,f,moderate
33,f,1.0,-22.97677505396397,-43.192082152445366,Apartment,Private room,2,1.5,1.0,1.0,Real Bed,"{TV,Internet,Wifi,Kitchen,Elevator,""Family/kid friendly"",Washer}",$198.00,1,$200.00,2,6,5.0,f,f,moderate
34,f,2.0,-22.91788629684083,-43.18059101849662,Villa,Private room,2,1.0,1.0,1.0,Real Bed,"{Wifi,""Air conditioning"",Breakfast,""Pets live on this property"",Dog(s),""Free street parking"",""Buzzer/wireless intercom"",Washer,Dryer,""First aid kit"",Essentials,""Lock on bedroom door"",Hangers,""Hair dryer"",Iron,""Laptop friendly workspace"",""translation missing: en.hosting_amenity_49"",""Private entrance"",""Hot water"",""Luggage dropoff allowed"",""Host greets you""}",$400.00,1,$0.00,2,10,0.0,f,f,strict_14_with_grace_period
35,t,3.0,-22.91431201768764,-43.18884415499858,Apartment,Entire home/apt,2,1.0,1.0,2.0,Real Bed,"{Internet,Wifi,""Air conditioning"",Kitchen,Doorman,Elevator,""Family/kid friendly"",Essentials,""24-hour check-in"",Hangers,""translation missing: en.hosting_amenity_50"",""Self check-in"",Lockbox,""Hot water"",""Long term stays allowed""}",$70.00,2,$50.00,2,365,78.0,t,f,strict_14_with_grace_period
36,f,7.0,-22.9762875012061,-43.23145352664387,Apartment,Entire home/apt,3,1.0,1.0,2.0,Real Bed,"{TV,""Cable TV"",Internet,Wifi,Kitchen,""Free parking on premises"",""Pets allowed"",Doorman,Elevator,""Buzzer/wireless intercom"",""Family/kid friendly"",Washer,Essentials,Hangers,""Hair dryer"",Iron,""translation missing: en.hosting_amenity_50"",""Hot water"",""Bed linens"",""Coffee maker"",Refrigerator,""Dishes and silverware"",""Cooking basics"",Oven,Stove,""Patio or balcony"",""Long term stays allowed"",""Host greets you""}",$140.00,2,$25.00,5,90,20.0,f,f,strict_14_with_grace_period
37,f,2.0,-22.92519429813101,-43.19118336151668,Apartment,Private room,2,2.0,1.0,1.0,Real Bed,"{TV,Internet,Wifi,Kitchen,""Smoking allowed"",""Pets allowed"",""Free street parking"",""Buzzer/wireless intercom"",""Suitable for events"",Washer,""Smoke detector"",""Fire extinguisher"",Essentials,""24-hour check-in"",""Hair dryer"",Iron,""Laptop friendly workspace"",""translation missing: en.hosting_amenity_49"",""translation missing: en.hosting_amenity_50"",""Hot water"",""Host greets you""}",$78.00,1,$43.00,2,60,12.0,t,f,moderate
38,f,4.0,-22.969249062223447,-43.18283457669387,Apartment,Entire home/apt,5,2.0,2.0,3.0,Real Bed,"{TV,""Cable TV"",Internet,Wifi,""Air conditioning"",Kitchen,""Smoking allowed"",Doorman,Elevator,""Buzzer/wireless intercom"",Washer,Essentials,""Hair dryer"",Iron,""Bed linens"",""Extra pillows and blankets""}",$319.00,1,$0.00,3,60,20.0,f,f,strict_14_with_grace_period
39,f,4.0,-22.985487643358088,-43.19294505091868,Apartment,Entire home/apt,2,1.0,1.0,1.0,Futon,"{TV,""Cable TV"",Internet,Wifi,""Air conditioning"",""Wheelchair accessible"",Kitchen,""Paid parking off premises"",""Smoking allowed"",Doorman,Elevator,""Buzzer/wireless intercom"",""Family/kid friendly"",""Fire extinguisher"",Essentials,Shampoo,Hangers,""Hair dryer"",Iron,""Laptop friendly workspace"",""Private entrance"",""High chair"",""Hot water"",""Bed linens"",""Extra pillows and blankets"",""Pocket wifi"",Microwave,""Coffee maker"",Refrigerator,Dishwasher,""Dishes and silverware"",""Cooking basics"",Stove,""Luggage dropoff allowed"",""Long term stays allowed"",""Wide hallway clearance"",""Wide doorway"",""Flat path to front door"",""Well-lit path to entrance"",""Step-free access"",""Wide doorway"",""Wide clearance to bed"",""Accessible-height bed"",""Step-free access"",""Wide doorway"",""Accessible-height toilet"",""Wide clearance to shower, toilet"",""Step-free access"",""Wide entryway"",""Host greets you"",""Handheld shower head""}",$241.00,2,$80.00,2,730,0.0,t,f,strict_14_with_grace_period
40,f,7.0,-22.982697390969506,-43.21908031793641,Apartment,Entire home/apt,4,1.0,1.0,3.0,Real Bed,"{TV,Internet,Wifi,Kitchen,""Paid parking off premises"",Doorman,Elevator,""Buzzer/wireless intercom"",""Family/kid friendly"",""Carbon monoxide detector"",""First aid kit"",""Fire extinguisher"",Essentials,Shampoo,""24-hour check-in"",Hangers,""Hair dryer"",Iron,""Laptop friendly workspace"",""Self check-in"",""Building staff"",""Pack ’n Play/travel crib"",""Hot water"",Microwave,""Coffee maker"",""Dishes and silverware"",""Cooking basics"",Oven,Stove,""BBQ grill"",""Patio or balcony"",""Garden or backyard"",""Luggage dropoff allowed"",""Long term stays allowed"",Waterfront,Beachfront}",$299.00,3,$20.00,2,90,44.0,t,f,strict_14_with_grace_period
41,f,1.0,-22.97352202274484,-43.382417058065634,Apartment,Private room,2,2.0,1.0,2.0,Real Bed,"{TV,""Cable TV"",Internet,Wifi,Pool,Kitchen,""Free parking on premises"",""Smoking allowed"",""Pets allowed"",Doorman,Gym,Elevator,""Indoor fireplace"",""Buzzer/wireless intercom"",""Family/kid friendly"",Washer}",$583.00,1,$194.00,1,90,0.0,f,f,flexible
42,f,1.0,-22.887564336758672,-43.5941334568168,Townhouse,Entire home/apt,8,1.0,2.0,1.0,Real Bed,"{TV,""Cable TV"",Internet,Wifi,""Air conditioning"",Kitchen,""Free parking on premises"",""Smoking allowed"",Doorman,Dog(s),Cat(s),""Free street parking"",""Family/kid friendly"",""Suitable for events"",""First aid kit"",""Safety card"",Essentials,Hangers,Iron,""Laptop friendly workspace"",""Self check-in"",""Building staff"",""Room-darkening shades"",""Hot water"",""Ethernet connection"",""Luggage dropoff allowed""}",$171.00,4,$45.00,1,60,6.0,f,f,strict_14_with_grace_period
43,f,3.0,-22.98386039967817,-43.21383479718011,Apartment,Entire home/apt,2,1.0,1.0,1.0,Real Bed,"{TV,""Cable TV"",Internet,Wifi,""Air conditioning"",Kitchen,""Smoking allowed"",""Pets allowed"",Doorman,""Pets live on this property"",Elevator,""Buzzer/wireless intercom"",""Family/kid friendly"",Essentials,""Host greets you""}",$299.00,1,$0.00,2,90,2.0,f,f,strict_14_with_grace_period
44,f,1.0,-22.94103019897892,-43.17617189796836,Apartment,Private room,2,1.0,1.0,2.0,Real Bed,"{TV,""Cable TV"",Internet,Wifi,""Air conditioning"",""Wheelchair accessible"",Pool,Kitchen,""Free parking on premises"",""Smoking allowed"",""Pets allowed"",Doorman,Gym,Elevator,""Buzzer/wireless intercom"",Heating,""Family/kid friendly"",""Suitable for events"",Washer,Dryer,""Smoke detector"",""Carbon monoxide detector"",""Safety card"",""Fire extinguisher"",Essentials,Shampoo,""24-hour check-in"",Hangers,""Hair dryer"",Iron,""Laptop friendly workspace""}",$427.00,1,$0.00,2,365,38.0,f,f,strict_14_with_grace_period
45,f,7.0,-22.977002291527334,-43.190410197540025,Apartment,Entire home/apt,4,1.0,1.0,1.0,Real Bed,"{TV,""Cable TV"",Internet,Wifi,""Air conditioning"",Kitchen,""Paid parking off premises"",Doorman,Elevator,""Buzzer/wireless intercom"",""Family/kid friendly"",Essentials,Shampoo,""24-hour check-in"",Hangers,""Hair dryer"",Iron,""Laptop friendly workspace"",""Self check-in"",Lockbox,""Pack ’n Play/travel crib"",""Hot water"",""Bed linens"",""Extra pillows and blankets"",""Ethernet connection"",Microwave,""Coffee maker"",""Dishes and silverware"",""Cooking basics"",Oven,Stove,""Long term stays allowed"",""Step-free access"",""Step-free access"",""Step-free access""}",$159.00,3,$30.00,2,89,44.0,t,f,strict_14_with_grace_period
46,f,7.0,-22.97550267771828,-43.18864613001935,Apartment,Entire home/apt,3,1.0,1.0,3.0,Real Bed,"{TV,Internet,Wifi,""Air conditioning"",Kitchen,""Paid parking off premises"",Elevator,""Buzzer/wireless intercom"",""Family/kid friendly"",Essentials,Shampoo,Hangers,""Hair dryer"",Iron,""Laptop friendly workspace"",""Pack ’n Play/travel crib"",""Hot water"",""Bed linens"",Microwave,""Coffee maker"",Refrigerator,""Dishes and silverware"",""Cooking basics"",Oven,Stove,""Long term stays allowed"",Other}",$179.00,2,$20.00,2,89,32.0,t,f,moderate
47,f,3.0,-22.98667861455319,-43.22171052846176,Apartment,Entire home/apt,4,2.0,3.0,3.0,Real Bed,"{TV,""Cable TV"",Internet,Wifi,""Air conditioning"",Kitchen,""Paid parking off premises"",Doorman,""Free street parking"",""Buzzer/wireless intercom"",Washer,""Fire extinguisher"",Essentials,Shampoo,Hangers,Iron,""Laptop friendly workspace"",""translation missing: en.hosting_amenity_50"",""Hot water"",""Luggage dropoff allowed"",""Long term stays allowed"",""Host greets you""}",$486.00,3,$100.00,3,1125,27.0,f,f,strict_14_with_grace_period
48,f,7.0,-22.975492395229985,-43.18836222258928,Apartment,Entire home/apt,4,1.0,1.0,4.0,Real Bed,"{TV,Internet,Wifi,Kitchen,Doorman,Elevator,""Buzzer/wireless intercom"",""Family/kid friendly"",""First aid kit"",Essentials,Shampoo,Hangers,""Hair dryer"",Iron,""Laptop friendly workspace"",""Self check-in"",Lockbox,""Pack ’n Play/travel crib"",""Hot water"",""Long term stays allowed"",""Step-free access"",""Well-lit path to entrance"",""Step-free access"",""Step-free access"",""Step-free access"",Waterfront,Beachfront}",$249.00,3,$30.00,2,90,24.0,t,f,moderate
50,t,2.0,-22.98270039551163,-43.20039925177071,Apartment,Private room,2,1.0,1.0,1.0,Real Bed,"{TV,Wifi,""Air conditioning"",""Wheelchair accessible"",""Paid parking off premises"",""Smoking allowed"",Doorman,Breakfast,Elevator,""Buzzer/wireless intercom"",Washer,""First aid kit"",""Fire extinguisher"",Essentials,""Lock on bedroom door"",""24-hour check-in"",Hangers,""Hair dryer"",Iron,""Laptop friendly workspace"",""translation missing: en.hosting_amenity_49"",""translation missing: en.hosting_amenity_50"",""Hot water"",""Bed linens"",""Extra pillows and blankets"",Microwave,""Coffee maker"",Refrigerator,""Dishes and silverware"",""Luggage dropoff allowed"",""Wide hallway clearance"",""Step-free access"",""Flat path to front door"",""Well-lit path to entrance"",""Step-free access"",""Wide doorway"",""Accessible-height bed"",""Step-free access"",""Bathtub with bath chair"",""Accessible-height toilet"",""Wide clearance to shower, toilet"",""Step-free access"",""Wide entryway"",""Host greets you""}",$152.00,1,$19.00,3,30,155.0,t,f,strict_14_with_grace_period
51,f,11.0,-22.95972744229693,-43.19574682097143,Condominium,Entire home/apt,4,2.0,2.0,3.0,Real Bed,"{TV,""Cable TV"",Wifi,""Air conditioning"",Pool,Kitchen,""Free parking on premises"",Gym,Elevator,""Family/kid friendly"",Washer,Dryer,""Smoke detector"",""Carbon monoxide detector"",""Fire extinguisher"",Essentials,""Lock on bedroom door"",Hangers,Iron,""Laptop friendly workspace"",""Private living room"",""Children’s dinnerware"",""Hot water"",""Bed linens"",""Extra pillows and blankets"",Microwave,""Coffee maker"",Refrigerator,""Dishes and silverware"",""Cooking basics"",Oven,Stove,""Single level home"",""BBQ grill"",""Patio or balcony"",""Garden or backyard"",""Luggage dropoff allowed"",""Long term stays allowed"",""Wide hallway clearance"",""Step-free access"",""Wide doorway"",""Flat path to front door"",""Well-lit path to entrance"",""Step-free access"",""Wide doorway"",""Wide clearance to bed"",""Step-free access"",""Step-free access"",""Wide entryway"",""Host greets you"",""Handheld shower head""}",$299.00,4,$0.00,3,360,20.0,t,f,strict_14_with_grace_period
52,f,2.0,-22.95722818780707,-43.20437819030296,Apartment,Private room,2,1.0,1.0,2.0,Real Bed,"{TV,""Cable TV"",Internet,Wifi,""Air conditioning"",""Wheelchair accessible"",Kitchen,""Free parking on premises"",""Smoking allowed"",Doorman,Breakfast,Elevator,""Buzzer/wireless intercom"",""Family/kid friendly"",Washer,Dryer,""Safety card"",""Fire extinguisher"",Essentials,""Lock on bedroom door"",""24-hour check-in"",Hangers,""Hair dryer"",Iron,""Laptop friendly workspace"",""Hot water"",""Bed linens"",""Extra pillows and blankets"",Microwave,""Coffee maker"",Refrigerator,""Dishes and silverware"",""Cooking basics"",Oven,Stove,""Luggage dropoff allowed"",""Long term stays allowed"",""Wide hallway clearance"",""Step-free access"",""Wide doorway"",""Flat path to front door"",""Step-free access"",""Step-free access"",""Accessible-height toilet"",""Step-free access"",""Wide entryway""}",$155.00,1,$0.00,2,20,4.0,f,f,strict_14_with_grace_period
53,f,8.0,-22.99856376115984,-43.27041738123012,Guest suite,Private room,2,7.0,1.0,2.0,Real Bed,"{Kitchen,""Free parking on premises""}",$82.00,1,$0.00,1,730,0.0,f,f,flexible
54,f,8.0,-22.998934349837604,-43.27047384881165,Hostel,Shared room,12,0.5,1.0,12.0,Real Bed,"{TV,Internet,Wifi,Kitchen}",$78.00,1,$78.00,1,730,1.0,f,f,flexible
55,t,4.0,-22.970487965266138,-43.189227255624246,Apartment,Private room,2,1.0,1.0,2.0,Real Bed,"{TV,""Cable TV"",Internet,Wifi,Kitchen,Doorman,""Pets live on this property"",Dog(s),Elevator,""Buzzer/wireless intercom"",""Family/kid friendly"",Washer,""First aid kit"",""Fire extinguisher"",Essentials,Hangers,""Hair dryer"",Iron,""Self check-in"",""Building staff"",""Host greets you""}",$128.00,1,$20.00,1,730,5.0,f,f,flexible
56,f,5.0,-22.98351098759641,-43.19049914295974,Apartment,Entire home/apt,5,3.0,2.0,4.0,Real Bed,"{TV,""Cable TV"",Internet,Wifi,""Air conditioning"",""Wheelchair accessible"",Kitchen,""Paid parking off premises"",Doorman,Breakfast,Elevator,""Free street parking"",""Buzzer/wireless intercom"",Heating,""Family/kid friendly"",Washer,Dryer,""Smoke detector"",""Carbon monoxide detector"",""Fire extinguisher"",""Hair dryer"",""Self check-in"",""Building staff"",""Hot water""}",$416.00,4,$0.00,7,60,0.0,f,f,strict_14_with_grace_period
57,f,4.0,-23.01159086594512,-43.36925457556047,Apartment,Entire home/apt,4,1.0,1.0,4.0,Real Bed,"{TV,""Cable TV"",Wifi,""Air conditioning"",Pool,Kitchen,""Free parking on premises"",Gym,Elevator,""Free street parking"",""Family/kid friendly"",Washer,Dryer,Essentials,Shampoo,Hangers,""Hair dryer"",Iron,""Laptop friendly workspace"",""Self check-in"",""Building staff"",""Private living room"",Crib,""Room-darkening shades"",""Children’s dinnerware"",""Hot water"",""Bed linens"",""Extra pillows and blankets"",Microwave,""Coffee maker"",Refrigerator,Dishwasher,""Dishes and silverware"",""Cooking basics"",Oven,Stove,""Patio or balcony"",""Beach essentials"",""Luggage dropoff allowed"",""Long term stays allowed"",""Wide hallway clearance"",""Wide doorway"",""Flat path to front door"",""Well-lit path to entrance"",""Disabled parking spot"",""Step-free access"",""Accessible-height bed"",""Step-free access"",""Step-free access"",""Wide entryway"",Waterfront,Beachfront}",$198.00,4,$44.00,3,500,16.0,f,f,moderate
58,f,5.0,-22.945054390760365,-43.18137333983515,Apartment,Private room,4,1.0,1.0,1.0,Real Bed,"{TV,Internet,Wifi,""Air conditioning"",Kitchen,""Smoking allowed"",Doorman,Elevator,Washer}",$109.00,1,$0.00,4,730,0.0,f,f,strict_14_with_grace_period
59,f,8.0,-22.942445168181337,-43.18762773875589,House,Private room,2,1.0,1.0,2.0,Real Bed,"{TV,""Cable TV"",Internet,Wifi,""Air conditioning"",Kitchen,""Free parking on premises"",Breakfast,""Pets live on this property"",Dog(s),""Free street parking"",""Buzzer/wireless intercom"",Washer,Dryer,Essentials,""Lock on bedroom door"",Hangers,""Hair dryer"",Iron,""Laptop friendly workspace"",""translation missing: en.hosting_amenity_49"",""translation missing: en.hosting_amenity_50"",""Hot water"",""Luggage dropoff allowed"",""Long term stays allowed"",""Host greets you""}",$109.00,1,$80.00,7,365,15.0,f,f,strict_14_with_grace_period
60,f,1.0,-23.03091212417868,-43.47327164127425,Bed and breakfast,Private room,4,2.0,1.0,4.0,Real Bed,"{TV,""Cable TV"",Internet,Wifi,Pool,Kitchen,""Free parking on premises"",Doorman,""Pets live on this property"",Dog(s),Washer,Dryer}",$101.00,1,$40.00,1,730,3.0,f,f,moderate
61,t,3.0,-22.91526272818997,-43.18148054665384,Apartment,Entire home/apt,3,1.0,0.0,2.0,Real Bed,"{TV,Internet,Wifi,""Air conditioning"",Kitchen,""Paid parking off premises"",""Smoking allowed"",Doorman,Elevator,""Buzzer/wireless intercom"",""Fire extinguisher"",Essentials,""Hair dryer"",Iron,""translation missing: en.hosting_amenity_49"",""translation missing: en.hosting_amenity_50"",""Hot water"",""Bed linens"",""Extra pillows and blankets"",Microwave,""Coffee maker"",Refrigerator,""Dishes and silverware"",""Cooking basics"",Stove,""Cleaning before checkout"",Other}",$109.00,2,$35.00,2,28,43.0,t,f,moderate
62,t,1.0,-22.98856948559512,-43.22716130962881,Apartment,Entire home/apt,4,1.0,0.0,3.0,Real Bed,"{TV,""Cable TV"",Internet,Wifi,""Air conditioning"",Kitchen,""Free parking on premises"",Doorman,Elevator,""Buzzer/wireless intercom"",Washer,Essentials,Shampoo,""24-hour check-in"",Hangers,""Hair dryer"",Iron,""Laptop friendly workspace"",""Self check-in"",""Building staff"",""Private entrance"",""Room-darkening shades"",""Hot water"",""Bed linens"",""Extra pillows and blankets"",Microwave,""Coffee maker"",Refrigerator,""Dishes and silverware"",""Cooking basics"",Oven,Stove,""Luggage dropoff allowed"",""Long term stays allowed"",Beachfront}",$175.00,2,$66.00,2,1000,64.0,t,f,strict_14_with_grace_period
63,f,8.0,-23.002831818678192,-43.32842381255758,Apartment,Entire home/apt,4,1.0,1.0,1.0,Real Bed,"{TV,""Cable TV"",Internet,Wifi,""Air conditioning"",Pool,Kitchen,""Free parking on premises"",""Pets allowed"",Doorman,Gym,Elevator,""Buzzer/wireless intercom"",Washer,Dryer,Essentials}",$179.00,2,$30.00,2,1125,54.0,t,f,strict_14_with_grace_period
65,f,1.0,-22.90486773236195,-43.20923666801632,Apartment,Private room,2,2.0,1.0,2.0,Real Bed,"{TV,Internet,Wifi,""Wheelchair accessible"",Kitchen,Elevator,Washer,""First aid kit""}",$272.00,1,$0.00,1,730,0.0,f,f,moderate
66,f,2.0,-22.97022586715884,-43.18669961520016,Apartment,Entire home/apt,10,2.0,2.0,4.0,Real Bed,"{TV,Wifi,""Air conditioning"",Kitchen,Elevator,""Family/kid friendly"",Washer,""Smoke detector"",""First aid kit"",""Fire extinguisher"",Essentials,Shampoo,""Babysitter recommendations"",""Room-darkening shades"",Microwave,""Coffee maker"",Refrigerator,""Dishes and silverware"",""Cooking basics"",Oven,Stove,""Patio or balcony"",""Beach essentials"",""Long term stays allowed"",""Wide hallway clearance"",""Wide doorway"",""Flat path to front door"",""Well-lit path to entrance"",""Disabled parking spot"",""Step-free access"",""Wide doorway"",""Wide clearance to bed"",""Accessible-height bed"",""Step-free access"",""Accessible-height toilet"",""Step-free access"",""Wide entryway"",""Handheld shower head""}",$750.00,6,$80.00,3,1125,5.0,f,f,strict_14_with_grace_period
67,f,1.0,-23.00889812652632,-43.43049491016248,Apartment,Entire home/apt,4,1.0,2.0,2.0,Real Bed,"{TV,Internet,""Air conditioning"",""Wheelchair accessible"",Pool,Kitchen,""Free parking on premises"",""Smoking allowed"",Gym,Elevator,""Family/kid friendly"",""Suitable for events"",Washer,""Fire extinguisher"",Essentials,Shampoo,Hangers,Iron,""Hot water"",""Luggage dropoff allowed"",""Long term stays allowed"",""Host greets you""}",$357.00,1,$0.00,4,30,3.0,t,f,strict_14_with_grace_period
68,f,1.0,-22.92248730479137,-43.18858032505165,House,Private room,3,1.0,1.0,2.0,Real Bed,"{TV,Internet,Wifi,""Air conditioning"",""Wheelchair accessible"",""Free parking on premises"",""Smoking allowed"",""Family/kid friendly"",Washer}",$152.00,2,$100.00,1,30,0.0,t,f,flexible
69,t,2.0,-23.011446777435,-43.315749245984975,Apartment,Private room,2,1.0,1.0,2.0,Real Bed,"{""Cable TV"",Wifi,""Air conditioning"",""Wheelchair accessible"",Pool,""Smoking allowed"",""Pets live on this property"",Dog(s),Elevator,""Family/kid friendly"",""Smoke detector"",""First aid kit"",""Fire extinguisher"",Essentials,""Lock on bedroom door"",Hangers,""Hair dryer"",Iron,Bathtub,""Window guards"",Refrigerator,""BBQ grill"",""Patio or balcony""}",$155.00,1,$100.00,2,90,7.0,f,f,strict_14_with_grace_period
70,f,4.0,-22.91831324707884,-43.17850162224593,House,Private room,1,1.0,1.0,1.0,Real Bed,"{Wifi,Pool,Kitchen,""Smoking allowed"",""Pets live on this property"",Cat(s),""Free street parking"",""Family/kid friendly"",Washer,""First aid kit"",""Fire extinguisher"",Essentials,""Lock on bedroom door"",Hangers,""Hair dryer"",Iron,""Laptop friendly workspace"",""Private entrance"",""Hot water"",""Bed linens"",""Extra pillows and blankets"",Microwave,""Coffee maker"",Refrigerator,""Dishes and silverware"",""Cooking basics"",Stove,""Patio or balcony"",""Luggage dropoff allowed"",""Long term stays allowed"",Waterfront}",$47.00,1,$0.00,30,365,1.0,t,f,strict_14_with_grace_period
71,f,1.0,-22.983220437405148,-43.19087057989069,Apartment,Entire home/apt,4,1.0,1.0,2.0,Real Bed,"{TV,""Cable TV"",Internet,Wifi,""Air conditioning"",Kitchen,""Paid parking off premises"",""Smoking allowed"",Doorman,Elevator,""Family/kid friendly"",Hangers,""Hair dryer"",Iron,""Laptop friendly workspace"",""Hot water"",""Long term stays allowed"",""Host greets you""}",$175.00,2,$0.00,3,60,99.0,t,f,strict_14_with_grace_period
72,t,1.0,-22.986445706369015,-43.19724187601189,Apartment,Entire home/apt,8,3.0,4.0,7.0,Real Bed,"{TV,""Cable TV"",Internet,Wifi,""Air conditioning"",Pool,Kitchen,""Free parking on premises"",Doorman,Gym,Elevator,""Buzzer/wireless intercom"",""Family/kid friendly"",Washer,Dryer,""Smoke detector"",""Carbon monoxide detector"",""First aid kit"",""Safety card"",""Fire extinguisher"",Essentials,Shampoo,""24-hour check-in"",Hangers,""Hair dryer"",Iron,""Laptop friendly workspace"",""Self check-in"",Keypad,""High chair"",Crib,""Pack ’n Play/travel crib"",""Room-darkening shades"",""Hot water"",""Bed linens"",""Extra pillows and blankets"",""Ethernet connection"",Microwave,""Coffee maker"",Refrigerator,Dishwasher,""Dishes and silverware"",""Cooking basics"",Oven,Stove,""Patio or balcony"",""Beach essentials"",""Luggage dropoff allowed"",""Long term stays allowed"",""Well-lit path to entrance"",Waterfront,Beachfront,""Handheld shower head""}","$1,166.00",1,$136.00,2,29,109.0,t,f,strict_14_with_grace_period
73,f,1.0,-22.998658188678256,-43.25209894183018,House,Entire home/apt,6,4.0,3.0,4.0,Real Bed,"{TV,Wifi,""Air conditioning"",Pool,Kitchen,""Free parking on premises"",""Smoking allowed"",Washer,Dryer,""Smoke detector"",""Fire extinguisher"",Essentials,Shampoo,""Lock on bedroom door"",Hangers,""Hair dryer"",Iron,""Laptop friendly workspace"",""translation missing: en.hosting_amenity_49"",""translation missing: en.hosting_amenity_50""}","$11,655.00",1,$0.00,7,73560,0.0,t,f,strict_14_with_grace_period
74,f,3.0,-23.008475417844583,-43.42883936105205,Apartment,Private room,2,1.0,1.0,2.0,Real Bed,"{TV,Internet,Wifi,""Wheelchair accessible"",Pool,Kitchen,""Free parking on premises"",""Smoking allowed"",Doorman,Gym,Elevator,""Buzzer/wireless intercom"",Washer,""Fire extinguisher"",Essentials,""Lock on bedroom door"",""24-hour check-in"",Hangers,""Hair dryer"",Iron,""Laptop friendly workspace"",""Self check-in"",""Building staff"",""Private entrance"",""Hot water"",Microwave,""Coffee maker"",Refrigerator,""Dishes and silverware"",""Cooking basics"",Oven,Stove,""BBQ grill"",""Beach essentials"",""Luggage dropoff allowed"",""Long term stays allowed"",""Cleaning before checkout"",""Wide doorway"",""Flat path to front door"",""Well-lit path to entrance"",""Disabled parking spot"",""Step-free access"",""Wide doorway"",""Wide clearance to bed"",""Accessible-height bed"",""Step-free access"",""Accessible-height toilet"",""Step-free access"",""Wide entryway"",Beachfront}",$198.00,1,$0.00,2,90,0.0,f,f,flexible
75,f,7.0,-23.012992301808467,-43.43739360054048,Bed and breakfast,Private room,3,1.0,1.0,2.0,Real Bed,"{TV,""Cable TV"",Internet,Wifi,""Air conditioning"",Pool,Kitchen,""Free parking on premises"",""Smoking allowed"",Doorman,Breakfast,""Pets live on this property"",Dog(s),""Family/kid friendly"",""Suitable for events"",Washer,""24-hour check-in"",Hangers,Iron,""Laptop friendly workspace""}",$140.00,1,$85.00,1,365,52.0,f,f,strict_14_with_grace_period
76,f,3.0,-22.987892592075585,-43.31698127552093,Bed and breakfast,Private room,2,1.0,1.0,1.0,Real Bed,"{TV,""Wheelchair accessible"",""Free parking on premises"",Breakfast,""Pets live on this property"",Dog(s),Cat(s),Essentials,""Lock on bedroom door"",Hangers,""Laptop friendly workspace"",""Private living room"",""Hot water"",""Bed linens"",""Extra pillows and blankets"",""Patio or balcony"",""Garden or backyard"",""Beach essentials""}",$987.00,2,$200.00,2,20,0.0,t,f,moderate
77,f,5.0,-22.915806722943746,-43.191811520486425,House,Private room,2,0.0,1.0,1.0,Real Bed,"{""Cable TV"",Wifi,Kitchen,""Paid parking off premises"",Essentials,""Lock on bedroom door"",""Host greets you""}",$51.00,1,$30.00,2,10,6.0,f,f,moderate
78,f,1.0,-22.90903738101952,-43.18943233696957,Apartment,Private room,2,1.0,1.0,1.0,Real Bed,"{TV,Wifi,Kitchen,Doorman,Breakfast,""Pets live on this property"",Cat(s),Elevator,""Buzzer/wireless intercom"",Washer,Dryer}",$152.00,1,$80.00,2,730,0.0,f,f,strict_14_with_grace_period
79,f,4.0,-22.96453856976889,-43.177614514417535,Apartment,Private room,1,1.0,1.0,1.0,Real Bed,"{TV,""Wheelchair accessible"",Doorman,Elevator,""Buzzer/wireless intercom"",""Family/kid friendly""}",$369.00,4,$16.00,1,730,0.0,f,f,flexible
80,f,2.0,-22.902841108842694,-43.222474674972936,Apartment,Private room,2,1.0,1.0,1.0,Pull-out Sofa,"{TV,Internet,Wifi,""Air conditioning"",Kitchen,Doorman,Elevator,""Buzzer/wireless intercom"",""Family/kid friendly"",Shampoo}",$583.00,1,$233.00,1,365,2.0,f,f,strict_14_with_grace_period
81,f,1.0,-22.97000440296209,-43.188228005270574,Apartment,Entire home/apt,2,1.0,1.0,1.0,Pull-out Sofa,"{TV,""Cable TV"",Internet,Wifi,""Air conditioning"",Kitchen,Doorman,Elevator,""Buzzer/wireless intercom"",Heating,""Family/kid friendly"",Essentials,Shampoo,""24-hour check-in"",Hangers,""Hair dryer"",""Laptop friendly workspace""}",$303.00,1,$0.00,2,31,73.0,t,f,strict_14_with_grace_period
82,f,2.0,-22.98096423450232,-43.237176832846174,Apartment,Private room,3,2.0,1.0,1.0,Real Bed,"{TV,Wifi,Kitchen,""Smoking allowed"",""Pets allowed"",""Free street parking"",""Family/kid friendly"",""First aid kit"",Essentials,Shampoo,""Lock on bedroom door"",Hangers,""Hair dryer"",Iron,""Self check-in"",Lockbox,""Hot water"",""Bed linens"",""Dishes and silverware"",""Cooking basics"",Oven,Stove,""Luggage dropoff allowed"",""Long term stays allowed""}",$101.00,2,$50.00,1,365,5.0,t,f,flexible
83,f,1.0,-22.957099818495266,-43.19578824248835,Apartment,Entire home/apt,2,1.0,1.0,1.0,Real Bed,"{Internet,Wifi,""Air conditioning"",Kitchen,""Smoking allowed"",""Buzzer/wireless intercom"",Washer}",$117.00,1,$80.00,30,120,1.0,f,f,strict_14_with_grace_period
85,t,2.0,-22.89228033216987,-43.35647839203197,House,Private room,2,1.0,1.0,1.0,Real Bed,"{TV,Wifi,""Air conditioning"",Kitchen,""Paid parking off premises"",Dog(s),""Free street parking"",""Family/kid friendly"",Washer,Essentials,Shampoo,""Lock on bedroom door"",Hangers,""Hair dryer"",Iron,""Laptop friendly workspace"",""translation missing: en.hosting_amenity_50"",""Room-darkening shades"",""Hot water"",""Bed linens"",""Extra pillows and blankets"",""Ethernet connection"",""Coffee maker"",Refrigerator,""Dishes and silverware"",""Cooking basics"",Oven,Stove,""Luggage dropoff allowed"",""Long term stays allowed"",""Well-lit path to entrance"",""Host greets you""}",$120.00,1,$20.00,1,365,4.0,t,f,moderate
86,f,1.0,-22.9752917718976,-43.18853661141843,Apartment,Entire home/apt,4,1.0,1.0,1.0,Real Bed,"{TV,Wifi,""Air conditioning"",Kitchen,""Paid parking off premises"",Elevator,Essentials,Hangers,Iron,""Laptop friendly workspace"",""Self check-in"",""Building staff"",""Hot water"",""Luggage dropoff allowed"",""Long term stays allowed""}",$198.00,1,$0.00,3,720,1.0,t,f,flexible
87,f,2.0,-22.96994702087769,-43.188788076595344,Condominium,Entire home/apt,4,2.0,2.0,2.0,Real Bed,"{TV,""Cable TV"",Internet,Wifi,""Air conditioning"",Kitchen,""Smoking allowed"",Doorman,Elevator,""Free street parking"",""Hot tub"",""Buzzer/wireless intercom"",""Family/kid friendly"",Washer,""Fire extinguisher"",Essentials,Shampoo,Hangers,""Hair dryer"",Iron,""Laptop friendly workspace"",""Hot water"",""Long term stays allowed"",""Host greets you""}",$315.00,2,$0.00,2,270,9.0,f,f,strict_14_with_grace_period
88,f,1.0,-22.93692918315073,-43.19098433088751,Apartment,Private room,1,2.0,1.0,2.0,Real Bed,"{Internet,Wifi,Kitchen,Doorman,""Pets live on this property"",Cat(s),""Free street parking"",""Buzzer/wireless intercom"",Washer,Essentials,""Lock on bedroom door"",""24-hour check-in"",""Laptop friendly workspace"",""Private entrance"",Refrigerator,""Well-lit path to entrance"",""Host greets you""}",$78.00,1,$93.00,1,45,5.0,f,f,moderate
89,f,2.0,-22.91548771298451,-43.22626229805049,House,Private room,3,1.0,1.0,3.0,Real Bed,"{TV,""Cable TV"",Internet,Wifi,""Air conditioning"",Kitchen,""Buzzer/wireless intercom"",""Family/kid friendly"",Washer,Essentials,""translation missing: en.hosting_amenity_50""}",$299.00,1,$50.00,1,730,1.0,f,f,flexible
90,f,1.0,-22.94485039003764,-43.19149289637024,Apartment,Entire home/apt,4,2.0,2.0,4.0,Real Bed,"{Internet,Wifi,""Wheelchair accessible"",Kitchen,""Smoking allowed"",""Pets allowed"",Doorman,Elevator,""Buzzer/wireless intercom"",Washer,""Fire extinguisher"",Essentials}",$120.00,1,$150.00,2,30,0.0,f,f,flexible
91,f,1.0,-22.919164568362326,-43.17930722892988,Apartment,Private room,1,1.0,1.0,1.0,Real Bed,"{TV,Internet,Wifi,Pool,Kitchen,Doorman,Gym,Breakfast,""Pets live on this property"",Dog(s),Elevator,""Buzzer/wireless intercom"",""Suitable for events"",Washer,""Smoke detector"",""Fire extinguisher"",Essentials,Shampoo,Hangers,Iron,""translation missing: en.hosting_amenity_49"",""translation missing: en.hosting_amenity_50""}",$89.00,1,$0.00,3,1125,25.0,f,f,strict_14_with_grace_period
92,f,2.0,-22.919491198854505,-43.22557608265069,Apartment,Private room,2,1.0,1.0,1.0,Real Bed,"{TV,Internet,Wifi,""Air conditioning"",Kitchen,""Paid parking off premises"",""Free street parking"",""Buzzer/wireless intercom"",""Family/kid friendly"",Washer,""Smoke detector"",""Carbon monoxide detector"",""Fire extinguisher"",Essentials,Shampoo,""Lock on bedroom door"",""24-hour check-in"",Hangers,Iron,""Laptop friendly workspace"",""translation missing: en.hosting_amenity_50"",""Hot water"",""Host greets you""}",$97.00,1,$39.00,1,180,2.0,f,f,flexible
93,t,6.0,-22.913507650036355,-43.1812470817139,Apartment,Entire home/apt,4,1.0,1.0,2.0,Real Bed,"{Internet,Wifi,""Air conditioning"",Kitchen,""Paid parking off premises"",""Smoking allowed"",Doorman,Elevator,""Free street parking"",""Buzzer/wireless intercom"",""Family/kid friendly"",Washer,Essentials,""24-hour check-in"",Hangers,""Laptop friendly workspace"",""translation missing: en.hosting_amenity_50"",""Self check-in"",""Building staff"",""Hot water"",Microwave,""Coffee maker"",Refrigerator,""Dishes and silverware"",""Cooking basics"",Oven,Stove,""Patio or balcony"",""Step-free access"",""Wide doorway"",""Wide clearance to bed"",""Step-free access""}",$152.00,2,$50.00,2,365,227.0,t,f,strict_14_with_grace_period
94,f,10.0,-22.98345232580772,-43.22019813180765,Apartment,Entire home/apt,5,2.0,2.0,3.0,Real Bed,"{TV,""Cable TV"",Internet,Wifi,""Air conditioning"",""Wheelchair accessible"",Kitchen,""Free parking on premises"",Doorman,Elevator,""Buzzer/wireless intercom"",Washer,Dryer,Essentials,Hangers,""Hair dryer"",Iron,""Laptop friendly workspace"",""translation missing: en.hosting_amenity_49"",""translation missing: en.hosting_amenity_50"",""Pack ’n Play/travel crib"",""Hot water"",""Luggage dropoff allowed"",""Long term stays allowed"",""Host greets you""}",$591.00,2,$0.00,3,120,12.0,f,f,strict_14_with_grace_period
95,t,1.0,-22.980015225107746,-43.22371218359892,Apartment,Entire home/apt,4,1.0,2.0,3.0,Pull-out Sofa,"{TV,""Cable TV"",Wifi,""Air conditioning"",Kitchen,""Smoking allowed"",""Family/kid friendly"",Washer,Essentials,""Lock on bedroom door"",Hangers,""Laptop friendly workspace"",""translation missing: en.hosting_amenity_50"",""Hot water"",""Bed linens"",""Extra pillows and blankets"",Microwave,""Coffee maker"",Refrigerator,""Dishes and silverware"",""Cooking basics"",Oven,Stove,""Patio or balcony"",""Long term stays allowed"",""Host greets you""}",$245.00,2,$0.00,3,1125,16.0,f,f,flexible
96,f,1.0,-22.971933039943607,-43.2035923434654,Apartment,Entire home/apt,4,2.0,2.0,2.0,Real Bed,"{TV,""Cable TV"",Internet,Wifi,""Air conditioning"",Pool,Kitchen,""Free parking on premises"",Doorman,Gym,Elevator,""Hot tub"",""Buzzer/wireless intercom"",Washer,Dryer}","$1,943.00",1,$0.00,21,365,0.0,f,f,strict_14_with_grace_period
98,f,2.0,-22.9539422468228,-43.17405663652501,Loft,Entire home/apt,4,2.0,2.0,2.0,Real Bed,"{TV,""Cable TV"",Internet,Wifi,""Air conditioning"",Kitchen,""Free parking on premises"",""Smoking allowed"",""Pets allowed"",Doorman,Elevator,""Buzzer/wireless intercom"",""Family/kid friendly"",""Suitable for events"",Washer,Dryer,""Children’s books and toys"",Waterfront}","$1,554.00",2,$194.00,3,367,17.0,f,f,strict_14_with_grace_period
99,f,1.0,-22.98219611984617,-43.189601555833846,Apartment,Entire home/apt,2,2.0,1.0,3.0,Real Bed,"{TV,""Cable TV"",Internet,Wifi,""Air conditioning"",Kitchen,""Paid parking off premises"",""Smoking allowed"",Doorman,Elevator,""Buzzer/wireless intercom"",""Family/kid friendly"",Washer,Dryer,Essentials,Shampoo,""24-hour check-in"",""Hair dryer"",Iron,""Private entrance"",""Hot water"",""Host greets you""}",$132.00,1,$0.00,6,365,66.0,t,f,moderate
100,f,1.0,-22.903452962504907,-43.24252945050066,Apartment,Private room,2,2.0,1.0,2.0,Real Bed,"{TV,""Cable TV"",Internet,Wifi,Kitchen,Doorman,Breakfast,""Pets live on this property"",Cat(s),Elevator,""Buzzer/wireless intercom""}",$198.00,1,$190.00,1,10,0.0,f,f,strict_14_with_grace_period
101,f,1.0,-22.92590836340108,-43.18032612408575,Apartment,Shared room,2,1.0,1.0,1.0,Real Bed,"{TV,Doorman,Elevator}",$777.00,1,$0.00,2,5,0.0,f,f,flexible
102,f,1.0,-22.92904224452025,-43.561201974506496,House,Entire home/apt,8,1.0,1.0,1.0,Real Bed,"{TV,""Cable TV"",Internet,""Air conditioning"",Kitchen,""Free parking on premises"",""Pets allowed"",Breakfast,""Family/kid friendly""}",$198.00,1,$50.00,2,60,0.0,f,f,moderate
103,t,3.0,-22.96099058959331,-43.19933504993541,House,Private room,2,1.0,1.0,1.0,Real Bed,"{TV,""Cable TV"",Internet,Wifi,""Air conditioning"",Pool,Kitchen,""Free street parking"",""Family/kid friendly"",Washer,""First aid kit"",Essentials,""Lock on bedroom door"",Hangers,""Hair dryer"",Iron,""Laptop friendly workspace"",""Hot water"",""Bed linens"",""Extra pillows and blankets"",Microwave,""Coffee maker"",Refrigerator,""Dishes and silverware"",""Cooking basics"",Oven,Stove,""Patio or balcony"",""Garden or backyard"",""Luggage dropoff allowed"",""Long term stays allowed"",""Wide hallway clearance"",""Wide doorway"",""Host greets you"",Waterfront}",$194.00,2,$0.00,3,365,66.0,t,f,moderate
104,f,3.0,-22.80939938208928,-43.18193993470328,House,Private room,6,4.0,3.0,2.0,Real Bed,"{TV,""Cable TV"",Internet,Wifi,""Air conditioning"",Pool,Kitchen,Breakfast,""Pets live on this property"",Dog(s),Cat(s),""Free street parking"",""Buzzer/wireless intercom"",""Family/kid friendly"",Washer,Dryer,Essentials,Shampoo,""Lock on bedroom door"",Hangers,""Hair dryer"",Iron,""Laptop friendly workspace"",""Hot water"",""Luggage dropoff allowed"",""Long term stays allowed"",""Host greets you""}",$272.00,2,$101.00,2,365,3.0,t,f,strict_14_with_grace_period
105,f,3.0,-22.81166188792924,-43.18182389934622,House,Private room,2,1.0,1.0,1.0,Real Bed,"{TV,Internet,""Air conditioning"",Pool,Kitchen,Breakfast,""Pets live on this property"",Dog(s),Cat(s),""Buzzer/wireless intercom"",""Family/kid friendly"",Washer,Dryer}",$272.00,1,$101.00,2,730,0.0,f,f,strict_14_with_grace_period
106,f,1.0,-23.067748289041287,-43.56664427145989,House,Shared room,1,0.0,1.0,1.0,Real Bed,{},$117.00,1,$0.00,1,730,0.0,f,f,flexible
107,f,1.0,-23.01768889952756,-43.47226645273475,Apartment,Entire home/apt,6,3.0,3.0,3.0,Real Bed,"{TV,""Cable TV"",Wifi,""Air conditioning"",Pool,Kitchen,""Free parking on premises"",Elevator,""Family/kid friendly"",Washer,""Fire extinguisher"",Essentials,""Lock on bedroom door"",Hangers,""Hair dryer"",Iron,""Laptop friendly workspace"",""Hot water"",""Bed linens"",""Extra pillows and blankets"",""Pocket wifi"",Microwave,Refrigerator,Dishwasher,""Dishes and silverware"",""Cooking basics"",Oven,Stove,""BBQ grill"",""Patio or balcony"",""Garden or backyard"",""Luggage dropoff allowed"",""Long term stays allowed"",""Cleaning before checkout"",""Wide hallway clearance"",""Wide doorway"",""Well-lit path to entrance"",""Step-free access"",""Wide doorway"",""Accessible-height bed"",""Step-free access"",""Wide doorway"",""Step-free access"",""Wide entryway"",""Host greets you"",""Handheld shower head""}",$299.00,1,$0.00,4,30,2.0,f,f,moderate
108,f,1.0,-22.97303610392149,-43.41490351987193,Earth house,Entire home/apt,4,1.0,1.0,2.0,Real Bed,"{TV,Wifi,""Air conditioning"",Pool,Kitchen,""Free parking on premises"",Elevator,Heating,""Family/kid friendly"",Washer,""Smoke detector"",""Fire extinguisher"",Essentials,Shampoo,""Lock on bedroom door"",Hangers,Iron,""Laptop friendly workspace""}",$144.00,1,$0.00,1,730,0.0,f,f,flexible
109,f,4.0,-22.964030352587518,-43.40828552299928,House,Private room,9,1.5,3.0,5.0,Real Bed,"{TV,Internet,Wifi,""Air conditioning"",Pool,""Free parking on premises"",""Smoking allowed"",Breakfast,""Pets live on this property"",Dog(s),""Buzzer/wireless intercom"",""Family/kid friendly"",""Suitable for events"",Washer,Essentials,Shampoo,""24-hour check-in"",Hangers,""Hair dryer"",Iron,""Laptop friendly workspace""}",$140.00,1,$99.00,2,90,4.0,f,f,moderate
110,t,3.0,-22.975345702755043,-43.19123675839346,Apartment,Entire home/apt,3,1.5,1.0,2.0,Real Bed,"{TV,""Cable TV"",Internet,Wifi,""Air conditioning"",Kitchen,""Paid parking off premises"",Doorman,Elevator,""Buzzer/wireless intercom"",""Family/kid friendly"",Washer,""Smoke detector"",""Fire extinguisher"",Essentials,Shampoo,Hangers,""Hair dryer"",Iron,""Laptop friendly workspace"",""Self check-in"",Lockbox,""Building staff"",""Window guards"",""Pack ’n Play/travel crib"",""Hot water"",""Long term stays allowed""}",$233.00,2,$60.00,4,400,45.0,f,f,strict_14_with_grace_period
112,t,10.0,-22.97936532816185,-43.191574636755774,Apartment,Entire home/apt,3,1.0,0.0,1.0,Real Bed,"{TV,""Cable TV"",Wifi,""Air conditioning"",Kitchen,Elevator,""Family/kid friendly"",""Fire extinguisher"",Essentials,Hangers,""Hair dryer"",Iron,""Laptop friendly workspace"",""Babysitter recommendations"",""Room-darkening shades"",""Hot water"",""Bed linens"",""Extra pillows and blankets"",""Ethernet connection"",""Pocket wifi"",Microwave,""Coffee maker"",Refrigerator,""Dishes and silverware"",""Cooking basics"",Oven,Stove,""Long term stays allowed"",""Host greets you"",""Paid parking on premises""}",$105.00,2,$30.00,2,180,59.0,f,f,flexible
113,f,1.0,-22.982493444709505,-43.19221811268892,Apartment,Private room,2,1.0,1.0,2.0,Real Bed,"{TV,""Cable TV"",Wifi,""Air conditioning"",Kitchen,""Smoking allowed"",Doorman,Elevator,""Buzzer/wireless intercom"",""Family/kid friendly"",Washer,Essentials,Shampoo,""Lock on bedroom door"",Hangers,Iron,""translation missing: en.hosting_amenity_50"",""Hot water"",""Bed linens"",""Extra pillows and blankets"",Microwave,""Coffee maker"",Refrigerator,""Dishes and silverware"",""Cooking basics"",Oven,Stove,""Patio or balcony"",""Host greets you""}",$117.00,2,$50.00,5,15,10.0,f,f,moderate
114,f,1.0,-22.96655649879661,-43.185751504933,Apartment,Entire home/apt,4,1.0,0.0,3.0,Pull-out Sofa,"{TV,""Cable TV"",Internet,Wifi,""Air conditioning"",Kitchen,""Smoking allowed"",""Pets allowed"",Doorman,Elevator,""Buzzer/wireless intercom"",""Family/kid friendly"",Essentials,Hangers,Iron}",$171.00,1,$100.00,3,180,0.0,f,f,strict_14_with_grace_period
115,t,10.0,-22.986461392722862,-43.19355122163183,Apartment,Entire home/apt,5,1.0,1.0,1.0,Real Bed,"{TV,""Cable TV"",Wifi,""Air conditioning"",Kitchen,""Family/kid friendly"",Washer,""Fire extinguisher"",Essentials,""Lock on bedroom door"",Hangers,""Hair dryer"",Iron,""Laptop friendly workspace"",""Private living room"",""Room-darkening shades"",""Hot water"",""Bed linens"",""Extra pillows and blankets"",""Ethernet connection"",""Pocket wifi"",Microwave,""Coffee maker"",Refrigerator,""Dishes and silverware"",""Cooking basics"",Stove,""Garden or backyard"",""Long term stays allowed"",""Wide clearance to bed"",""Accessible-height bed"",""Host greets you"",""Paid parking on premises""}",$136.00,3,$50.00,2,180,41.0,f,f,moderate
117,t,10.0,-22.97702085851378,-43.1886665064888,Apartment,Entire home/apt,3,1.0,0.0,1.0,Real Bed,"{TV,Wifi,""Air conditioning"",Kitchen,""Paid parking off premises"",Elevator,""Family/kid friendly"",Washer,""Fire extinguisher"",Essentials,""Lock on bedroom door"",Hangers,""Hair dryer"",Iron,""Laptop friendly workspace"",""Room-darkening shades"",""Hot water"",""Bed linens"",""Extra pillows and blankets"",""Ethernet connection"",""Pocket wifi"",Microwave,""Coffee maker"",Refrigerator,""Dishes and silverware"",""Cooking basics"",Oven,Stove,""Single level home"",""Long term stays allowed"",""Wide hallway clearance"",""Step-free access"",""Wide doorway"",""Flat path to front door"",""Well-lit path to entrance"",""Step-free access"",""Accessible-height bed"",""Step-free access"",""Step-free access"",""Host greets you""}",$117.00,2,$0.00,2,180,51.0,f,f,flexible
118,t,10.0,-22.971647796801715,-43.188430138942486,Apartment,Entire home/apt,4,1.0,0.0,1.0,Real Bed,"{TV,""Cable TV"",Wifi,""Air conditioning"",Kitchen,""Pets allowed"",Elevator,""Family/kid friendly"",""Fire extinguisher"",Essentials,Hangers,""Hair dryer"",Iron,""Laptop friendly workspace"",""Hot water"",""Bed linens"",""Extra pillows and blankets"",""Ethernet connection"",""Pocket wifi"",Microwave,""Coffee maker"",Refrigerator,""Dishes and silverware"",""Cooking basics"",Oven,Stove,""Wide hallway clearance"",""Step-free access"",""Wide doorway"",""Well-lit path to entrance"",""Step-free access"",""Step-free access"",""Host greets you"",""Paid parking on premises""}",$113.00,3,$45.00,2,180,81.0,f,f,moderate
119,f,1.0,-22.994423264599547,-43.235439545190246,Apartment,Entire home/apt,2,1.0,1.0,1.0,Real Bed,"{""Cable TV"",Internet,Wifi,""Air conditioning"",Kitchen,Doorman,""Buzzer/wireless intercom"",Washer,""24-hour check-in""}",$299.00,2,$233.00,3,30,1.0,t,f,strict_14_with_grace_period
120,t,10.0,-22.98018940239491,-43.19339204911591,Apartment,Entire home/apt,3,1.0,1.0,1.0,Real Bed,"{TV,Wifi,""Air conditioning"",Kitchen,Elevator,""Family/kid friendly"",""Fire extinguisher"",Essentials,Hangers,""Hair dryer"",Iron,""Laptop friendly workspace"",""Private living room"",""Babysitter recommendations"",""Room-darkening shades"",""Hot water"",""Bed linens"",""Extra pillows and blankets"",""Ethernet connection"",""Pocket wifi"",Microwave,""Coffee maker"",Refrigerator,""Dishes and silverware"",""Cooking basics"",Oven,Stove,""Luggage dropoff allowed"",""Long term stays allowed"",""Wide hallway clearance"",""Step-free access"",""Well-lit path to entrance"",""Step-free access"",""Host greets you"",""Paid parking on premises""}",$89.00,2,$25.00,2,180,62.0,f,f,flexible
121,t,3.0,-22.96260056567852,-43.17704313584854,Apartment,Entire home/apt,2,1.0,1.0,1.0,Real Bed,"{TV,""Cable TV"",Internet,Wifi,""Air conditioning"",Kitchen,Doorman,Elevator,""Buzzer/wireless intercom"",Essentials,""translation missing: en.hosting_amenity_49"",""translation missing: en.hosting_amenity_50""}",$101.00,1,$0.00,3,28,41.0,f,f,strict_14_with_grace_period
122,f,2.0,-22.96482831277608,-43.17911197552106,Apartment,Entire home/apt,4,1.0,1.0,1.0,Real Bed,"{TV,""Air conditioning"",Kitchen,""Smoking allowed"",""Pets allowed"",Doorman,Elevator,""Buzzer/wireless intercom"",""Family/kid friendly""}",$152.00,1,$0.00,3,730,0.0,f,f,flexible
123,t,2.0,-22.97964486575173,-43.19210232619778,Apartment,Entire home/apt,5,1.5,2.0,2.0,Real Bed,"{TV,""Cable TV"",Internet,Wifi,""Air conditioning"",Kitchen,""Paid parking off premises"",Doorman,Elevator,""Buzzer/wireless intercom"",""Family/kid friendly"",""Smoke detector"",""Carbon monoxide detector"",""First aid kit"",""Safety card"",""Fire extinguisher"",Essentials,Shampoo,""24-hour check-in"",Hangers,""Hair dryer"",Iron,""Laptop friendly workspace"",""Pack ’n Play/travel crib"",""Room-darkening shades"",""Hot water"",""Bed linens"",""Extra pillows and blankets"",""Ethernet connection"",Microwave,""Coffee maker"",Refrigerator,""Dishes and silverware"",""Cooking basics"",Stove,""Patio or balcony"",""Luggage dropoff allowed"",""Long term stays allowed"",""Host greets you""}",$447.00,4,$78.00,3,95,153.0,t,f,moderate
124,f,2.0,-22.921676100199534,-43.180668280857695,Apartment,Entire home/apt,3,1.0,1.0,2.0,Real Bed,"{Wifi,""Air conditioning"",Kitchen,""Paid parking off premises"",Elevator,""Free street parking"",Washer,""Smoke detector"",""Carbon monoxide detector"",Essentials,Shampoo,Hangers,""Hair dryer"",Iron,""Laptop friendly workspace"",""Room-darkening shades"",""Hot water"",""Bed linens"",""Extra pillows and blankets"",Microwave,""Coffee maker"",Refrigerator,""Dishes and silverware"",""Cooking basics"",Oven,Stove,""Luggage dropoff allowed"",""Long term stays allowed""}",$144.00,3,$85.00,3,120,7.0,f,f,moderate
125,f,1.0,-22.98499246626816,-43.190982508016575,Apartment,Entire home/apt,8,2.0,3.0,4.0,Real Bed,"{TV,""Cable TV"",Internet,Wifi,""Air conditioning"",""Wheelchair accessible"",Pool,Kitchen,""Free parking on premises"",""Smoking allowed"",""Pets allowed"",Doorman,Elevator,""Buzzer/wireless intercom"",""Family/kid friendly"",""Suitable for events"",Washer,""Smoke detector"",""Carbon monoxide detector"",""First aid kit"",""Safety card"",""Fire extinguisher"",Essentials,Shampoo,""24-hour check-in"",Hangers,""Hair dryer"",Iron,""Laptop friendly workspace"",""Self check-in"",Keypad,""Hot water"",""Bed linens"",""Extra pillows and blankets"",Microwave,""Coffee maker"",Refrigerator,""Dishes and silverware"",""Cooking basics"",Oven,Stove,""Patio or balcony"",""Luggage dropoff allowed"",""Long term stays allowed"",Beachfront}",$660.00,6,$132.00,1,30,125.0,f,f,strict_14_with_grace_period
126,f,2.0,-22.81547121901555,-43.17935739458103,House,Entire home/apt,4,1.0,2.0,4.0,Real Bed,"{TV,""Cable TV"",Wifi,Pool,Kitchen,Breakfast,""Pets live on this property"",Dog(s),Washer,Essentials,Shampoo,Hangers,Iron,""Laptop friendly workspace"",""Hot water"",""Bed linens"",""Extra pillows and blankets"",Microwave,Refrigerator,""Dishes and silverware"",""Cooking basics"",Stove,""Single level home"",""BBQ grill"",""Patio or balcony"",""Garden or backyard"",""Long term stays allowed"",""Wide hallway clearance"",""Wide doorway"",""Flat path to front door"",""Well-lit path to entrance"",""Step-free access"",""Wide doorway"",""Wide clearance to bed"",""Accessible-height bed"",""Step-free access"",""Bathtub with bath chair"",""Wide clearance to shower, toilet""}",$101.00,1,$0.00,3,730,0.0,f,f,flexible
127,f,4.0,-22.97984794399469,-43.19189190487076,Apartment,Private room,2,1.0,1.0,1.0,Real Bed,"{TV,""Cable TV"",Internet,Wifi,""Air conditioning"",Kitchen,""Smoking allowed"",Doorman,Elevator,""Hot tub"",Heating,Washer,Dryer,""Smoke detector"",""Carbon monoxide detector"",""First aid kit"",""Safety card"",""Fire extinguisher"",Essentials,Shampoo,""Lock on bedroom door"",""24-hour check-in"",Hangers,""Hair dryer"",""Laptop friendly workspace"",""Host greets you""}",$183.00,1,$19.00,3,90,86.0,f,f,strict_14_with_grace_period
128,f,4.0,-22.97816474237171,-43.191000431729975,Apartment,Entire home/apt,2,1.0,1.0,1.0,Real Bed,"{TV,""Cable TV"",Internet,Wifi,""Air conditioning"",Doorman,Elevator,Washer,Dryer,""Smoke detector"",""Carbon monoxide detector"",""First aid kit"",""Safety card"",""Fire extinguisher"",Essentials,Shampoo,""Lock on bedroom door"",""24-hour check-in"",Hangers,""Hair dryer"",Iron,""Laptop friendly workspace"",""Hot water"",""Luggage dropoff allowed"",Other}",$190.00,1,$19.00,3,90,72.0,f,f,strict_14_with_grace_period
129,f,1.0,-22.985035297671,-43.18921516955442,Apartment,Entire home/apt,6,2.0,3.0,8.0,Real Bed,"{TV,""Cable TV"",Internet,Wifi,""Air conditioning"",Kitchen,""Free parking on premises"",""Paid parking off premises"",""Smoking allowed"",Doorman,Elevator,""Buzzer/wireless intercom"",""Family/kid friendly"",""Suitable for events"",Washer,""Safety card"",""Fire extinguisher"",Essentials,""Hot water"",""Host greets you""}","$2,448.00",6,$194.00,3,365,17.0,f,f,strict_14_with_grace_period
130,f,2.0,-22.984736802903484,-43.19081052139676,Apartment,Entire home/apt,6,2.0,2.0,6.0,Real Bed,"{TV,""Cable TV"",Internet,Wifi,""Air conditioning"",Kitchen,""Paid parking off premises"",Doorman,Elevator,""Buzzer/wireless intercom"",""Family/kid friendly"",Washer,Dryer,""Smoke detector"",""First aid kit"",""Fire extinguisher"",Essentials,""24-hour check-in"",Hangers,""Hair dryer"",Iron,""Laptop friendly workspace"",""Self check-in"",""Building staff"",""Hot water"",""Luggage dropoff allowed"",""Long term stays allowed""}",$668.00,4,$185.00,30,366,47.0,t,f,strict_14_with_grace_period
131,t,4.0,-22.967251622070783,-43.181692035023545,Apartment,Private room,2,1.0,1.0,1.0,Real Bed,"{Internet,Wifi,Doorman,""Pets live on this property"",Dog(s),Cat(s),Elevator,""Buzzer/wireless intercom"",""Family/kid friendly"",Essentials,""24-hour check-in"",Hangers,""Hair dryer"",""Laptop friendly workspace"",""Private living room"",""Baby bath"",Microwave,""Coffee maker"",""Dishes and silverware"",""Cooking basics"",""Host greets you""}",$128.00,1,$40.00,1,20,65.0,f,f,strict_14_with_grace_period
132,f,1.0,-22.91543905438493,-43.25249293538096,House,Private room,2,1.0,1.0,1.0,Futon,"{TV,""Cable TV"",Internet,Wifi,""Family/kid friendly""}",$198.00,1,$50.00,2,28,0.0,f,f,moderate
133,f,1.0,-22.907393357716803,-43.195541384814376,Apartment,Private room,2,1.0,1.0,1.0,Real Bed,"{TV,Internet,Wifi,""Air conditioning"",Kitchen,""Pets allowed"",Doorman,""Pets live on this property"",Cat(s),Elevator,""Buzzer/wireless intercom"",Washer,Dryer}",$466.00,1,$155.00,3,30,0.0,f,f,flexible
134,f,1.0,-22.98398570241267,-43.22022915808086,Apartment,Private room,2,1.0,1.0,1.0,Real Bed,{},$233.00,1,$0.00,10,180,0.0,f,f,flexible
135,f,3.0,-22.9206190232728,-43.18155547155797,Apartment,Entire home/apt,2,1.0,1.0,1.0,Real Bed,"{TV,Wifi,Kitchen,""Smoking allowed"",Doorman,""Buzzer/wireless intercom"",Essentials,""24-hour check-in"",Hangers,""Laptop friendly workspace"",""translation missing: en.hosting_amenity_49"",""translation missing: en.hosting_amenity_50""}",$120.00,1,$0.00,2,365,2.0,f,f,moderate
137,f,3.0,-22.96799472365341,-43.18494203993969,Apartment,Entire home/apt,5,1.0,2.0,3.0,Real Bed,"{TV,""Cable TV"",Wifi,""Air conditioning"",Kitchen,""Paid parking off premises"",Heating,Washer,Dryer,Essentials,Shampoo,""Lock on bedroom door"",Hangers,""Hair dryer"",Iron,""Laptop friendly workspace"",""Private living room"",""Hot water"",""Bed linens"",""Extra pillows and blankets"",Microwave,""Coffee maker"",Refrigerator,""Dishes and silverware"",""Cooking basics"",Oven,Stove,""Patio or balcony"",""Long term stays allowed"",""Wide hallway clearance"",""Wide doorway"",""Well-lit path to entrance"",""Wide clearance to bed"",""Accessible-height bed"",""Wide doorway"",""Accessible-height toilet"",""Wide entryway"",""Host greets you"",""Shower chair""}",$350.00,5,$0.00,2,60,25.0,f,f,strict_14_with_grace_period
138,f,2.0,-22.94879021664243,-43.18146620052078,Apartment,Private room,2,1.5,1.0,1.0,Real Bed,"{Internet,Wifi,Kitchen,""Paid parking off premises"",Doorman,Elevator,""Buzzer/wireless intercom"",""Family/kid friendly"",Washer,""First aid kit"",""Safety card"",""Fire extinguisher"",Essentials,Hangers,Iron,""Laptop friendly workspace"",""Room-darkening shades"",""Hot water"",""Bed linens"",Refrigerator,""Dishes and silverware"",""Cooking basics"",Oven,Stove,""Luggage dropoff allowed"",""Long term stays allowed"",""Flat path to front door"",""Well-lit path to entrance"",""Step-free access"",""Step-free access"",""Step-free access"",""Wide entryway"",""Host greets you"",Beachfront}",$120.00,2,$40.00,4,365,28.0,f,f,strict_14_with_grace_period
139,f,45.0,-22.983664362318876,-43.19738507913597,Apartment,Entire home/apt,5,1.5,2.0,4.0,Real Bed,"{TV,""Cable TV"",Internet,Wifi,""Air conditioning"",""Wheelchair accessible"",Kitchen,Doorman,Elevator,""Buzzer/wireless intercom"",Washer,Essentials,""24-hour check-in"",Hangers,""Hair dryer"",Iron,""Laptop friendly workspace"",""translation missing: en.hosting_amenity_49"",""translation missing: en.hosting_amenity_50"",""Self check-in"",""Smart lock"",""Hot water""}",$233.00,3,$30.00,3,90,126.0,f,f,strict_14_with_grace_period
140,f,2.0,-22.953477331987948,-43.187514058803046,Apartment,Private room,1,1.0,1.0,1.0,Real Bed,"{Wifi,""Air conditioning"",Kitchen,""Paid parking off premises"",Doorman,Elevator,""Buzzer/wireless intercom"",""Family/kid friendly"",Washer,Essentials,Hangers,""Hair dryer"",Iron,""Laptop friendly workspace"",""translation missing: en.hosting_amenity_50"",""Private entrance"",""Hot water"",Microwave,""Coffee maker"",Refrigerator,""Dishes and silverware"",""Cooking basics"",Oven,Stove,""Step-free access"",""Wide clearance to bed"",""Step-free access"",""Host greets you""}",$62.00,1,$100.00,1,730,19.0,f,f,flexible
141,f,4.0,-22.95783293111941,-43.199842440134354,Apartment,Private room,1,1.0,1.0,1.0,Real Bed,"{""Cable TV"",Wifi,""Air conditioning"",Kitchen,Doorman,Elevator,""Buzzer/wireless intercom"",Washer,Dryer}",$132.00,1,$0.00,5,730,1.0,f,f,strict_14_with_grace_period
142,f,2.0,-23.012830310402716,-43.31187495721966,Apartment,Private room,2,1.0,1.0,1.0,Real Bed,"{TV,""Cable TV"",Internet,Wifi,""Air conditioning"",Pool,""Free parking on premises"",Doorman,Breakfast,Elevator,""Buzzer/wireless intercom"",""Family/kid friendly"",""First aid kit"",""Fire extinguisher"",Essentials,""Lock on bedroom door"",Hangers,""Laptop friendly workspace"",""translation missing: en.hosting_amenity_50"",""Host greets you""}",$552.00,2,$150.00,2,30,1.0,t,f,flexible
143,f,3.0,-22.985971449435763,-43.195909555642274,Apartment,Private room,2,2.0,1.0,1.0,Real Bed,"{Internet,Wifi,""Air conditioning"",Kitchen,""Paid parking off premises"",""Smoking allowed"",Doorman,Elevator,""Free street parking"",""Buzzer/wireless intercom"",Washer,""Smoke detector"",""Carbon monoxide detector"",""Safety card"",Essentials,Shampoo,""Lock on bedroom door"",Hangers,""Hair dryer"",Iron,""translation missing: en.hosting_amenity_49"",""translation missing: en.hosting_amenity_50"",""Private entrance"",""Hot water"",""Host greets you""}",$82.00,1,$50.00,1,30,132.0,t,f,moderate
144,f,4.0,-22.984268916642534,-43.19689228612342,Apartment,Entire home/apt,6,2.0,3.0,3.0,Real Bed,"{TV,""Cable TV"",Internet,Wifi,""Air conditioning"",""Wheelchair accessible"",Kitchen,Doorman,Elevator,""Buzzer/wireless intercom"",""Family/kid friendly""}",$882.00,1,$0.00,4,365,13.0,f,f,strict_14_with_grace_period
145,f,1.0,-23.00053631075203,-43.30655020165482,House,Private room,2,1.0,1.0,1.0,Pull-out Sofa,"{Internet,Wifi,""Smoking allowed""}",$198.00,1,$100.00,1,730,0.0,f,f,strict_14_with_grace_period
146,t,1.0,-22.98297303707541,-43.19387723874913,Apartment,Entire home/apt,5,1.0,1.0,3.0,Real Bed,"{TV,""Cable TV"",Wifi,""Air conditioning"",Kitchen,""Paid parking off premises"",""Smoking allowed"",""Free street parking"",""Family/kid friendly"",Essentials,Shampoo,Hangers,""Hair dryer"",Iron,""Hot water"",""Bed linens"",""Extra pillows and blankets"",""Pocket wifi"",Microwave,""Coffee maker"",Refrigerator,""Dishes and silverware"",""Cooking basics"",Stove,""Luggage dropoff allowed"",""Long term stays allowed"",""Well-lit path to entrance"",""Host greets you""}",$198.00,2,$25.00,2,60,70.0,t,f,strict_14_with_grace_period
147,f,3.0,-22.85897726251213,-43.36761867146095,House,Private room,4,4.0,1.0,4.0,Real Bed,"{TV,Internet,Wifi,""Free parking on premises"",""Smoking allowed"",Breakfast,""Family/kid friendly"",Washer,Dryer,Essentials}",$58.00,1,$78.00,1,365,6.0,f,f,strict_14_with_grace_period
148,f,1.0,-22.96224957540518,-43.22077434169172,House,Private room,4,2.0,1.0,1.0,Real Bed,"{TV,Wifi,""Air conditioning"",Breakfast,Washer}",$350.00,1,$311.00,3,90,6.0,f,f,flexible
149,f,5.0,-22.915556662966686,-43.19393799276147,House,Private room,3,1.0,1.0,2.0,Real Bed,"{Wifi,Kitchen,""Pets live on this property"",Cat(s),Essentials}",$51.00,1,$40.00,2,10,11.0,f,f,strict_14_with_grace_period
150,t,8.0,-22.988021959068423,-43.19466331624061,Loft,Entire home/apt,2,1.0,1.0,1.0,Real Bed,"{TV,""Cable TV"",Wifi,""Air conditioning"",Kitchen,Washer,Dryer,Essentials,Shampoo,Hangers,""Hair dryer"",Iron,""translation missing: en.hosting_amenity_49"",""translation missing: en.hosting_amenity_50"",""Hot water"",""Bed linens"",""Extra pillows and blankets""}",$152.00,1,$0.00,5,60,160.0,t,f,strict_14_with_grace_period
151,f,1.0,-22.93430674470116,-43.18876852417922,Condominium,Private room,3,2.0,1.0,2.0,Real Bed,"{TV,""Cable TV"",Internet,Wifi,Pool,Kitchen,""Paid parking off premises"",""Smoking allowed"",Doorman,Elevator,""Buzzer/wireless intercom"",Washer,Dryer,""First aid kit"",""Fire extinguisher"",""Lock on bedroom door"",Hangers,""Hair dryer"",""Private entrance"",""Hot water"",""Host greets you"",""Paid parking on premises""}",$253.00,1,$194.00,3,20,2.0,t,f,flexible
152,f,1.0,-22.97467278414359,-43.18732878020639,Apartment,Entire home/apt,3,1.0,1.0,1.0,Real Bed,"{TV,""Cable TV"",Internet,""Air conditioning"",Pool,Kitchen,Doorman,Gym,Breakfast,Elevator}",$427.00,3,$155.00,3,365,0.0,f,f,flexible
153,f,1.0,-22.97056997945264,-43.33668172367017,Apartment,Entire home/apt,5,1.0,2.0,2.0,Real Bed,"{TV,Wifi,""Air conditioning"",Pool,Kitchen,""Free parking on premises"",""Pets allowed"",Elevator,""Family/kid friendly"",Washer,""Fire extinguisher"",""Lock on bedroom door"",Iron,""Laptop friendly workspace""}",$299.00,1,$0.00,3,10,0.0,f,f,flexible
154,f,3.0,-22.96536480072316,-43.179789438505175,Apartment,Entire home/apt,2,1.0,1.0,1.0,Real Bed,"{TV,""Cable TV"",Wifi,""Air conditioning"",Kitchen,""Paid parking off premises"",""Smoking allowed"",Elevator,""Free street parking"",Heating,""Family/kid friendly"",Washer,""Smoke detector"",""Carbon monoxide detector"",Essentials,Shampoo,Hangers,""Hair dryer"",Iron,""Laptop friendly workspace"",""High chair"",""Room-darkening shades"",""Hot water"",""Bed linens"",""Extra pillows and blankets"",Microwave,""Coffee maker"",Refrigerator,""Dishes and silverware"",""Cooking basics"",Stove,""Long term stays allowed"",""Wide doorway"",""Flat path to front door"",""Step-free access"",""Accessible-height bed"",""Step-free access"",""Accessible-height toilet"",""Host greets you""}",$210.00,2,$0.00,1,89,172.0,f,f,strict_14_with_grace_period
156,f,1.0,-22.928769777353303,-43.17651595846289,Apartment,Private room,2,1.0,1.0,2.0,Real Bed,"{TV,""Cable TV"",Wifi,""Air conditioning"",Kitchen,Elevator,Washer,""Smoke detector"",""Fire extinguisher"",Essentials,Hangers,""Hair dryer"",Iron,""Laptop friendly workspace"",""translation missing: en.hosting_amenity_49"",""translation missing: en.hosting_amenity_50"",""Hot water"",""Luggage dropoff allowed"",Other}",$93.00,1,$80.00,2,15,38.0,f,f,moderate
157,f,1.0,-22.982504403158213,-43.20504248953429,Apartment,Entire home/apt,6,3.0,3.0,3.0,Real Bed,"{TV,""Cable TV"",Internet,Wifi,""Air conditioning"",""Wheelchair accessible"",Kitchen,""Free parking on premises"",Doorman,Elevator,""Hot tub"",""Buzzer/wireless intercom"",""Family/kid friendly"",Washer,Dryer,""Smoke detector"",""Carbon monoxide detector"",Essentials,""24-hour check-in"",Hangers,""Hair dryer"",Iron,""Laptop friendly workspace"",Bathtub,""Stair gates"",""Babysitter recommendations"",Crib,""Hot water"",""Bed linens"",""Extra pillows and blankets"",Microwave,""Coffee maker"",Refrigerator,""Dishes and silverware"",Oven,Stove,""Patio or balcony"",""Luggage dropoff allowed"",""Long term stays allowed"",""Well-lit path to entrance"",""Host greets you""}",$587.00,1,$74.00,3,300,39.0,t,f,strict_14_with_grace_period
158,f,7.0,-23.01268872080629,-43.43702903664428,Bed and breakfast,Private room,2,1.0,1.0,2.0,Real Bed,"{TV,""Cable TV"",Internet,Wifi,""Air conditioning"",Pool,Kitchen,""Free parking on premises"",""Smoking allowed"",Doorman,Breakfast,""Pets live on this property"",Dog(s),""Buzzer/wireless intercom"",""Family/kid friendly"",""Suitable for events"",Washer,""24-hour check-in"",Hangers,Iron,""Laptop friendly workspace""}",$140.00,1,$85.00,1,365,22.0,f,f,strict_14_with_grace_period
159,f,7.0,-23.01356230032978,-43.43827249013441,Bed and breakfast,Private room,2,1.0,1.0,2.0,Real Bed,"{TV,""Cable TV"",Internet,Wifi,""Air conditioning"",Pool,Kitchen,""Free parking on premises"",""Smoking allowed"",Doorman,Breakfast,""Pets live on this property"",Dog(s),""Buzzer/wireless intercom"",""Family/kid friendly"",""Suitable for events"",Washer,""24-hour check-in"",Hangers,Iron,""Laptop friendly workspace""}",$140.00,1,$85.00,1,365,16.0,f,f,strict_14_with_grace_period
160,f,1.0,-22.981113474453824,-43.22603123886236,Apartment,Entire home/apt,6,1.5,2.0,4.0,Real Bed,"{TV,""Cable TV"",Internet,Wifi,""Air conditioning"",Kitchen,Doorman,""Family/kid friendly"",Washer,Essentials,Shampoo,""24-hour check-in"",Hangers,""Hair dryer"",Iron,""Laptop friendly workspace"",""Hot water"",""Bed linens"",""Extra pillows and blankets"",Microwave,Refrigerator,""Dishes and silverware"",""Cooking basics"",Stove}",$431.00,4,$150.00,4,900,28.0,f,f,strict_14_with_grace_period
161,f,1.0,-22.96358852755516,-43.17044402824421,Apartment,Entire home/apt,3,1.0,1.0,1.0,Real Bed,"{TV,Wifi,""Air conditioning"",Kitchen,""Smoking allowed"",""Pets allowed"",Elevator,""Family/kid friendly"",Essentials,""translation missing: en.hosting_amenity_50""}",$120.00,2,$50.00,2,365,2.0,f,f,flexible
162,f,1.0,-22.917341503199783,-43.2116821021906,Apartment,Private room,2,1.0,1.0,1.0,Real Bed,"{Wifi,Kitchen,""Smoking allowed"",""Pets allowed"",Essentials,""Lock on bedroom door"",""Laptop friendly workspace""}",$113.00,1,$0.00,1,730,0.0,t,f,flexible
163,t,4.0,-22.98506337973811,-43.19080239449893,Bed and breakfast,Private room,5,2.0,1.0,4.0,Real Bed,"{TV,""Cable TV"",Internet,Wifi,""Air conditioning"",""Wheelchair accessible"",Kitchen,Doorman,Breakfast,""Pets live on this property"",Cat(s),Elevator,""Family/kid friendly"",Washer,Essentials,""Lock on bedroom door"",Iron,""Hot water"",""Bed linens"",""Extra pillows and blankets""}","$2,020.00",1,$0.00,2,15,2.0,f,f,moderate
164,f,1.0,-22.970050414924632,-43.18282570867717,Apartment,Private room,2,1.5,1.0,1.0,Real Bed,"{TV,Wifi,Kitchen,""Smoking allowed"",Elevator,Essentials,Shampoo,""Lock on bedroom door"",""Hair dryer"",Iron,""Room-darkening shades"",Microwave,""Coffee maker"",""Dishes and silverware"",""Cooking basics"",Stove,""Patio or balcony"",""Wide hallway clearance"",""Well-lit path to entrance"",""Step-free access"",""Wide doorway"",Beachfront,""Handheld shower head""}",$699.00,1,$0.00,1,30,0.0,t,f,moderate
165,f,1.0,-22.968400198938195,-43.41458170982648,Apartment,Entire home/apt,6,1.0,2.0,4.0,Real Bed,"{TV,""Cable TV"",""Air conditioning"",Kitchen,""Free parking on premises"",Doorman,""Buzzer/wireless intercom"",""Family/kid friendly"",Washer,Shampoo,Hangers,Iron}",$299.00,1,$100.00,3,365,0.0,f,f,strict_14_with_grace_period
166,t,4.0,-22.985395876957817,-43.19105409243839,Apartment,Private room,2,2.5,2.0,1.0,Real Bed,"{TV,""Cable TV"",Internet,Wifi,""Air conditioning"",""Wheelchair accessible"",Kitchen,Doorman,Breakfast,""Pets live on this property"",Cat(s),Elevator,Washer,Dryer,""First aid kit"",Essentials,Shampoo,""Lock on bedroom door"",Hangers,""Hair dryer"",Iron,""Laptop friendly workspace"",""Self check-in"",""Building staff"",""Hot water"",""Luggage dropoff allowed"",""Long term stays allowed""}",$190.00,1,$0.00,2,15,20.0,f,f,moderate
167,t,4.0,-22.986449836638933,-43.188937435089606,Bed and breakfast,Private room,2,1.0,1.0,1.0,Real Bed,"{TV,""Cable TV"",Internet,Wifi,""Air conditioning"",""Wheelchair accessible"",Kitchen,Doorman,Breakfast,""Pets live on this property"",Cat(s),Elevator,""Family/kid friendly"",Washer,""First aid kit"",""Lock on bedroom door""}",$39.00,1,$0.00,2,15,24.0,f,f,moderate
168,t,4.0,-22.986801400008027,-43.190980869350426,Apartment,Private room,2,1.0,1.0,1.0,Real Bed,"{TV,""Cable TV"",Internet,Wifi,""Air conditioning"",""Wheelchair accessible"",Kitchen,Doorman,Breakfast,""Pets live on this property"",Dog(s),Cat(s),Elevator,""Family/kid friendly"",Washer,""First aid kit"",""Lock on bedroom door"",""Window guards""}",$113.00,1,$0.00,2,15,29.0,f,f,strict_14_with_grace_period
169,f,1.0,-22.982268367253045,-43.49068283113653,Guest suite,Entire home/apt,16,5.0,5.0,16.0,Real Bed,"{TV,Wifi,""Wheelchair accessible"",Pool,Kitchen,""Free parking on premises"",""Smoking allowed"",""Pets allowed"",""Family/kid friendly"",""Suitable for events"",Washer}",$855.00,1,$157.00,2,365,1.0,f,f,strict_14_with_grace_period
170,f,1.0,-22.94122100468556,-43.17632619237118,Apartment,Private room,2,1.0,1.0,1.0,Real Bed,"{""Cable TV"",Wifi,""Air conditioning"",Kitchen,Doorman,Breakfast,Elevator,""Buzzer/wireless intercom"",""Family/kid friendly"",Washer,Dryer}",$583.00,1,$0.00,1,760,0.0,f,f,flexible
171,t,1.0,-22.91646507654305,-43.1787430126655,Loft,Entire home/apt,4,1.0,1.0,2.0,Pull-out Sofa,"{Wifi,Kitchen,""Smoking allowed"",""Pets allowed"",""Free street parking"",""Family/kid friendly"",Essentials,""24-hour check-in"",""Laptop friendly workspace"",""High chair"",""Children’s books and toys"",""Hot water"",""Luggage dropoff allowed"",""Host greets you""}",$159.00,3,$0.00,2,30,232.0,t,f,moderate
172,f,2.0,-22.92806691643335,-43.24069136442069,Apartment,Private room,2,1.0,1.0,1.0,Real Bed,"{TV,""Cable TV"",Wifi,""Air conditioning"",Kitchen,""Free parking on premises"",Doorman,Breakfast,Elevator,""Buzzer/wireless intercom"",Washer,Dryer,""First aid kit"",Essentials,Shampoo,""Lock on bedroom door"",Hangers,""Hair dryer"",Iron,""Hot water"",""Luggage dropoff allowed"",""Long term stays allowed"",""Host greets you""}",$198.00,1,$0.00,3,365,4.0,f,f,moderate
173,f,2.0,-22.98207008198802,-43.19462690750945,Apartment,Private room,1,3.5,1.0,2.0,Real Bed,"{TV,""Cable TV"",Internet,Wifi,""Air conditioning"",Doorman,""Pets live on this property"",Dog(s),Elevator,""Hot tub"",""Buzzer/wireless intercom"",Washer,Hangers,""Hair dryer"",Iron,""Laptop friendly workspace""}",$120.00,1,$0.00,3,180,0.0,f,f,strict_14_with_grace_period
174,f,1.0,-23.00545912456265,-43.4403467479645,Apartment,Entire home/apt,2,1.0,1.0,1.0,Real Bed,"{TV,""Cable TV"",Internet,Wifi,""Air conditioning"",Pool,Kitchen,""Free parking on premises"",Gym,Elevator,""Hot tub"",""Buzzer/wireless intercom"",Washer,Dryer,Essentials,Shampoo,Hangers,Iron,""Laptop friendly workspace"",""translation missing: en.hosting_amenity_49"",""translation missing: en.hosting_amenity_50"",""Hot water"",""Bed linens"",""Extra pillows and blankets"",""Ethernet connection"",""Host greets you""}",$175.00,2,$0.00,5,20,71.0,f,f,moderate
175,f,6.0,-22.97961419480061,-43.191656465406496,Condominium,Entire home/apt,4,2.5,2.0,2.0,Real Bed,"{TV,""Cable TV"",Internet,Wifi,""Air conditioning"",""Wheelchair accessible"",Kitchen,Doorman,Elevator,""Free street parking"",""Buzzer/wireless intercom"",Washer,Dryer,Essentials,""24-hour check-in"",Hangers,""Hair dryer"",Iron,""translation missing: en.hosting_amenity_49"",""translation missing: en.hosting_amenity_50"",""Hot water"",""Host greets you""}",$229.00,1,$58.00,7,365,21.0,f,f,strict_14_with_grace_period
176,t,5.0,-22.98397241661916,-43.203526747032086,Loft,Entire home/apt,2,1.0,1.0,1.0,Real Bed,"{TV,""Cable TV"",Internet,Wifi,""Air conditioning"",Kitchen,""Paid parking off premises"",Elevator,""Free street parking"",""Indoor fireplace"",Heating,""Family/kid friendly"",Washer,Dryer,""Smoke detector"",""Carbon monoxide detector"",""First aid kit"",""Fire extinguisher"",Essentials,Shampoo,""Lock on bedroom door"",Hangers,""Hair dryer"",Iron,""Laptop friendly workspace"",""Self check-in"",Lockbox,""Private living room"",""Outlet covers"",""High chair"",""Stair gates"",""Window guards"",""Table corner guards"",""Fireplace guards"",""Babysitter recommendations"",""Room-darkening shades"",""Hot water"",""Bed linens"",""Extra pillows and blankets"",""Ethernet connection"",Microwave,""Coffee maker"",Refrigerator,""Dishes and silverware"",""Cooking basics"",Stove,""Single level home"",""Luggage dropoff allowed"",""Long term stays allowed"",""Wide hallway clearance"",""Wide doorway"",""Flat path to front door"",""Well-lit path to entrance"",""Step-free access"",""Wide clearance to bed"",""Accessible-height bed"",""Step-free access"",""Accessible-height toilet"",""Wide clearance to shower, toilet"",""Step-free access""}",$93.00,2,$94.00,1,89,299.0,t,f,strict_14_with_grace_period
177,f,2.0,-22.980739102156097,-43.225716888464746,Apartment,Private room,2,1.0,1.0,1.0,Real Bed,"{TV,Wifi,""Air conditioning"",Doorman,Elevator,""Free street parking"",""Buzzer/wireless intercom"",Heating,Essentials,""Lock on bedroom door"",Hangers,""Laptop friendly workspace"",""translation missing: en.hosting_amenity_49"",""translation missing: en.hosting_amenity_50"",""Private entrance"",""Hot water"",""Luggage dropoff allowed"",""Host greets you""}",$202.00,1,$50.00,2,1125,7.0,f,f,moderate
178,f,1.0,-22.93728667650873,-43.17459193170093,Condominium,Entire home/apt,6,1.5,2.0,2.0,Real Bed,"{TV,Internet,Wifi,""Air conditioning"",Pool,Kitchen,Doorman,Gym,Elevator,""Free street parking"",""Family/kid friendly"",Washer,Dryer,Essentials,""24-hour check-in"",Hangers,""Laptop friendly workspace"",""translation missing: en.hosting_amenity_50"",""Self check-in"",""Building staff"",""Hot water"",""Long term stays allowed""}",$237.00,2,$0.00,2,60,104.0,f,f,moderate
180,f,1.0,-22.96981574073085,-43.38807247902423,Serviced apartment,Entire home/apt,2,1.0,1.0,1.0,Real Bed,"{TV,""Cable TV"",Wifi,""Air conditioning"",Pool,Doorman,Gym,Elevator,""Buzzer/wireless intercom"",""Family/kid friendly"",""Fire extinguisher"",Essentials,""24-hour check-in"",Hangers,""Hair dryer"",""Laptop friendly workspace"",""Self check-in"",""Building staff"",""Room-darkening shades"",""Hot water"",""Bed linens"",Microwave,""Dishes and silverware"",""Beach essentials"",""Luggage dropoff allowed"",""Long term stays allowed"",""Step-free access"",""Well-lit path to entrance"",""Step-free access"",""Fixed grab bars for shower""}",$152.00,2,$0.00,1,90,18.0,t,f,strict_14_with_grace_period
183,t,2.0,-22.93874629858605,-43.1770155023137,Condominium,Entire home/apt,3,2.0,1.0,1.0,Real Bed,"{TV,Wifi,""Air conditioning"",Kitchen,""Paid parking off premises"",""Family/kid friendly"",""Smoke detector"",""Carbon monoxide detector"",""Fire extinguisher"",Essentials,Shampoo,Hangers,""Hair dryer"",Iron,""Laptop friendly workspace"",""translation missing: en.hosting_amenity_50"",""Hot water"",""Bed linens"",""Extra pillows and blankets"",Microwave,Refrigerator,""Dishes and silverware"",""Cooking basics"",Stove,""Long term stays allowed"",""Host greets you""}",$198.00,2,$80.00,3,1125,29.0,t,f,strict_14_with_grace_period
184,t,3.0,-22.87498348145527,-43.56367118903674,Guesthouse,Entire home/apt,5,1.5,2.0,4.0,Real Bed,"{TV,""Cable TV"",Wifi,""Air conditioning"",Kitchen,""Pets live on this property"",Dog(s),Cat(s),""Other pet(s)"",""Free street parking"",""Family/kid friendly"",Washer,""First aid kit"",Essentials,""Hair dryer"",Iron,""Laptop friendly workspace"",""translation missing: en.hosting_amenity_50"",""Hot water"",""Bed linens"",""Extra pillows and blankets"",""Pocket wifi"",Microwave,Refrigerator,""Dishes and silverware"",""Cooking basics"",Oven,Stove,""Single level home"",""BBQ grill"",""Patio or balcony"",""Luggage dropoff allowed"",""Long term stays allowed"",""Cleaning before checkout"",""Host greets you""}",$78.00,1,$54.00,1,60,9.0,f,f,moderate
185,f,1.0,-22.96320790193038,-43.1754369366928,Apartment,Entire home/apt,4,1.0,1.0,4.0,Real Bed,"{TV,Wifi,""Air conditioning"",Kitchen,Doorman,Elevator,""Buzzer/wireless intercom"",Washer,""Safety card"",Essentials,Shampoo,""24-hour check-in"",Hangers,""Hair dryer"",Iron,""Laptop friendly workspace"",""translation missing: en.hosting_amenity_49"",""Self check-in"",""Building staff""}",$109.00,3,$25.00,5,14,13.0,t,f,strict_14_with_grace_period
186,f,2.0,-22.94728239279717,-43.1864486939661,House,Private room,2,1.0,1.0,1.0,Real Bed,"{Wifi,""Buzzer/wireless intercom""}",$233.00,1,$39.00,3,365,0.0,f,f,strict_14_with_grace_period
187,t,10.0,-22.96486322971458,-43.175948492931525,Apartment,Entire home/apt,4,1.0,1.0,1.0,Real Bed,"{TV,""Cable TV"",Wifi,""Air conditioning"",Kitchen,""Paid parking off premises"",Elevator,""Family/kid friendly"",Washer,""Fire extinguisher"",Essentials,""Lock on bedroom door"",Hangers,""Hair dryer"",Iron,""Laptop friendly workspace"",""Private living room"",""High chair"",""Babysitter recommendations"",Crib,""Room-darkening shades"",""Hot water"",""Bed linens"",""Extra pillows and blankets"",""Ethernet connection"",""Pocket wifi"",Microwave,""Coffee maker"",Refrigerator,""Dishes and silverware"",""Cooking basics"",Oven,Stove,""Luggage dropoff allowed"",""Long term stays allowed"",""Wide hallway clearance"",""Wide doorway"",""Well-lit path to entrance"",""Step-free access"",""Wide doorway"",""Wide clearance to bed"",""Accessible-height bed"",""Step-free access"",""Host greets you"",Beachfront}",$124.00,3,$45.00,2,180,64.0,f,f,flexible
188,f,1.0,-22.97540994367262,-43.188982446021626,Apartment,Private room,2,1.0,1.0,2.0,Real Bed,"{TV,""Cable TV"",Internet,Wifi,""Air conditioning"",Kitchen,Breakfast,Elevator,""Family/kid friendly"",Washer,""First aid kit"",""Fire extinguisher"",Essentials,""translation missing: en.hosting_amenity_50""}",$120.00,1,$80.00,2,30,12.0,f,f,strict_14_with_grace_period
189,f,3.0,-23.00854252875339,-43.43954023909028,Apartment,Entire home/apt,4,2.0,2.0,4.0,Real Bed,"{TV,""Cable TV"",Internet,Wifi,""Air conditioning"",""Wheelchair accessible"",Pool,Kitchen,""Free parking on premises"",Doorman,Gym,Breakfast,Elevator,""Buzzer/wireless intercom"",""Family/kid friendly"",Washer,Dryer,""Smoke detector"",""Fire extinguisher"",Essentials,Shampoo,Hangers,Iron,""Laptop friendly workspace""}","$1,360.00",1,$0.00,10,365,0.0,t,f,strict_14_with_grace_period
192,f,3.0,-22.920559162603816,-43.17802649313593,Apartment,Entire home/apt,2,1.0,1.0,1.0,Real Bed,"{TV,""Cable TV"",Internet,Wifi,""Air conditioning"",Kitchen,""Paid parking off premises"",Doorman,Elevator,""Buzzer/wireless intercom"",""Family/kid friendly"",Essentials,Shampoo,""24-hour check-in"",Hangers,""Hair dryer"",Iron,""Laptop friendly workspace"",""Hot water"",""Long term stays allowed"",""Host greets you""}",$136.00,1,$25.00,3,90,6.0,f,f,strict_14_with_grace_period
193,f,2.0,-22.982713275364905,-43.19330483587403,Apartment,Private room,2,1.0,1.0,2.0,Real Bed,"{""Cable TV"",Wifi,""Air conditioning"",Kitchen,""Paid parking off premises"",Doorman,Elevator,""Buzzer/wireless intercom"",""Fire extinguisher"",Essentials,Shampoo,""Lock on bedroom door"",Hangers,""Hair dryer"",""translation missing: en.hosting_amenity_49"",""translation missing: en.hosting_amenity_50"",""Hot water"",""Host greets you""}",$186.00,1,$0.00,2,15,1.0,f,f,moderate
194,f,2.0,-22.88022559415571,-43.49130587923879,House,Private room,1,1.0,1.0,1.0,Real Bed,"{""Cable TV"",Wifi,""Smoking allowed"",Breakfast,""Family/kid friendly"",""translation missing: en.hosting_amenity_50""}",$70.00,1,$0.00,2,14,0.0,f,f,flexible
195,f,1.0,-22.96817379102445,-43.17986586631821,Apartment,Entire home/apt,4,1.0,1.0,1.0,Real Bed,"{TV,""Cable TV"",Internet,Wifi,""Air conditioning"",Kitchen,Doorman,Elevator,""Buzzer/wireless intercom"",Shampoo,Hangers,Iron,""Laptop friendly workspace""}",$229.00,1,$0.00,3,760,10.0,f,f,strict_14_with_grace_period
196,f,1.0,-22.95848701435225,-43.18517615287706,Apartment,Entire home/apt,4,3.0,2.0,2.0,Real Bed,"{TV,""Air conditioning"",Kitchen,""Free parking on premises"",Doorman,Gym,Elevator,""Buzzer/wireless intercom"",""Family/kid friendly"",Washer,Dryer}",$361.00,5,$389.00,5,730,0.0,f,f,strict_14_with_grace_period
197,f,2.0,-22.97618498628272,-43.18876246771296,Apartment,Entire home/apt,1,2.0,2.0,4.0,Real Bed,"{TV,""Air conditioning"",""Family/kid friendly"",Essentials}",$501.00,1,$100.00,1,30,0.0,f,f,flexible
198,f,1.0,-22.986657199243822,-43.1932135578196,Apartment,Entire home/apt,3,1.0,1.0,2.0,Real Bed,"{TV,""Cable TV"",Internet,Wifi,""Air conditioning"",Kitchen,""Paid parking off premises"",Doorman,Elevator,""Free street parking"",""Buzzer/wireless intercom"",Washer,Essentials,""24-hour check-in"",Hangers,""Hair dryer"",Iron,""Laptop friendly workspace"",""translation missing: en.hosting_amenity_49"",""translation missing: en.hosting_amenity_50"",""Hot water"",""Long term stays allowed"",""Host greets you""}",$179.00,2,$50.00,2,90,94.0,f,f,strict_14_with_grace_period
199,t,1.0,-22.980909974329432,-43.191517494274464,Condominium,Entire home/apt,4,1.5,2.0,2.0,Real Bed,"{TV,""Cable TV"",Internet,Wifi,""Air conditioning"",Kitchen,Doorman,Elevator,""Buzzer/wireless intercom"",""Family/kid friendly"",Washer,Essentials,""Hair dryer"",Iron,""Room-darkening shades"",""Hot water"",""Host greets you""}",$350.00,4,$500.00,2,90,94.0,t,f,strict_14_with_grace_period
200,f,2.0,-22.97560535202216,-43.187914255177375,Apartment,Entire home/apt,4,2.5,2.0,2.0,Real Bed,"{TV,Internet,Wifi,""Air conditioning"",Kitchen,""Free parking on premises"",Doorman,Elevator,""Buzzer/wireless intercom"",Washer,Essentials,Hangers,""Hair dryer"",Iron,""Laptop friendly workspace"",""Self check-in"",""Building staff"",""Hot water"",""Luggage dropoff allowed"",""Long term stays allowed""}",$486.00,1,$0.00,1,365,72.0,f,f,strict_14_with_grace_period
201,t,2.0,-23.01129385143897,-43.32305099669755,Apartment,Entire home/apt,3,1.0,1.0,2.0,Real Bed,"{TV,""Cable TV"",Internet,Wifi,""Air conditioning"",""Wheelchair accessible"",Pool,Kitchen,""Free parking on premises"",""Smoking allowed"",Doorman,Gym,Elevator,""Family/kid friendly"",""Smoke detector"",""Carbon monoxide detector"",Essentials,""24-hour check-in"",Hangers,""Hair dryer"",Iron,""Laptop friendly workspace"",""Hot water"",""Bed linens"",""Extra pillows and blankets"",""Ethernet connection"",""Pocket wifi""}",$194.00,3,$100.00,3,365,144.0,t,f,flexible
202,t,3.0,-22.96910971543305,-43.18835720866417,Apartment,Private room,2,1.0,1.0,1.0,Real Bed,"{TV,""Cable TV"",Wifi,""Air conditioning"",Kitchen,""Smoking allowed"",""Family/kid friendly"",Washer,Essentials,""Lock on bedroom door"",Hangers,""Hair dryer"",Iron,""Laptop friendly workspace"",""translation missing: en.hosting_amenity_50"",""Self check-in"",""Building staff"",""Hot water"",""Bed linens"",""Extra pillows and blankets"",Microwave,""Coffee maker"",Refrigerator,""Dishes and silverware"",""Cooking basics"",Oven,Stove,""Luggage dropoff allowed"",""Paid parking on premises""}",$89.00,1,$0.00,2,30,100.0,t,f,strict_14_with_grace_period
203,f,13.0,-22.991762060081328,-43.23313205691608,Apartment,Entire home/apt,16,1.0,1.0,3.0,Real Bed,"{TV,""Cable TV"",Internet,Wifi,""Air conditioning"",Kitchen,""Smoking allowed"",""Pets allowed"",""Pets live on this property"",Dog(s),Cat(s),""Free street parking"",Essentials,""24-hour check-in"",""Hot water"",Other}",$389.00,4,$194.00,7,1095,26.0,f,f,strict_14_with_grace_period
204,t,2.0,-22.97725092787852,-43.19038569542469,Apartment,Entire home/apt,4,1.0,1.0,4.0,Real Bed,"{TV,""Cable TV"",Internet,Wifi,""Air conditioning"",""Wheelchair accessible"",Kitchen,Doorman,Elevator,""Buzzer/wireless intercom"",""Family/kid friendly"",Washer,Essentials,Shampoo,""24-hour check-in"",Hangers,""Hair dryer"",Iron,""Laptop friendly workspace""}",$175.00,2,$25.00,3,1125,77.0,f,f,strict_14_with_grace_period
205,f,1.0,-22.96036269865839,-43.21310363963227,Apartment,Private room,1,2.0,1.0,1.0,Real Bed,"{TV,""Cable TV"",Wifi,""Air conditioning"",Kitchen,Doorman,Elevator,""Buzzer/wireless intercom"",Washer,""First aid kit"",Essentials,Shampoo,""24-hour check-in"",Hangers,""Hair dryer"",Iron,""Laptop friendly workspace"",""translation missing: en.hosting_amenity_49"",""translation missing: en.hosting_amenity_50""}",$155.00,1,$0.00,2,30,13.0,f,f,moderate
206,t,1.0,-22.918377576840648,-43.18234781290081,Guest suite,Entire home/apt,2,1.0,1.0,1.0,Real Bed,"{Internet,Wifi,Kitchen,""Smoking allowed"",""Pets live on this property"",Cat(s),""Free street parking"",""Family/kid friendly"",Washer,Essentials,""24-hour check-in"",Hangers,Iron,""Laptop friendly workspace"",""Children’s books and toys"",""Babysitter recommendations"",""Children’s dinnerware"",""Hot water"",""Coffee maker"",Refrigerator,""Dishes and silverware"",""Cooking basics"",Stove,""BBQ grill"",""Garden or backyard"",""Luggage dropoff allowed"",""Long term stays allowed"",""Host greets you""}",$206.00,1,$0.00,2,60,144.0,t,f,moderate
207,t,1.0,-22.961561941015557,-43.16841132942146,Apartment,Private room,2,1.0,1.0,1.0,Real Bed,"{TV,""Cable TV"",Internet,Wifi,Kitchen,""Paid parking off premises"",""Smoking allowed"",Doorman,Elevator,""Free street parking"",""Buzzer/wireless intercom"",""Family/kid friendly"",Washer,Dryer,""Smoke detector"",Essentials,Shampoo,""Lock on bedroom door"",""24-hour check-in"",Hangers,""Hair dryer"",Iron,""Laptop friendly workspace"",""translation missing: en.hosting_amenity_50"",""Private living room"",""Private entrance"",""Hot water"",""Bed linens"",""Extra pillows and blankets"",Microwave,""Coffee maker"",Refrigerator,Dishwasher,""Dishes and silverware"",""Cooking basics"",Oven,Stove,""Beach essentials"",""Luggage dropoff allowed"",""Long term stays allowed"",""Wide hallway clearance"",""Step-free access"",""Wide doorway"",""Flat path to front door"",""Well-lit path to entrance"",""Step-free access"",""Wide doorway"",""Wide clearance to bed"",""Accessible-height bed"",""Step-free access"",""Wide doorway"",""Accessible-height toilet"",""Wide clearance to shower, toilet"",""Step-free access"",""Wide entryway"",""Handheld shower head"",""Paid parking on premises""}",$175.00,1,$79.00,2,15,38.0,t,f,moderate
208,f,2.0,-22.929039337090305,-43.24140526613344,Apartment,Private room,1,1.0,1.0,1.0,Real Bed,"{TV,""Cable TV"",Internet,Wifi,""Air conditioning"",Kitchen,""Free parking on premises"",Doorman,Breakfast,Elevator,""Buzzer/wireless intercom"",Washer,Dryer,""First aid kit"",Essentials,Shampoo,""Lock on bedroom door"",""24-hour check-in"",Hangers,""Hair dryer"",Iron,""Laptop friendly workspace"",""Hot water"",""Host greets you""}",$101.00,1,$0.00,3,365,13.0,f,f,moderate
209,f,2.0,-22.988307995009297,-43.35749394356657,Apartment,Entire home/apt,4,2.0,1.0,1.0,Real Bed,"{TV,Wifi,""Air conditioning"",Pool,Kitchen,""Free parking on premises"",""Smoking allowed"",Doorman,Gym,Elevator,""Buzzer/wireless intercom"",""Family/kid friendly"",""Suitable for events"",Washer}","$1,360.00",1,$0.00,2,30,1.0,f,f,strict_14_with_grace_period
210,f,2.0,-22.923218320535955,-43.17433710951375,Apartment,Entire home/apt,2,1.0,1.0,1.0,Real Bed,"{Wifi,""Air conditioning"",Kitchen,""Buzzer/wireless intercom"",""Family/kid friendly"",Washer,Essentials,Shampoo}",$152.00,2,$50.00,14,730,16.0,f,f,strict_14_with_grace_period
211,f,1.0,-22.95348765778937,-43.18112825512596,Apartment,Entire home/apt,2,1.0,1.0,1.0,Real Bed,"{""Cable TV"",Internet,Wifi,""Air conditioning"",Kitchen,Doorman,Elevator,""Buzzer/wireless intercom"",Washer,""24-hour check-in"",Hangers,""Hair dryer"",Iron}",$249.00,3,$80.00,1,1125,3.0,f,f,moderate
212,t,2.0,-23.002055708408857,-43.38971497316819,Apartment,Entire home/apt,2,1.5,1.0,1.0,Real Bed,"{TV,""Cable TV"",Internet,Wifi,""Air conditioning"",Pool,Kitchen,""Free parking on premises"",""Pets allowed"",Doorman,Gym,Elevator,""Buzzer/wireless intercom"",""Family/kid friendly"",Washer,""Smoke detector"",""Carbon monoxide detector"",""First aid kit"",""Safety card"",""Fire extinguisher"",Essentials,Shampoo,""Lock on bedroom door"",""24-hour check-in"",Hangers,""Hair dryer"",Iron,""Laptop friendly workspace"",""Private living room"",""Hot water"",""Bed linens"",""Extra pillows and blankets"",""Ethernet connection"",Microwave,""Coffee maker"",Refrigerator,""Dishes and silverware"",""Cooking basics"",Oven,Stove,""BBQ grill"",""Patio or balcony"",""Garden or backyard"",""Luggage dropoff allowed"",""Long term stays allowed"",""Cleaning before checkout"",""Host greets you""}",$190.00,2,$0.00,28,1125,20.0,t,f,moderate
213,f,6.0,-22.98105125714257,-43.19265246748504,Condominium,Entire home/apt,10,3.0,4.0,5.0,Real Bed,"{TV,""Cable TV"",Internet,Wifi,""Air conditioning"",Kitchen,Doorman,Elevator,""Hot tub"",""Buzzer/wireless intercom"",""Family/kid friendly"",Washer,Dryer,Essentials,""24-hour check-in"",Hangers,""Hair dryer"",Iron,""Laptop friendly workspace"",""translation missing: en.hosting_amenity_50"",""Hot water"",""Host greets you""}",$307.00,1,$47.00,7,365,39.0,f,f,strict_14_with_grace_period
214,f,2.0,-22.98279927634931,-43.216040506752215,Apartment,Entire home/apt,9,2.0,2.0,4.0,Real Bed,"{TV,Internet,Wifi,""Air conditioning"",""Wheelchair accessible"",Kitchen,""Smoking allowed"",Doorman,Elevator,""Buzzer/wireless intercom"",""Family/kid friendly"",Washer,Dryer,""Smoke detector"",""Carbon monoxide detector"",""Safety card"",Essentials,Shampoo,""24-hour check-in"",Hangers,""Hair dryer"",Iron,""Laptop friendly workspace""}",$501.00,4,$55.00,2,730,118.0,f,f,strict_14_with_grace_period
215,f,2.0,-22.969988242076557,-43.189249563597954,Apartment,Private room,3,1.0,1.0,2.0,Real Bed,"{""Cable TV"",Internet,""Air conditioning"",Pool,Kitchen,Doorman,Breakfast,Elevator,""Family/kid friendly""}",$466.00,1,$0.00,1,14,2.0,f,f,strict_14_with_grace_period
216,t,1.0,-22.96412668266659,-43.17435722902548,Apartment,Entire home/apt,4,1.0,1.0,1.0,Real Bed,"{TV,Internet,Wifi,""Air conditioning"",Kitchen,Doorman,Elevator,""Buzzer/wireless intercom"",""Family/kid friendly"",Washer,""Smoke detector"",""Carbon monoxide detector"",""First aid kit"",Essentials,Shampoo,""24-hour check-in"",Hangers,""Hair dryer"",Iron,""Laptop friendly workspace"",""Self check-in"",""Children’s books and toys"",""Hot water"",""Luggage dropoff allowed"",""Host greets you""}",$152.00,2,$26.00,2,29,129.0,t,f,moderate
217,f,2.0,-22.967166242443188,-43.1877634912934,Apartment,Private room,2,1.0,1.0,1.0,Pull-out Sofa,"{TV,""Cable TV"",Wifi,""Air conditioning"",""Paid parking off premises"",Washer,""Fire extinguisher"",Essentials,Shampoo,""Lock on bedroom door"",Hangers,""Hair dryer"",Iron,""Laptop friendly workspace"",""Private entrance"",""Hot water"",""Bed linens"",""Extra pillows and blankets"",""Luggage dropoff allowed"",""Long term stays allowed"",""Host greets you"",""Paid parking on premises""}",$206.00,2,$97.00,2,760,4.0,t,f,strict_14_with_grace_period
218,f,1.0,-22.984347126634027,-43.22991567851923,Apartment,Entire home/apt,6,3.5,4.0,3.0,Real Bed,"{TV,""Cable TV"",Internet,Wifi,""Air conditioning"",Kitchen,""Free parking on premises"",Doorman,Elevator,""Buzzer/wireless intercom"",""Family/kid friendly"",Washer,Dryer,""Fire extinguisher"",Hangers,""Hair dryer"",Iron}","$3,885.00",1,$0.00,2,7,0.0,f,f,strict_14_with_grace_period
219,f,4.0,-22.91892232990708,-43.180798409147975,House,Private room,1,1.0,1.0,1.0,Real Bed,"{Wifi,Pool,Kitchen,""Smoking allowed"",""Pets live on this property"",Cat(s),""Free street parking"",""Family/kid friendly"",Washer,""First aid kit"",""Fire extinguisher"",Essentials,""Lock on bedroom door"",Hangers,""Hair dryer"",Iron,""Laptop friendly workspace"",""Private entrance"",""Hot water"",""Bed linens"",""Extra pillows and blankets"",Microwave,""Coffee maker"",Refrigerator,""Dishes and silverware"",""Cooking basics"",Stove,""Patio or balcony"",""Luggage dropoff allowed"",""Long term stays allowed"",Waterfront}",$47.00,1,$0.00,30,365,4.0,t,f,strict_14_with_grace_period
220,t,5.0,-22.976349498419648,-43.1980857479488,Apartment,Entire home/apt,8,2.0,2.0,5.0,Real Bed,"{TV,""Cable TV"",Internet,Wifi,""Air conditioning"",Kitchen,""Free parking on premises"",Doorman,Elevator,""Free street parking"",""Buzzer/wireless intercom"",""Family/kid friendly"",Washer,""Smoke detector"",""Carbon monoxide detector"",""Safety card"",""Fire extinguisher"",Essentials,Shampoo,""24-hour check-in"",Hangers,""Hair dryer"",Iron,""Laptop friendly workspace"",""Self check-in"",""Building staff"",""Babysitter recommendations"",Crib,""Room-darkening shades"",""Hot water"",""Bed linens"",""Extra pillows and blankets"",Microwave,""Coffee maker"",Refrigerator,""Dishes and silverware"",""Cooking basics"",Oven,Stove,""Long term stays allowed"",""Step-free access"",""Step-free access"",Waterfront}",$291.00,2,$19.00,1,420,278.0,t,f,strict_14_with_grace_period
221,t,1.0,-22.98338449702436,-43.22332382611702,Apartment,Entire home/apt,6,2.5,2.0,5.0,Real Bed,"{TV,Internet,Wifi,""Air conditioning"",Kitchen,""Paid parking off premises"",""Hot tub"",""Buzzer/wireless intercom"",Washer,Essentials,Hangers,""Hair dryer"",Iron,""Laptop friendly workspace"",""translation missing: en.hosting_amenity_49"",""translation missing: en.hosting_amenity_50"",""Window guards"",""Hot water"",""Long term stays allowed"",""Host greets you""}",$528.00,2,$132.00,3,630,41.0,f,f,strict_14_with_grace_period
222,f,4.0,-22.91676052807437,-43.18069672597135,House,Private room,1,1.0,1.0,1.0,Real Bed,"{Wifi,Pool,Kitchen,""Smoking allowed"",""Pets live on this property"",Cat(s),""Free street parking"",""Family/kid friendly"",Washer,""First aid kit"",""Fire extinguisher"",Essentials,""Lock on bedroom door"",Hangers,""Hair dryer"",Iron,""Laptop friendly workspace"",""Private entrance"",""Hot water"",""Bed linens"",""Extra pillows and blankets"",Microwave,""Coffee maker"",Refrigerator,""Dishes and silverware"",""Cooking basics"",Stove,""Patio or balcony"",""Luggage dropoff allowed"",""Long term stays allowed"",Waterfront}",$47.00,1,$0.00,30,365,2.0,t,f,strict_14_with_grace_period
223,f,1.0,-22.98420668608182,-43.19833003841678,Apartment,Entire home/apt,4,2.0,2.0,2.0,Real Bed,"{TV,""Cable TV"",Wifi,""Air conditioning"",Kitchen,""Free parking on premises"",Doorman,Elevator,""Buzzer/wireless intercom"",""Family/kid friendly"",Washer,Dryer}",$389.00,4,$78.00,2,1095,84.0,f,f,strict_14_with_grace_period
224,f,1.0,-22.91405880798496,-43.18951387271496,Apartment,Private room,4,1.0,1.0,2.0,Real Bed,"{TV,Internet,Wifi,""Air conditioning"",""Wheelchair accessible"",Kitchen,Doorman,Elevator,""Free street parking"",""Buzzer/wireless intercom"",""Family/kid friendly"",Washer,""Fire extinguisher"",Essentials,Shampoo,Hangers,Iron,""Laptop friendly workspace"",""Private entrance"",""Hot water"",""Host greets you""}",$124.00,2,$70.00,4,60,2.0,t,f,flexible
225,f,2.0,-22.98229706104734,-43.20026240448823,Apartment,Private room,2,2.0,2.0,2.0,Real Bed,"{TV,""Cable TV"",Internet,Wifi,""Air conditioning"",""Wheelchair accessible"",Kitchen,""Smoking allowed"",""Pets allowed"",Doorman,Breakfast,Elevator,""Buzzer/wireless intercom"",Washer,Dryer,""Smoke detector"",""Carbon monoxide detector"",""Fire extinguisher"",Essentials,Shampoo,""Lock on bedroom door"",""24-hour check-in"",Hangers,""Hair dryer"",Iron,""Laptop friendly workspace"",""translation missing: en.hosting_amenity_49"",""translation missing: en.hosting_amenity_50""}",$291.00,1,$0.00,3,1125,10.0,f,f,moderate
226,f,1.0,-22.99629619146048,-43.2601829350536,Apartment,Private room,2,2.0,1.0,1.0,Real Bed,"{TV,""Cable TV"",Internet,Wifi,""Air conditioning"",""Wheelchair accessible"",Pool,Kitchen,""Free parking on premises"",""Smoking allowed"",Doorman,Gym,Breakfast,Elevator,""Buzzer/wireless intercom"",""Family/kid friendly"",Washer,""Fire extinguisher"",Essentials,Shampoo}",$354.00,1,$0.00,2,7,12.0,f,f,strict_14_with_grace_period
227,f,2.0,-22.98414458082781,-43.20337025362566,Apartment,Private room,3,2.0,1.0,2.0,Real Bed,"{""Cable TV"",Internet,Wifi,Kitchen}",$221.00,1,$150.00,3,30,5.0,t,f,strict_14_with_grace_period
228,f,11.0,-22.9814200077112,-43.192204998511016,Apartment,Entire home/apt,2,1.0,1.0,1.0,Real Bed,"{TV,Internet,Wifi,""Air conditioning"",Kitchen,""Fire extinguisher"",Essentials,Shampoo,Hangers,""Hair dryer"",Iron,""Laptop friendly workspace"",""translation missing: en.hosting_amenity_49"",""translation missing: en.hosting_amenity_50"",""Luggage dropoff allowed"",""Long term stays allowed"",""Host greets you"",""Paid parking on premises""}",$148.00,1,$0.00,3,90,13.0,f,f,strict_14_with_grace_period
229,f,3.0,-22.981872289372355,-43.20992507519677,Apartment,Entire home/apt,4,3.0,3.0,4.0,Real Bed,"{TV,""Cable TV"",Internet,Wifi,""Air conditioning"",Kitchen,""Free parking on premises"",""Smoking allowed"",Doorman,Elevator,Washer,Dryer}","$1,235.00",4,$389.00,7,90,1.0,f,f,strict_14_with_grace_period
230,f,1.0,-22.980323488693045,-43.203344957216586,Apartment,Private room,5,2.0,1.0,3.0,Real Bed,"{""Cable TV"",Wifi,Kitchen,""Smoking allowed"",""Pets allowed"",Doorman,Breakfast,Elevator,""Buzzer/wireless intercom""}",$389.00,1,$0.00,1,760,0.0,f,f,flexible
231,f,1.0,-23.011648567536263,-43.32647240097136,Apartment,Entire home/apt,3,1.0,1.0,2.0,Real Bed,"{TV,""Cable TV"",Internet,Wifi,""Air conditioning"",""Wheelchair accessible"",Pool,Kitchen,""Free parking on premises"",Doorman,Gym,Elevator,""Hot tub"",""Buzzer/wireless intercom"",Heating,""Family/kid friendly"",Washer,Dryer}",$466.00,1,$0.00,5,365,0.0,f,f,strict_14_with_grace_period
232,f,1.0,-22.959961738538645,-43.42122552371821,House,Entire home/apt,16,5.0,6.0,8.0,Real Bed,"{TV,Internet,Wifi,Pool,Kitchen,""Free parking on premises"",""Family/kid friendly"",""Suitable for events"",Washer,Essentials,Shampoo}",$618.00,4,$44.00,4,365,0.0,f,f,strict_14_with_grace_period
233,f,8.0,-22.941752610258053,-43.188003053555136,House,Private room,2,2.0,1.0,1.0,Real Bed,"{TV,""Cable TV"",Internet,Wifi,Kitchen,""Free parking on premises"",Breakfast,""Pets live on this property"",Dog(s),""Free street parking"",""Buzzer/wireless intercom"",Washer,Essentials,""Lock on bedroom door"",""translation missing: en.hosting_amenity_49"",""translation missing: en.hosting_amenity_50"",""Hot water"",""Host greets you""}",$70.00,1,$48.00,3,200,16.0,f,f,strict_14_with_grace_period
234,f,4.0,-22.91574352658197,-43.18425320626961,Apartment,Entire home/apt,2,1.0,0.0,2.0,Real Bed,"{TV,Wifi,""Air conditioning"",Kitchen,Doorman,Elevator,""Family/kid friendly""}",$552.00,2,$0.00,1,365,3.0,f,f,strict_14_with_grace_period
235,f,11.0,-22.98096711486828,-43.19193587444629,Apartment,Private room,3,1.0,1.0,2.0,Real Bed,"{TV,Internet,Wifi,""Air conditioning"",Kitchen,""Paid parking off premises"",""Smoking allowed"",""Pets allowed"",""Free street parking"",""Buzzer/wireless intercom"",""Suitable for events"",""Fire extinguisher"",Essentials,Shampoo,""Lock on bedroom door"",Hangers,""Hair dryer"",""Private entrance"",""Hot water"",""Host greets you"",""Paid parking on premises""}",$190.00,2,$75.00,5,90,20.0,f,f,strict_14_with_grace_period
236,f,1.0,-22.97334479743856,-43.20702499511831,Apartment,Entire home/apt,4,2.0,2.0,2.0,Real Bed,"{TV,""Cable TV"",Wifi,""Air conditioning"",Pool,Kitchen,""Paid parking off premises"",Elevator,Washer,""Smoke detector"",""Fire extinguisher"",Essentials,Hangers,""Hair dryer"",Iron,""Laptop friendly workspace"",""translation missing: en.hosting_amenity_49"",""translation missing: en.hosting_amenity_50"",""Window guards"",""Hot water"",""Bed linens"",""Extra pillows and blankets"",""Ethernet connection"",Microwave,""Coffee maker"",Refrigerator,""Dishes and silverware"",""Cooking basics"",Oven,Stove,""Patio or balcony"",""Long term stays allowed"",""Host greets you"",""Lake access""}",$229.00,4,$0.00,3,80,0.0,f,f,strict_14_with_grace_period
237,f,2.0,-22.93662943735341,-43.17659614019249,Apartment,Entire home/apt,2,1.0,1.0,1.0,Real Bed,"{TV,""Cable TV"",Internet,Wifi,""Air conditioning"",Kitchen,Doorman,Elevator,""Buzzer/wireless intercom"",""Family/kid friendly"",Washer,Essentials,""translation missing: en.hosting_amenity_50"",""Window guards"",""Bed linens""}",$253.00,2,$117.00,2,15,32.0,t,f,strict_14_with_grace_period
238,f,3.0,-22.98400632725136,-43.19378089346319,Apartment,Entire home/apt,10,2.0,1.0,10.0,Futon,"{TV,Wifi,""Air conditioning"",Kitchen,Doorman,Elevator,""Buzzer/wireless intercom"",""Family/kid friendly"",Essentials,Shampoo,Hangers,""Hot water"",""Bed linens"",""Host greets you""}",$249.00,1,$50.00,3,365,4.0,f,f,strict_14_with_grace_period
239,f,2.0,-22.96206973042889,-43.174693591515656,Apartment,Entire home/apt,4,1.0,1.0,2.0,Real Bed,"{TV,""Cable TV"",Internet,Wifi,""Air conditioning"",Kitchen,Doorman,Elevator,""Buzzer/wireless intercom"",""Family/kid friendly"",Washer,Dryer,""Smoke detector"",""Carbon monoxide detector"",Essentials,""24-hour check-in"",Hangers,""Laptop friendly workspace"",""Self check-in"",""Smart lock"",""Hot water"",""Long term stays allowed""}",$253.00,2,$136.00,1,365,44.0,t,f,flexible
240,f,54.0,-22.962146244510706,-43.17439882421354,Apartment,Entire home/apt,4,1.0,1.0,2.0,Real Bed,"{TV,""Cable TV"",Internet,Wifi,""Air conditioning"",Kitchen,Doorman,Elevator,""Buzzer/wireless intercom"",""Family/kid friendly"",Washer,Dryer,""Smoke detector"",""Carbon monoxide detector"",Essentials,Shampoo,""24-hour check-in"",Hangers,""Hair dryer"",Iron,""Laptop friendly workspace"",""Self check-in"",Lockbox,""Private entrance"",""Room-darkening shades"",""Hot water"",""Bed linens"",""Extra pillows and blankets"",""Ethernet connection"",Microwave,""Coffee maker"",Refrigerator,""Dishes and silverware"",""Cooking basics"",Oven,Stove,""Luggage dropoff allowed"",""Long term stays allowed"",""Wide doorway"",""Flat path to front door"",""Well-lit path to entrance"",""Step-free access"",""Wide doorway"",""Accessible-height toilet"",""Wide entryway"",Beachfront}",$175.00,2,$60.00,2,89,100.0,t,f,super_strict_30
241,t,8.0,-22.99660148759885,-43.26964638692844,Bed and breakfast,Private room,2,1.0,1.0,1.0,Real Bed,"{Wifi,""Air conditioning"",Pool,Kitchen,""Paid parking off premises"",""Free street parking"",""Family/kid friendly"",Washer,Essentials,Hangers,""Hair dryer"",Iron,""Laptop friendly workspace"",""translation missing: en.hosting_amenity_50"",""Hot water"",""Bed linens"",""Extra pillows and blankets"",Microwave,""Coffee maker"",Refrigerator,Dishwasher,""Dishes and silverware"",""Cooking basics"",Oven,Stove,""BBQ grill"",""Garden or backyard"",""Luggage dropoff allowed"",""Long term stays allowed"",""Host greets you""}",$105.00,1,$30.00,1,180,18.0,f,f,flexible
242,f,2.0,-22.91410551376948,-43.18576811966778,Condominium,Entire home/apt,5,1.0,1.0,1.0,Real Bed,"{TV,Wifi,""Air conditioning"",Kitchen,Doorman,Elevator,""Buzzer/wireless intercom"",Washer,Microwave,""Coffee maker"",Refrigerator,""Dishes and silverware"",""Cooking basics"",Stove,""Well-lit path to entrance"",""Step-free access"",""Handheld shower head""}",$237.00,2,$39.00,2,180,2.0,f,f,flexible
243,f,30.0,-22.96557450660161,-43.17722601487897,Apartment,Private room,4,0.0,1.0,2.0,Real Bed,"{TV,""Cable TV"",Wifi,""Air conditioning"",""Wheelchair accessible"",""Paid parking off premises"",Doorman,Elevator,""Buzzer/wireless intercom"",""Family/kid friendly"",""Fire extinguisher"",Essentials,Shampoo,""Lock on bedroom door"",""24-hour check-in"",Hangers,""Hair dryer"",Iron,""Laptop friendly workspace"",""translation missing: en.hosting_amenity_50"",""Private entrance"",""Room-darkening shades"",""Children’s dinnerware"",""Hot water"",""Host greets you""}",$140.00,4,$0.00,1,90,23.0,f,f,strict_14_with_grace_period
244,f,30.0,-22.96285775825769,-43.17575309203559,Apartment,Entire home/apt,2,1.0,1.0,1.0,Real Bed,"{TV,Wifi,""Air conditioning"",Kitchen,""Paid parking off premises"",Doorman,Elevator,""Buzzer/wireless intercom"",""Family/kid friendly"",Essentials,Shampoo,""24-hour check-in"",Hangers,""Hair dryer"",Iron,""Laptop friendly workspace"",""Hot water"",""Bed linens"",""Extra pillows and blankets"",""Pocket wifi"",""Long term stays allowed"",""Host greets you""}",$82.00,2,$0.00,2,90,83.0,f,f,moderate
246,f,2.0,-22.966566777898173,-43.19191531619556,Apartment,Entire home/apt,5,2.0,2.0,4.0,Real Bed,"{TV,""Cable TV"",Internet,Wifi,""Air conditioning"",Kitchen,""Smoking allowed"",Breakfast,""Buzzer/wireless intercom"",""translation missing: en.hosting_amenity_49"",""translation missing: en.hosting_amenity_50""}",$451.00,1,$0.00,3,1125,2.0,f,f,strict_14_with_grace_period
247,f,4.0,-22.98054244450124,-43.19368567529776,Apartment,Entire home/apt,4,1.0,1.0,3.0,Real Bed,"{TV,Internet,Wifi,""Air conditioning"",""Wheelchair accessible"",Kitchen,""Smoking allowed"",Doorman,Elevator,""Buzzer/wireless intercom"",""Family/kid friendly"",Essentials}",$159.00,2,$28.00,3,180,69.0,f,f,strict_14_with_grace_period
248,t,2.0,-22.98316236650058,-43.211911020559256,Apartment,Entire home/apt,4,1.0,1.0,3.0,Real Bed,"{TV,""Cable TV"",Wifi,""Air conditioning"",Kitchen,""Pets allowed"",Elevator,""Free street parking"",""Family/kid friendly"",Essentials,Shampoo,Hangers,""Hair dryer"",Iron,""Laptop friendly workspace"",""Self check-in"",""Building staff"",Crib,""Room-darkening shades"",""Hot water"",""Bed linens"",""Extra pillows and blankets"",Microwave,""Coffee maker"",Refrigerator,""Dishes and silverware"",""Cooking basics"",Oven,""Luggage dropoff allowed"",""Long term stays allowed"",""Paid parking on premises""}",$291.00,2,$39.00,2,900,146.0,t,f,moderate
249,f,9.0,-22.984824586422945,-43.19076514212617,Apartment,Entire home/apt,4,1.0,1.0,1.0,Real Bed,"{TV,""Cable TV"",Internet,Wifi,""Air conditioning"",Kitchen,""Paid parking off premises"",""Smoking allowed"",Doorman,Elevator,""Buzzer/wireless intercom"",""Family/kid friendly"",Washer,Essentials,Hangers,Iron,""Self check-in"",""Building staff"",""Hot water"",""Bed linens""}",$171.00,2,$20.00,2,90,20.0,f,f,strict_14_with_grace_period
251,f,11.0,-22.97955322851062,-43.19168743273698,Apartment,Entire home/apt,4,1.0,1.0,2.0,Real Bed,"{TV,Internet,Wifi,""Air conditioning"",Kitchen,""Buzzer/wireless intercom"",""Fire extinguisher"",Essentials,Shampoo,Hangers,""Hair dryer"",Iron,""Luggage dropoff allowed"",""Long term stays allowed"",""Host greets you"",""Paid parking on premises""}",$159.00,2,$70.00,3,90,21.0,f,f,strict_14_with_grace_period
252,t,3.0,-22.95172042928843,-43.16852930959428,House,Entire home/apt,4,1.0,1.0,4.0,Real Bed,"{TV,""Cable TV"",Wifi,""Air conditioning"",Kitchen,""Smoking allowed"",""Free street parking"",Washer,Dryer,Essentials,""24-hour check-in"",Hangers,""Hair dryer"",Iron,""Laptop friendly workspace"",""translation missing: en.hosting_amenity_49"",""translation missing: en.hosting_amenity_50"",""Hot water"",""Luggage dropoff allowed"",""Long term stays allowed"",""Host greets you""}",$268.00,4,$78.00,3,365,4.0,f,f,strict_14_with_grace_period
253,f,2.0,-22.97428661297693,-43.18919132356928,Apartment,Entire home/apt,4,1.0,1.0,1.0,Real Bed,"{TV,Internet,Wifi,""Air conditioning"",Kitchen,Doorman,Elevator,""Family/kid friendly"",Washer,Dryer,Essentials,""24-hour check-in"",""Hair dryer"",Iron}",$194.00,3,$65.00,3,30,4.0,f,f,strict_14_with_grace_period
254,f,2.0,-22.96460079939253,-43.1905912692168,Apartment,Entire home/apt,4,1.0,0.0,1.0,Real Bed,"{TV,""Cable TV"",Internet,Wifi,""Air conditioning"",""Wheelchair accessible"",Kitchen,Doorman,Elevator,""Buzzer/wireless intercom"",""Family/kid friendly"",Essentials,""24-hour check-in"",Hangers,""Hair dryer"",""Laptop friendly workspace"",""Room-darkening shades""}",$389.00,2,$0.00,4,30,16.0,f,f,moderate
255,f,2.0,-22.984270254982253,-43.2200531468966,Apartment,Entire home/apt,5,1.5,2.0,1.0,Real Bed,"{Internet,Wifi,""Air conditioning"",Kitchen,Doorman,Elevator,""Buzzer/wireless intercom"",""Family/kid friendly"",Essentials,""24-hour check-in"",""Hair dryer"",Iron,""Laptop friendly workspace""}",$400.00,2,$400.00,4,30,12.0,f,f,strict_14_with_grace_period
256,f,4.0,-22.914945424991373,-43.18231701994301,Apartment,Entire home/apt,2,1.0,0.0,2.0,Real Bed,"{TV,Kitchen,Elevator}",$206.00,2,$0.00,1,1125,1.0,f,f,strict_14_with_grace_period
257,f,4.0,-22.915657123104356,-43.18482420066383,Apartment,Entire home/apt,2,1.0,0.0,2.0,Pull-out Sofa,"{TV,Wifi,""Air conditioning"",Kitchen,""Smoking allowed"",""Pets allowed"",Elevator,""Family/kid friendly""}",$198.00,2,$0.00,1,1125,0.0,f,f,strict_14_with_grace_period
259,t,3.0,-22.96958765589324,-43.188857845615566,Apartment,Private room,3,1.0,1.0,2.0,Real Bed,"{TV,""Cable TV"",Internet,Wifi,""Air conditioning"",Kitchen,""Smoking allowed"",Doorman,Elevator,""Buzzer/wireless intercom"",Washer}",$152.00,2,$60.00,2,30,42.0,t,f,strict_14_with_grace_period
260,f,1.0,-22.966601373668865,-43.181422193353065,Apartment,Entire home/apt,4,2.0,2.0,2.0,Real Bed,"{Wifi,""Air conditioning"",Kitchen,""Pets allowed"",Doorman,Elevator,""Buzzer/wireless intercom"",""Family/kid friendly"",Washer,Shampoo,""24-hour check-in"",Hangers,""Hair dryer"",Iron}",$303.00,4,$155.00,3,60,125.0,t,f,strict_14_with_grace_period
261,f,2.0,-22.9471199655438,-43.18553808706627,Apartment,Private room,2,1.5,1.0,1.0,Real Bed,"{TV,""Cable TV"",Internet,Wifi,Kitchen,""Smoking allowed"",Doorman,""Buzzer/wireless intercom"",""Family/kid friendly"",Washer,Essentials,""24-hour check-in"",Hangers,""Hair dryer"",Iron,""Private living room"",""Hot water"",""Bed linens"",""Extra pillows and blankets"",""Luggage dropoff allowed""}",$101.00,2,$38.00,1,19,142.0,f,f,strict_14_with_grace_period
262,f,1.0,-22.93352204321092,-43.181165330398514,Apartment,Entire home/apt,2,1.0,1.0,1.0,Real Bed,"{""Cable TV"",Internet,Wifi,""Air conditioning"",Kitchen,Doorman,Elevator,""Buzzer/wireless intercom"",""Family/kid friendly"",Washer,Essentials,""24-hour check-in"",Hangers,""Hair dryer"",Iron,""Laptop friendly workspace"",""Bed linens""}",$120.00,2,$50.00,28,1125,12.0,f,f,strict_14_with_grace_period
263,f,1.0,-23.00683607538989,-43.32427114566512,Apartment,Entire home/apt,4,2.0,2.0,2.0,Real Bed,"{TV,""Cable TV"",Internet,Wifi,""Air conditioning"",Pool,Kitchen,""Free parking on premises"",""Smoking allowed"",Doorman,Gym,Elevator,""Buzzer/wireless intercom"",Washer,""translation missing: en.hosting_amenity_49"",""translation missing: en.hosting_amenity_50""}",$291.00,2,$47.00,5,365,13.0,f,f,strict_14_with_grace_period
264,f,2.0,-22.946820542869315,-43.18368433055903,Guesthouse,Private room,2,1.5,1.0,1.0,Real Bed,"{TV,""Cable TV"",Internet,Wifi,Kitchen,""Smoking allowed"",Doorman,""Free street parking"",""Buzzer/wireless intercom"",Washer,Essentials,""Lock on bedroom door"",""24-hour check-in"",Hangers,""Hair dryer"",Iron,""Laptop friendly workspace"",""Private living room"",""Hot water"",Microwave,""Dishes and silverware"",""Cooking basics"",Stove,""Luggage dropoff allowed"",""Host greets you""}",$140.00,2,$50.00,1,19,217.0,f,f,strict_14_with_grace_period
265,f,1.0,-22.915254577724543,-43.18136289087772,House,Entire home/apt,3,1.0,1.0,3.0,Real Bed,"{Wifi,""Air conditioning"",Kitchen,""Smoking allowed"",""Pets live on this property"",Dog(s),""Family/kid friendly"",Essentials,Hangers,""Hair dryer"",Iron}",$179.00,1,$80.00,2,1125,20.0,f,f,strict_14_with_grace_period
266,f,2.0,-22.986684516279222,-43.20403453139976,Apartment,Entire home/apt,2,1.0,1.0,1.0,Real Bed,"{TV,""Cable TV"",Internet,Wifi,""Air conditioning"",""Wheelchair accessible"",Kitchen,Doorman,Elevator,""Buzzer/wireless intercom"",""Family/kid friendly"",Washer}",$583.00,2,$97.00,5,14,26.0,f,f,super_strict_30
267,f,1.0,-22.97984791308875,-43.191354046534975,Apartment,Entire home/apt,5,1.0,1.0,3.0,Real Bed,"{TV,""Cable TV"",Internet,Wifi,""Air conditioning"",Kitchen,Doorman,Elevator,""Family/kid friendly"",""Suitable for events"",Washer,Dryer,Essentials,""Hair dryer"",Iron,""Laptop friendly workspace"",""Self check-in"",""Smart lock"",""Hot water"",""Long term stays allowed"",""Paid parking on premises""}",$225.00,5,$78.00,5,90,116.0,t,f,strict_14_with_grace_period
268,f,2.0,-22.9300689216508,-43.19453100989298,Apartment,Private room,2,1.0,1.0,1.0,Real Bed,"{""Cable TV"",Internet,Wifi,""Air conditioning"",Kitchen,Doorman,Breakfast,Elevator,""Buzzer/wireless intercom"",Washer,Shampoo}",$583.00,1,$117.00,2,300,7.0,f,f,strict_14_with_grace_period
269,f,3.0,-22.96719546430432,-43.17983066452528,Apartment,Entire home/apt,3,1.0,1.0,1.0,Real Bed,"{TV,""Cable TV"",Internet,Wifi,""Air conditioning"",Kitchen,""Paid parking off premises"",""Smoking allowed"",Doorman,Elevator,""Buzzer/wireless intercom"",Essentials,Hangers,Iron,""Laptop friendly workspace"",""Hot water"",""Luggage dropoff allowed"",""Long term stays allowed"",""Host greets you""}",$249.00,1,$0.00,2,365,8.0,f,f,strict_14_with_grace_period
270,t,5.0,-22.98404668007873,-43.20033559708556,Apartment,Entire home/apt,4,1.5,2.0,2.0,Real Bed,"{TV,""Cable TV"",Internet,Wifi,""Air conditioning"",Kitchen,""Free parking on premises"",""Smoking allowed"",""Pets allowed"",Doorman,Elevator,""Buzzer/wireless intercom"",""Family/kid friendly"",Washer,Dryer,Hangers,""Hair dryer"",Iron,""Laptop friendly workspace"",""Self check-in"",""Building staff"",""Children’s books and toys"",""Hot water"",""Luggage dropoff allowed"",""Long term stays allowed""}",$198.00,4,$60.00,2,1124,29.0,f,f,strict_14_with_grace_period
271,f,5.0,-22.91789143527505,-43.19163762427343,Apartment,Private room,2,1.0,1.0,1.0,Real Bed,"{Internet,Wifi,""Air conditioning"",""Wheelchair accessible"",Kitchen,""Pets live on this property"",Cat(s),""Family/kid friendly"",Washer,""Hair dryer"",Iron,""Laptop friendly workspace""}",$291.00,1,$0.00,1,14,2.0,t,f,strict_14_with_grace_period
272,f,1.0,-22.98410438970749,-43.19268956952354,Apartment,Entire home/apt,3,1.0,1.0,2.0,Real Bed,"{TV,""Cable TV"",Wifi,""Air conditioning"",Kitchen,""Smoking allowed"",Doorman,Elevator,""Buzzer/wireless intercom"",""Fire extinguisher"",""Laptop friendly workspace"",""translation missing: en.hosting_amenity_49"",""translation missing: en.hosting_amenity_50""}",$66.00,2,$50.00,3,30,44.0,t,f,strict_14_with_grace_period
273,f,2.0,-22.966306735066148,-43.17260586702315,Apartment,Entire home/apt,6,2.5,3.0,3.0,Real Bed,"{TV,""Cable TV"",Internet,Wifi,""Air conditioning"",""Wheelchair accessible"",Kitchen,""Smoking allowed"",Doorman,Elevator,""Buzzer/wireless intercom"",""Family/kid friendly"",Washer,Essentials,Hangers,Iron,""Laptop friendly workspace""}",$680.00,4,$0.00,3,30,12.0,f,f,strict_14_with_grace_period
274,f,2.0,-22.938361619417247,-43.20521792145274,Loft,Entire home/apt,5,1.5,1.0,2.0,Real Bed,"{TV,Internet,Wifi,Kitchen,""Free parking on premises"",""Smoking allowed"",""Pets allowed"",Doorman,Elevator,""Hot tub"",""Indoor fireplace"",""Family/kid friendly"",Washer,""Fire extinguisher"",Essentials,Shampoo,""24-hour check-in"",Hangers,""Hair dryer"",Iron,""Laptop friendly workspace"",""High chair"",""Children’s books and toys"",""Hot water"",""Luggage dropoff allowed"",""Long term stays allowed"",""Host greets you""}",$229.00,2,$78.00,2,365,27.0,f,f,strict_14_with_grace_period
275,f,1.0,-22.979536705668284,-43.19019484304139,Apartment,Entire home/apt,4,1.0,1.0,4.0,Real Bed,"{TV,Wifi,Kitchen,""Paid parking off premises"",""Smoking allowed"",Elevator,""Free street parking"",Washer,""Smoke detector"",""Carbon monoxide detector"",""First aid kit"",""Fire extinguisher"",Essentials,Shampoo,Hangers,""Hair dryer"",""Laptop friendly workspace"",""translation missing: en.hosting_amenity_49"",""Baby monitor"",""Children’s books and toys"",""Room-darkening shades"",""Hot water"",""Bed linens"",""Extra pillows and blankets"",""Ethernet connection"",Microwave,""Coffee maker"",Refrigerator,""Dishes and silverware"",""Cooking basics"",Oven,Stove,""Beach essentials"",""Luggage dropoff allowed"",""Long term stays allowed"",""Wide hallway clearance"",""Wide doorway"",""Well-lit path to entrance"",""Step-free access"",""Wide clearance to bed"",""Accessible-height bed"",""Step-free access"",""Accessible-height toilet"",""Step-free access"",Waterfront,""Lake access"",Beachfront,""Ski in/Ski out"",""Handheld shower head"",""Shower chair""}",$132.00,4,$60.00,5,1125,73.0,f,f,strict_14_with_grace_period
276,f,2.0,-23.00654062415445,-43.34505822552332,Apartment,Entire home/apt,4,2.0,1.0,3.0,Real Bed,"{TV,""Cable TV"",Internet,Wifi,""Air conditioning"",""Wheelchair accessible"",Kitchen,""Free parking on premises"",""Smoking allowed"",""Pets allowed"",Doorman,Gym,Elevator,""Buzzer/wireless intercom"",""Family/kid friendly"",Washer,Dryer,""24-hour check-in"",Hangers,Iron,Microwave,""Coffee maker"",Refrigerator,""Dishes and silverware"",Oven,Stove}",$361.00,6,$96.00,3,365,8.0,f,f,strict_14_with_grace_period
277,f,1.0,-22.965306124566197,-43.18145602654845,Apartment,Private room,2,1.5,1.0,1.0,Real Bed,"{TV,""Cable TV"",Internet,Wifi,""Air conditioning"",Kitchen,Doorman,Elevator,""Buzzer/wireless intercom"",""Family/kid friendly"",Washer,Essentials,""Lock on bedroom door"",Hangers,Iron,""Laptop friendly workspace"",Microwave,Refrigerator,""Dishes and silverware"",""Cooking basics"",Oven,""Wide hallway clearance"",""Step-free access"",""Step-free access"",Beachfront}",$245.00,2,$250.00,7,36,0.0,f,f,strict_14_with_grace_period
278,f,1.0,-22.98354734310433,-43.197926757970045,Apartment,Private room,2,1.0,1.0,1.0,Real Bed,"{TV,Wifi,""Air conditioning"",Kitchen,""Paid parking off premises"",Gym,Breakfast,Elevator,""Free street parking"",Washer,""First aid kit"",Essentials,Shampoo,""Lock on bedroom door"",Hangers,""Hair dryer"",Iron,""Laptop friendly workspace"",""translation missing: en.hosting_amenity_49"",""translation missing: en.hosting_amenity_50"",""Stair gates"",""Window guards"",""Room-darkening shades"",""Hot water"",""Bed linens"",""Extra pillows and blankets"",Microwave,""Coffee maker"",Refrigerator,""Dishes and silverware"",""Cooking basics"",Oven,Stove,""BBQ grill"",""Luggage dropoff allowed"",""Wide hallway clearance"",""Step-free access"",""Wide doorway"",""Flat path to front door"",""Well-lit path to entrance"",""Step-free access"",""Wide doorway"",""Wide clearance to bed"",""Accessible-height bed"",""Step-free access"",""Accessible-height toilet"",""Step-free access"",""Wide entryway"",""Host greets you""}",$194.00,1,$58.00,3,28,8.0,f,f,strict_14_with_grace_period
279,f,1.0,-22.98288701833145,-43.20252122202401,Apartment,Entire home/apt,4,2.0,2.0,2.0,Real Bed,"{TV,""Cable TV"",Wifi,""Air conditioning"",Kitchen,Doorman,Elevator,""Buzzer/wireless intercom"",Washer,Dryer,Essentials,""translation missing: en.hosting_amenity_49"",""translation missing: en.hosting_amenity_50""}",$699.00,4,$332.00,4,21,14.0,f,f,strict_14_with_grace_period
280,f,1.0,-22.914853168581,-43.18586235182122,Apartment,Entire home/apt,3,1.0,2.0,2.0,Real Bed,"{TV,""Air conditioning"",Kitchen,""Buzzer/wireless intercom"",""Family/kid friendly""}",$272.00,3,$311.00,5,30,4.0,f,f,strict_14_with_grace_period
281,f,54.0,-22.967713427163147,-43.187179588697575,Apartment,Private room,2,1.0,1.0,1.0,Real Bed,"{TV,""Cable TV"",Internet,Wifi,""Air conditioning"",""Wheelchair accessible"",Kitchen,""Pets allowed"",Doorman,""Pets live on this property"",Dog(s),Cat(s),Elevator,""Buzzer/wireless intercom"",Washer,Dryer,Essentials,Shampoo,""Lock on bedroom door"",""24-hour check-in"",Hangers,""Hair dryer"",Iron,""Laptop friendly workspace"",""translation missing: en.hosting_amenity_49"",""translation missing: en.hosting_amenity_50"",""Private entrance"",""Window guards"",""Room-darkening shades"",""Hot water"",""Bed linens"",""Ethernet connection"",Microwave,""Coffee maker"",Refrigerator,Dishwasher,""Dishes and silverware"",""Cooking basics"",Oven,Stove,""Luggage dropoff allowed"",""Host greets you""}",$179.00,2,$100.00,3,30,30.0,f,f,strict_14_with_grace_period
282,f,1.0,-22.96776638572468,-43.1819181446616,Apartment,Entire home/apt,2,1.0,1.0,1.0,Real Bed,"{TV,""Cable TV"",Internet,Wifi,""Air conditioning"",""Wheelchair accessible"",Kitchen,""Smoking allowed"",Doorman,Elevator,""Buzzer/wireless intercom"",Essentials,Hangers,Iron,""Hot water"",""Bed linens"",""Extra pillows and blankets""}",$233.00,1,$0.00,4,365,23.0,t,f,moderate
283,f,5.0,-22.917038512195724,-43.19026223951512,Apartment,Entire home/apt,4,1.0,2.0,2.0,Real Bed,"{Wifi,""Air conditioning"",Kitchen,""Pets allowed"",""Family/kid friendly"",Washer,Essentials,""24-hour check-in""}","$1,360.00",3,$39.00,1,7,3.0,f,f,strict_14_with_grace_period
284,f,3.0,-22.96840278142752,-43.18209058881688,Condominium,Entire home/apt,2,1.0,1.0,1.0,Real Bed,"{TV,""Cable TV"",Wifi,""Air conditioning"",Pool,Kitchen,""Paid parking off premises"",Elevator,Washer,Essentials,Hangers,Iron,""Laptop friendly workspace"",""Hot water"",""Bed linens"",""Luggage dropoff allowed"",""Long term stays allowed"",""Host greets you""}",$179.00,2,$50.00,3,30,131.0,t,f,strict_14_with_grace_period
285,t,10.0,-22.98444654465981,-43.200373532313,Apartment,Entire home/apt,4,1.5,1.0,1.0,Real Bed,"{TV,""Cable TV"",Wifi,""Air conditioning"",Kitchen,Elevator,""Family/kid friendly"",Washer,""Fire extinguisher"",Essentials,""Lock on bedroom door"",Hangers,""Hair dryer"",Iron,""Laptop friendly workspace"",""Private living room"",""High chair"",""Babysitter recommendations"",Crib,""Room-darkening shades"",""Hot water"",""Bed linens"",""Extra pillows and blankets"",""Ethernet connection"",""Pocket wifi"",Microwave,""Coffee maker"",Refrigerator,""Dishes and silverware"",""Cooking basics"",""Luggage dropoff allowed"",""Long term stays allowed"",""Host greets you"",""Paid parking on premises""}",$152.00,3,$45.00,2,180,82.0,f,f,moderate
286,f,1.0,-22.881770552619844,-43.49129234328053,House,Private room,2,1.0,1.0,1.0,Real Bed,"{TV,""Cable TV"",Internet,Wifi,Kitchen,""Free parking on premises"",""Pets allowed"",Breakfast,Washer,Essentials,Shampoo,""Lock on bedroom door"",""Hot water"",""Host greets you""}",$31.00,1,$45.00,1,6,2.0,f,f,flexible
287,f,2.0,-22.8403448303516,-43.31419673129866,Apartment,Private room,1,1.0,1.0,1.0,Real Bed,"{TV,Internet,""Free parking on premises"",Breakfast,""Buzzer/wireless intercom""}",$233.00,1,$0.00,1,1125,0.0,f,f,flexible
288,f,1.0,-22.988558356395608,-43.2264087234198,Condominium,Entire home/apt,5,1.5,2.0,3.0,Real Bed,"{Internet,Wifi,""Air conditioning"",Kitchen,""Paid parking off premises"",""Smoking allowed"",Doorman,Elevator,""Buzzer/wireless intercom"",Heating,""Family/kid friendly"",Washer,""Smoke detector"",""Carbon monoxide detector"",""First aid kit"",""Safety card"",""Fire extinguisher"",Essentials,Shampoo,""24-hour check-in"",Hangers,""Hair dryer"",Iron,""Laptop friendly workspace"",""Hot water"",""Luggage dropoff allowed"",""Host greets you""}",$311.00,4,$97.00,8,18,17.0,f,f,strict_14_with_grace_period
289,f,2.0,-22.98680549263395,-43.19747563988771,Apartment,Entire home/apt,2,1.0,1.0,2.0,Real Bed,"{TV,Internet,Wifi,""Air conditioning"",""Paid parking off premises"",Doorman,Elevator,""Buzzer/wireless intercom"",""Family/kid friendly"",Essentials,Shampoo,Hangers,""Hair dryer"",Iron,""translation missing: en.hosting_amenity_49"",""Hot water"",Other}",$132.00,2,$220.00,3,90,25.0,f,f,strict_14_with_grace_period
290,f,2.0,-22.98059634546848,-43.19818025817462,Apartment,Entire home/apt,4,2.0,2.0,4.0,Real Bed,"{TV,""Cable TV"",Internet,""Air conditioning"",""Wheelchair accessible"",Kitchen,""Smoking allowed"",Doorman,Elevator,""Buzzer/wireless intercom"",""Family/kid friendly"",Washer}",$439.00,4,$132.00,2,1125,15.0,f,f,strict_14_with_grace_period
291,f,1.0,-22.97830402232031,-43.19089390579876,Apartment,Entire home/apt,3,1.0,1.0,2.0,Real Bed,"{TV,""Cable TV"",Internet,Wifi,""Air conditioning"",Kitchen,""Paid parking off premises"",Doorman,Elevator,""Family/kid friendly"",Essentials,""24-hour check-in"",Hangers,""Hair dryer"",Iron,""Laptop friendly workspace"",""Self check-in"",""Building staff"",""Hot water"",""Long term stays allowed""}",$253.00,2,$78.00,2,90,39.0,f,f,moderate
292,t,3.0,-22.97122528201036,-43.18994244721952,Apartment,Entire home/apt,5,2.0,2.0,4.0,Real Bed,"{TV,""Cable TV"",Internet,Wifi,""Air conditioning"",""Wheelchair accessible"",Pool,Kitchen,""Free parking on premises"",Doorman,Elevator,""Buzzer/wireless intercom"",""Family/kid friendly"",Washer,Dryer,""Smoke detector"",""Carbon monoxide detector"",""Fire extinguisher"",Essentials,Shampoo,""24-hour check-in"",Hangers,""Hair dryer"",Iron,""Laptop friendly workspace"",""Self check-in"",""Building staff"",""Private entrance"",""Outlet covers"",""Baby bath"",""High chair"",""Children’s books and toys"",""Babysitter recommendations"",Crib,""Pack ’n Play/travel crib"",""Room-darkening shades"",""Children’s dinnerware"",""Hot water"",""Bed linens"",""Extra pillows and blankets"",Microwave,""Coffee maker"",Refrigerator,Dishwasher,""Dishes and silverware"",""Cooking basics"",Oven,Stove,""EV charger"",""Patio or balcony"",""Beach essentials"",""Luggage dropoff allowed"",""Long term stays allowed"",""Cleaning before checkout"",""Wide hallway clearance"",""Step-free access"",""Wide doorway"",""Flat path to front door"",""Well-lit path to entrance"",""Disabled parking spot"",""Step-free access"",""Wide doorway"",""Wide clearance to bed"",""Accessible-height bed"",""Step-free access"",""Wide doorway"",""Accessible-height toilet"",""Step-free access"",""Wide entryway""}",$218.00,4,$38.00,2,90,90.0,f,f,strict_14_with_grace_period
293,f,2.0,-22.97916163850297,-43.22685597814176,Apartment,Private room,3,1.0,1.0,2.0,Real Bed,"{TV,""Cable TV"",Internet,Wifi,""Air conditioning"",""Wheelchair accessible"",Kitchen,""Smoking allowed"",Doorman,Elevator,""Buzzer/wireless intercom"",""Family/kid friendly"",""Suitable for events"",Essentials,Shampoo,Iron}",$163.00,1,$89.00,4,1125,11.0,f,f,strict_14_with_grace_period
294,f,2.0,-22.981368342518277,-43.19254561518488,Apartment,Entire home/apt,2,1.0,1.0,1.0,Real Bed,"{TV,""Cable TV"",Wifi,""Air conditioning"",""Wheelchair accessible"",Kitchen,""Smoking allowed"",Elevator,""Family/kid friendly"",Essentials,""Hot water"",""Extra pillows and blankets"",Microwave,""Coffee maker"",Refrigerator,Oven,""Single level home"",""Luggage dropoff allowed"",""Long term stays allowed""}",$132.00,1,$39.00,4,1125,28.0,f,f,strict_14_with_grace_period
295,t,1.0,-22.94315274909221,-43.18477592345403,Apartment,Private room,2,1.0,1.0,1.0,Real Bed,"{""Cable TV"",Internet,Wifi,""Air conditioning"",Kitchen,Doorman,Breakfast,Elevator,""Buzzer/wireless intercom"",Washer,Hangers,""Hair dryer"",""translation missing: en.hosting_amenity_49"",""translation missing: en.hosting_amenity_50""}",$155.00,1,$0.00,3,1125,87.0,t,f,strict_14_with_grace_period
296,f,2.0,-22.969035188990603,-43.18197203745554,Apartment,Entire home/apt,6,3.0,3.0,3.0,Real Bed,"{TV,""Cable TV"",Internet,Wifi,""Air conditioning"",Kitchen,Doorman,Elevator,""Buzzer/wireless intercom"",""Family/kid friendly"",Essentials,Hangers,""Laptop friendly workspace"",""Hot water"",""Long term stays allowed"",""Host greets you"",""Paid parking on premises""}",$777.00,3,$291.00,3,1125,1.0,f,f,strict_14_with_grace_period
297,f,1.0,-22.98624025727756,-43.22267605387779,Apartment,Entire home/apt,3,1.0,2.0,2.0,Real Bed,"{TV,""Cable TV"",Wifi,""Air conditioning"",Kitchen,""Paid parking off premises"",""Smoking allowed"",Doorman,Elevator,""Buzzer/wireless intercom"",""Family/kid friendly"",Washer,Dryer,Shampoo,""24-hour check-in"",Hangers,""Hair dryer"",Iron,""Laptop friendly workspace"",""translation missing: en.hosting_amenity_50"",""Self check-in"",""Building staff"",""Hot water"",""Luggage dropoff allowed""}",$389.00,3,$0.00,5,30,39.0,f,f,strict_14_with_grace_period
299,f,4.0,-22.941086899513486,-43.18754097357572,House,Private room,3,1.0,1.0,3.0,Real Bed,"{Internet,Wifi,Kitchen,""Free parking on premises"",Breakfast,""Pets live on this property"",Dog(s),""Buzzer/wireless intercom"",""Family/kid friendly"",Washer,Dryer}",$505.00,2,$272.00,3,90,1.0,f,f,flexible
300,f,4.0,-22.94078553714833,-43.18847217590761,House,Private room,2,1.0,1.0,2.0,Real Bed,"{TV,""Cable TV"",Internet,Wifi,Kitchen,""Free parking on premises"",Breakfast,""Family/kid friendly"",Washer,Dryer,""First aid kit"",""Fire extinguisher""}",$505.00,2,$272.00,3,90,3.0,f,f,moderate
301,f,5.0,-22.96946066222232,-43.188897901751176,Apartment,Entire home/apt,3,1.0,1.0,2.0,Real Bed,"{TV,Internet,Wifi,""Air conditioning"",Kitchen,Doorman,Elevator,""Buzzer/wireless intercom"",""Family/kid friendly""}",$210.00,1,$0.00,3,1125,1.0,f,f,strict_14_with_grace_period
302,f,3.0,-22.9246408635504,-43.191556863741,Hostel,Private room,2,2.0,1.0,1.0,Real Bed,"{TV,""Cable TV"",Internet,Wifi,""Air conditioning"",""Wheelchair accessible"",Kitchen,Doorman,""Pets live on this property"",Dog(s),Elevator,""Indoor fireplace"",""Buzzer/wireless intercom"",""First aid kit"",""Fire extinguisher"",Essentials}",$272.00,2,$0.00,2,21,20.0,f,f,moderate
303,f,3.0,-22.925010251668844,-43.19106890468637,Hostel,Private room,2,1.0,1.0,1.0,Real Bed,"{TV,""Cable TV"",Internet,Wifi,""Air conditioning"",""Wheelchair accessible"",Kitchen,""Smoking allowed"",Doorman,Breakfast,""Pets live on this property"",Dog(s),Cat(s),Elevator,""Hot tub"",""Indoor fireplace"",""Buzzer/wireless intercom"",""Family/kid friendly"",""Suitable for events"",Washer,Dryer,Essentials}",$971.00,2,$0.00,2,30,0.0,f,f,moderate
304,t,6.0,-22.985799653326374,-43.20196471813366,Apartment,Entire home/apt,2,1.0,1.0,1.0,Real Bed,"{TV,""Cable TV"",Internet,Wifi,""Air conditioning"",Kitchen,""Paid parking off premises"",Doorman,""Buzzer/wireless intercom"",Washer,Essentials,Hangers,""Hair dryer"",Iron,""Laptop friendly workspace"",""Hot water"",""Host greets you""}",$229.00,2,$39.00,4,90,122.0,t,f,strict_14_with_grace_period
305,f,1.0,-22.982118451850017,-43.19839655849066,Apartment,Private room,2,1.0,1.0,1.0,Real Bed,"{TV,""Cable TV"",Wifi,""Air conditioning"",Kitchen,""Smoking allowed"",Doorman,""Pets live on this property"",Dog(s),Elevator,""Buzzer/wireless intercom"",""Family/kid friendly"",Washer,Essentials,Shampoo,Hangers,""Hair dryer"",Iron,""translation missing: en.hosting_amenity_50"",""Bed linens"",""Extra pillows and blankets""}",$155.00,1,$78.00,3,30,10.0,t,f,strict_14_with_grace_period
307,t,4.0,-22.96870619690722,-43.18217336089753,Apartment,Private room,2,1.0,1.0,2.0,Real Bed,"{Internet,Wifi,Doorman,""Pets live on this property"",Dog(s),Cat(s),Elevator,""Buzzer/wireless intercom"",""Family/kid friendly"",Essentials,Hangers,""Hair dryer"",""Laptop friendly workspace"",""Luggage dropoff allowed"",""Host greets you""}",$124.00,1,$30.00,1,15,34.0,t,f,strict_14_with_grace_period
308,t,1.0,-22.96521432174303,-43.17614346349849,Apartment,Entire home/apt,8,1.5,2.0,6.0,Real Bed,"{TV,""Cable TV"",Internet,Wifi,""Air conditioning"",""Wheelchair accessible"",Kitchen,""Paid parking off premises"",""Smoking allowed"",Doorman,Elevator,""Buzzer/wireless intercom"",""Family/kid friendly"",Essentials,""24-hour check-in"",Hangers,""Hair dryer"",Iron,""Laptop friendly workspace"",""Self check-in"",""Building staff"",""Hot water"",""Bed linens"",""Coffee maker"",Refrigerator,""Dishes and silverware"",""Cooking basics"",Oven,Stove,""Patio or balcony"",""Luggage dropoff allowed"",""Long term stays allowed""}",$152.00,4,$16.00,1,120,63.0,f,f,strict_14_with_grace_period
309,f,4.0,-22.941385903671176,-43.18730402266775,House,Private room,8,2.0,1.0,8.0,Real Bed,"{TV,""Cable TV"",Internet,Wifi,Kitchen,""Free parking on premises"",Breakfast,""Pets live on this property"",Dog(s),""Family/kid friendly"",""Suitable for events"",Washer,Dryer,""First aid kit"",""Fire extinguisher"",Shampoo}","$1,360.00",6,$272.00,3,90,6.0,f,f,strict_14_with_grace_period
310,f,8.0,-22.94156584339963,-43.18577921079981,House,Private room,2,2.0,1.0,1.0,Real Bed,"{TV,""Cable TV"",Wifi,Kitchen,""Free parking on premises"",Breakfast,""Pets live on this property"",Dog(s),""Free street parking"",Washer,Essentials,""Lock on bedroom door"",""translation missing: en.hosting_amenity_49"",""translation missing: en.hosting_amenity_50"",""Hot water"",""Host greets you""}",$70.00,1,$68.00,3,1000,12.0,f,f,strict_14_with_grace_period
312,t,4.0,-22.977048719216143,-43.188644210944005,Apartment,Entire home/apt,5,2.0,2.0,3.0,Real Bed,"{TV,""Cable TV"",Internet,Wifi,""Air conditioning"",Kitchen,Doorman,Elevator,""Buzzer/wireless intercom"",""Family/kid friendly"",Washer,Essentials,""24-hour check-in"",Hangers,""Hair dryer"",Iron,""Laptop friendly workspace""}",$253.00,4,$97.00,3,31,164.0,f,f,strict_14_with_grace_period
313,f,2.0,-22.98309575598705,-43.301339493360345,House,Private room,2,1.0,1.0,1.0,Real Bed,"{TV,Wifi,""Air conditioning"",Pool,""Free parking on premises"",Doorman,""Pets live on this property"",Dog(s),Washer,Essentials,""Hair dryer"",Iron,""translation missing: en.hosting_amenity_49"",""translation missing: en.hosting_amenity_50""}",$198.00,2,$0.00,2,120,8.0,f,f,strict_14_with_grace_period
314,t,4.0,-22.9771726013364,-43.18935067591689,Apartment,Entire home/apt,6,2.0,2.0,4.0,Real Bed,"{TV,""Cable TV"",Internet,Wifi,""Air conditioning"",Kitchen,Doorman,Elevator,""Buzzer/wireless intercom"",""Family/kid friendly"",Washer,Dryer,Essentials,""24-hour check-in"",Hangers,""Hair dryer"",Iron,""Laptop friendly workspace""}",$229.00,4,$97.00,3,1125,158.0,f,f,strict_14_with_grace_period
315,f,3.0,-22.924733018859254,-43.19144220741261,Hostel,Private room,2,1.5,1.0,2.0,Real Bed,"{TV,""Cable TV"",Wifi,""Air conditioning"",""Wheelchair accessible"",Kitchen,""Smoking allowed"",Doorman,""Pets live on this property"",Dog(s),Cat(s),Elevator,""Indoor fireplace"",""Buzzer/wireless intercom"",""Suitable for events"",""First aid kit"",""Fire extinguisher"",Essentials}",$272.00,2,$39.00,2,30,13.0,f,f,moderate
316,f,5.0,-22.92269905848436,-43.1833651647412,Apartment,Entire home/apt,16,5.0,6.0,16.0,Real Bed,"{TV,""Cable TV"",Internet,Wifi,""Air conditioning"",Pool,Kitchen,""Free parking on premises"",""Smoking allowed"",""Pets allowed"",""Pets live on this property"",Dog(s),Cat(s),""Family/kid friendly"",Washer,Essentials}","$3,298.00",4,$0.00,1,30,11.0,t,f,strict_14_with_grace_period
317,f,1.0,-22.959867595274773,-43.208268552406,Apartment,Entire home/apt,5,1.5,2.0,3.0,Real Bed,"{TV,""Cable TV"",Internet,Wifi,""Air conditioning"",Kitchen,Elevator,""Buzzer/wireless intercom"",""Family/kid friendly"",Washer}",$649.00,4,$0.00,2,7,1.0,f,f,strict_14_with_grace_period
318,f,1.0,-22.95577257284226,-43.19907547086449,Apartment,Entire home/apt,3,1.0,1.0,2.0,Futon,"{Internet,Wifi,""Air conditioning"",Kitchen,""Smoking allowed"",Doorman,""Free street parking"",""Buzzer/wireless intercom"",""Family/kid friendly"",""Smoke detector"",Essentials,""Hot water"",""Host greets you""}",$350.00,2,$20.00,14,30,0.0,f,f,strict_14_with_grace_period
319,f,1.0,-22.92086951044769,-43.18861633994251,Apartment,Entire home/apt,6,3.0,2.0,5.0,Real Bed,"{TV,Internet,Wifi,""Wheelchair accessible"",Kitchen,""Smoking allowed"",""Pets allowed"",Doorman,Elevator,""Buzzer/wireless intercom"",""Family/kid friendly"",Washer,""First aid kit"",""Safety card"",Essentials,Hangers,Iron}","$1,251.00",1,$100.00,20,30,1.0,f,f,strict_14_with_grace_period
320,f,1.0,-22.96733825279193,-43.49179654833001,Loft,Private room,2,1.0,1.0,1.0,Pull-out Sofa,"{""Cable TV"",Wifi,Pool,Kitchen,""Free parking on premises"",""Smoking allowed"",""Pets allowed"",""Pets live on this property"",Dog(s),Cat(s),""Other pet(s)"",""Hot tub"",""Buzzer/wireless intercom"",""Family/kid friendly"",""Suitable for events"",Washer}",$198.00,1,$50.00,1,30,0.0,f,f,strict_14_with_grace_period
321,f,1.0,-22.96528749449213,-43.23700501085349,House,Private room,2,1.0,1.0,1.0,Real Bed,"{TV,Wifi,""Air conditioning"",""Free parking on premises"",Breakfast,""Pets live on this property"",Dog(s),Cat(s),""Family/kid friendly"",Washer,Dryer,Essentials}",$777.00,1,$0.00,1,30,0.0,f,f,flexible
322,t,2.0,-23.013567811414266,-43.31437445684339,Apartment,Private room,3,1.0,1.0,2.0,Real Bed,"{""Cable TV"",Wifi,""Air conditioning"",""Wheelchair accessible"",Pool,""Smoking allowed"",Breakfast,""Pets live on this property"",Dog(s),Elevator,""Buzzer/wireless intercom"",""Family/kid friendly"",Essentials,Hangers,""Hair dryer"",Iron,Bathtub,""Window guards"",""Bed linens"",Microwave,""Coffee maker"",Refrigerator,""Patio or balcony"",""Luggage dropoff allowed"",""Long term stays allowed"",""Wide hallway clearance"",""Step-free access"",""Wide doorway"",""Flat path to front door"",""Well-lit path to entrance"",""Step-free access"",""Wide clearance to bed"",""Step-free access"",""Wide doorway"",""Step-free access"",""Wide entryway""}",$152.00,1,$100.00,2,90,7.0,f,f,strict_14_with_grace_period
323,f,1.0,-23.02196914898275,-43.51959449724421,House,Private room,4,1.0,1.0,2.0,Real Bed,"{TV,Internet,Wifi,Kitchen,""Free parking on premises"",""Smoking allowed"",Doorman,""Pets live on this property"",Dog(s),""Family/kid friendly""}",$198.00,1,$118.00,2,1125,0.0,f,f,strict_14_with_grace_period
324,f,6.0,-22.97876256374912,-43.22409553427191,Apartment,Private room,1,1.0,1.0,1.0,Real Bed,"{Internet,Wifi,""Air conditioning"",Kitchen,Doorman,Elevator,""Buzzer/wireless intercom"",Washer,""Fire extinguisher"",Essentials,""Lock on bedroom door"",Hangers,""Hair dryer"",Iron,""Private entrance"",""Hot water"",""Bed linens"",""Extra pillows and blankets"",""Host greets you""}",$89.00,1,$0.00,2,30,41.0,t,f,strict_14_with_grace_period
325,f,2.0,-22.94311132915324,-43.18365506854623,Apartment,Private room,2,2.0,1.0,2.0,Real Bed,"{Internet,Wifi,Doorman,Elevator,""Buzzer/wireless intercom"",Washer,""First aid kit"",Essentials,""Lock on bedroom door"",Hangers,Iron,""Laptop friendly workspace"",""translation missing: en.hosting_amenity_49"",""translation missing: en.hosting_amenity_50"",""Self check-in"",""Building staff"",""Hot water"",""Bed linens"",""Extra pillows and blankets"",Microwave,Refrigerator,""Dishes and silverware"",""Cooking basics"",""Patio or balcony"",""Luggage dropoff allowed""}",$78.00,1,$50.00,4,15,99.0,f,f,moderate
326,t,2.0,-22.984803281066604,-43.19580586783267,Apartment,Entire home/apt,2,1.0,1.0,1.0,Real Bed,"{TV,Wifi,""Air conditioning"",""Wheelchair accessible"",Doorman,Elevator,""Buzzer/wireless intercom"",Washer,Dryer,""Smoke detector"",""First aid kit"",""Fire extinguisher"",Essentials,Hangers,""Hair dryer"",Iron,""Laptop friendly workspace"",""translation missing: en.hosting_amenity_49"",""translation missing: en.hosting_amenity_50"",""Private entrance"",""Bed linens"",""Extra pillows and blankets"",""Pocket wifi"",""Wide doorway"",""Well-lit path to entrance"",""Step-free access"",""Wide clearance to bed"",""Accessible-height bed"",""Step-free access"",""Wide doorway"",""Accessible-height toilet"",""Wide entryway""}",$89.00,1,$50.00,3,90,29.0,t,f,strict_14_with_grace_period
327,t,7.0,-22.928544124448017,-43.19478262863695,House,Private room,16,5.0,1.0,7.0,Real Bed,"{TV,""Cable TV"",Internet,Wifi,""Wheelchair accessible"",Pool,Kitchen,""Smoking allowed"",Breakfast,""Pets live on this property"",Cat(s),""Hot tub"",""Family/kid friendly"",""Suitable for events"",Washer,Essentials}",$175.00,2,$44.00,1,30,61.0,f,f,moderate
328,t,7.0,-22.92873170956501,-43.19412028633708,House,Private room,16,5.0,1.0,7.0,Real Bed,"{Internet,Wifi,""Wheelchair accessible"",Pool,Kitchen,""Smoking allowed"",Breakfast,""Pets live on this property"",Cat(s),""Hot tub"",""Family/kid friendly"",""Suitable for events"",Washer,Essentials}",$175.00,2,$44.00,1,30,30.0,f,f,moderate
329,t,4.0,-22.923570862730426,-43.172119690364845,Apartment,Private room,1,2.0,2.0,1.0,Real Bed,"{TV,""Cable TV"",Internet,Wifi,""Air conditioning"",Kitchen,""Paid parking off premises"",Doorman,Elevator,""Free street parking"",""Buzzer/wireless intercom"",""Family/kid friendly"",Washer,""First aid kit"",""Fire extinguisher"",Essentials,""Lock on bedroom door"",Hangers,""Hair dryer"",Iron,""Laptop friendly workspace"",""Self check-in"",""Private entrance"",""Hot water"",""Bed linens"",""Extra pillows and blankets"",""Pocket wifi"",""Luggage dropoff allowed"",""Long term stays allowed"",""Host greets you"",Beachfront}",$51.00,1,$40.00,3,300,104.0,t,f,flexible
330,t,4.0,-22.98683592195465,-43.19196863179644,Apartment,Entire home/apt,3,2.0,1.0,2.0,Real Bed,"{""Cable TV"",Wifi,Kitchen,Doorman,Elevator,""Buzzer/wireless intercom"",""Family/kid friendly"",Washer,Dryer,""Smoke detector"",""Carbon monoxide detector"",""Fire extinguisher"",Essentials,""24-hour check-in"",Hangers,""Hair dryer"",Iron,""Laptop friendly workspace"",""Host greets you""}",$229.00,2,$60.00,3,1125,14.0,f,f,strict_14_with_grace_period
331,f,1.0,-22.968731674254144,-43.18238445500861,Apartment,Entire home/apt,4,1.0,1.0,2.0,Real Bed,"{TV,""Cable TV"",Internet,""Air conditioning"",""Wheelchair accessible"",Kitchen,""Smoking allowed"",""Pets allowed"",Doorman,Elevator,""Buzzer/wireless intercom"",""Family/kid friendly"",Washer,Dryer,""Smoke detector"",""Fire extinguisher"",""Laptop friendly workspace""}",$229.00,1,$0.00,2,30,4.0,t,f,strict_14_with_grace_period
332,f,2.0,-22.903808865297886,-43.22037376141856,Bed and breakfast,Private room,2,1.0,1.0,1.0,Real Bed,"{TV,Internet,Wifi,Kitchen,Doorman,Elevator,""Buzzer/wireless intercom"",""Family/kid friendly"",Shampoo}",$233.00,1,$155.00,1,1125,1.0,f,f,strict_14_with_grace_period
333,f,2.0,-22.9267712070172,-43.17891478486264,Apartment,Entire home/apt,2,1.0,0.0,1.0,Real Bed,"{TV,""Air conditioning"",Kitchen,Doorman,Elevator,""Buzzer/wireless intercom"",""Family/kid friendly"",Washer,""Fire extinguisher"",Essentials,Hangers,Iron,""Self check-in"",""Building staff"",""Hot water"",""Bed linens""}",$124.00,2,$150.00,5,30,9.0,f,f,strict_14_with_grace_period
334,f,8.0,-22.986803709061103,-43.19075431854439,Apartment,Entire home/apt,4,1.0,1.0,3.0,Real Bed,"{TV,""Cable TV"",Wifi,""Air conditioning"",Kitchen,""Family/kid friendly"",Hangers,""Hair dryer"",""Laptop friendly workspace"",""Hot water"",""Long term stays allowed"",""Host greets you""}",$101.00,2,$50.00,5,1125,5.0,t,f,strict_14_with_grace_period
335,f,2.0,-22.94490776177314,-43.18311802407714,Apartment,Entire home/apt,4,1.0,1.0,1.0,Real Bed,"{TV,""Cable TV"",Wifi,""Air conditioning"",""Wheelchair accessible"",Kitchen,""Smoking allowed"",Doorman,Elevator,""Family/kid friendly"",Washer,""Fire extinguisher""}",$210.00,2,$90.00,4,30,54.0,f,f,strict_14_with_grace_period
336,f,4.0,-22.914430037931943,-43.18853292676649,Condominium,Entire home/apt,3,1.0,1.0,1.0,Real Bed,"{TV,Internet,Kitchen,Doorman,Elevator,""Buzzer/wireless intercom"",Washer,""Fire extinguisher"",Essentials,""24-hour check-in"",Iron}",$198.00,2,$66.00,1,90,1.0,f,f,strict_14_with_grace_period
337,f,1.0,-23.01082235466435,-43.36435931344619,Apartment,Private room,4,1.0,1.0,2.0,Real Bed,"{""Cable TV"",Internet,Wifi,""Air conditioning"",""Wheelchair accessible"",Pool,Kitchen,""Free parking on premises"",""Smoking allowed"",Doorman,Elevator,""Buzzer/wireless intercom"",""Family/kid friendly""}","$1,166.00",1,$194.00,1,30,0.0,f,f,strict_14_with_grace_period
338,t,4.0,-22.984883836767803,-43.191953788987455,Apartment,Private room,2,3.0,4.0,1.0,Real Bed,"{TV,""Cable TV"",Wifi,""Air conditioning"",""Wheelchair accessible"",Kitchen,Doorman,""Buzzer/wireless intercom"",Washer,Essentials,Shampoo,""translation missing: en.hosting_amenity_49"",""translation missing: en.hosting_amenity_50"",Microwave,""Coffee maker"",Refrigerator,""Dishes and silverware"",""Cooking basics"",Oven,Stove,""Single level home"",""Luggage dropoff allowed"",""Long term stays allowed"",""Step-free access"",""Host greets you"",""Paid parking on premises""}",$82.00,1,$0.00,5,90,9.0,f,f,strict_14_with_grace_period
339,f,1.0,-23.031068944707062,-43.47635912114657,Loft,Entire home/apt,4,1.0,1.0,2.0,Real Bed,"{TV,""Cable TV"",Internet,Wifi,""Air conditioning"",""Wheelchair accessible"",Pool,Kitchen,""Free parking on premises"",Doorman,Gym,Elevator,""Buzzer/wireless intercom"",""Family/kid friendly"",""Safety card"",""Fire extinguisher"",Essentials,""Lock on bedroom door"",""24-hour check-in"",Hangers,""Hair dryer"",""Self check-in"",""Building staff"",""Room-darkening shades"",""Hot water"",""Bed linens"",""Extra pillows and blankets"",Microwave,""Coffee maker"",Refrigerator,""Dishes and silverware"",""Cooking basics"",Oven,""Luggage dropoff allowed"",""Long term stays allowed"",""Step-free access"",""Wide doorway"",""Flat path to front door"",""Well-lit path to entrance"",""Disabled parking spot"",""Step-free access"",""Step-free access"",""Step-free access"",Beachfront}",$202.00,2,$117.00,2,1125,17.0,f,f,strict_14_with_grace_period
340,f,1.0,-22.96984094900459,-43.18324278880122,Apartment,Entire home/apt,2,1.0,1.0,1.0,Real Bed,"{TV,""Cable TV"",Internet,Wifi,""Air conditioning"",Kitchen,Doorman,Elevator,""Buzzer/wireless intercom""}",$268.00,1,$0.00,3,1125,90.0,f,f,strict_14_with_grace_period
341,f,5.0,-22.96218437355897,-43.17410054730341,Apartment,Entire home/apt,3,0.0,1.0,1.0,Real Bed,{},$249.00,1,$0.00,5,1125,0.0,f,f,strict_14_with_grace_period
342,f,1.0,-22.93720121083825,-43.19450875247197,Hostel,Private room,2,1.0,1.0,1.0,Real Bed,"{TV,""Air conditioning""}",$299.00,1,$0.00,2,14,0.0,f,f,moderate
343,f,1.0,-22.93458151474503,-43.17781569527578,Apartment,Private room,1,2.0,2.0,2.0,Real Bed,"{TV,""Cable TV"",Wifi,""Air conditioning"",Kitchen,Doorman,Elevator,""Buzzer/wireless intercom"",Washer}",$155.00,1,$39.00,1,60,1.0,f,f,strict_14_with_grace_period
344,t,4.0,-22.98101487651359,-43.22584861687909,Apartment,Entire home/apt,4,1.0,1.0,4.0,Real Bed,"{TV,""Cable TV"",Internet,Wifi,""Air conditioning"",Kitchen,""Free parking on premises"",Doorman,Elevator,""Hot tub"",""Buzzer/wireless intercom"",""Family/kid friendly"",Washer,""Fire extinguisher"",Essentials,Hangers,""Hair dryer"",Iron,""Laptop friendly workspace"",""Pack ’n Play/travel crib"",""Hot water"",""Luggage dropoff allowed"",""Long term stays allowed"",""Host greets you""}",$140.00,3,$0.00,3,365,138.0,t,f,strict_14_with_grace_period
345,f,1.0,-22.954154968317223,-43.19434644183604,Apartment,Shared room,2,2.0,1.0,2.0,Real Bed,"{Wifi,Doorman,Elevator,""Buzzer/wireless intercom"",Shampoo,""24-hour check-in"",Hangers,""Laptop friendly workspace""}",$89.00,2,$80.00,1,1125,1.0,f,f,flexible
346,t,3.0,-22.96484017162533,-43.17288296226699,Apartment,Entire home/apt,2,1.0,1.0,2.0,Real Bed,"{TV,""Cable TV"",Internet,Wifi,""Air conditioning"",Kitchen,Doorman,Elevator,""Buzzer/wireless intercom"",""Family/kid friendly"",Essentials,""24-hour check-in"",Hangers,""Hair dryer"",Iron,""Laptop friendly workspace""}",$105.00,2,$21.00,3,28,35.0,f,f,strict_14_with_grace_period
347,f,5.0,-22.96029179137165,-43.20141926364556,Hostel,Private room,2,1.0,1.0,1.0,Real Bed,"{TV,Internet,Wifi,""Air conditioning"",""Wheelchair accessible"",Pool,Kitchen,""Free parking on premises"",""Smoking allowed"",""Pets allowed"",Doorman,""Pets live on this property"",Dog(s),Cat(s),Elevator,""Buzzer/wireless intercom"",Heating,""Family/kid friendly"",Washer,Essentials,Hangers,""Hair dryer"",Iron}",$101.00,2,$50.00,1,30,3.0,f,f,strict_14_with_grace_period
348,f,2.0,-23.01124413074581,-43.372540469340905,Apartment,Entire home/apt,4,2.0,2.0,2.0,Real Bed,"{TV,""Cable TV"",Internet,Wifi,""Air conditioning"",Pool,Kitchen,""Free parking on premises"",Doorman,Gym,Breakfast,Elevator,""Hot tub"",""Buzzer/wireless intercom"",""Family/kid friendly"",Washer,Dryer,Essentials,Shampoo,Hangers,""Hair dryer"",Iron,""Baby bath"",Crib}",$295.00,4,$75.00,3,90,51.0,f,f,moderate
349,f,1.0,-22.915850059250943,-43.17898058597553,House,Private room,3,1.0,1.0,2.0,Real Bed,"{Wifi,""Air conditioning"",Kitchen,""Free parking on premises"",""Pets allowed"",""Pets live on this property"",Dog(s),Cat(s),""Family/kid friendly"",""First aid kit"",Essentials,Microwave,Refrigerator,""Dishes and silverware"",""Luggage dropoff allowed""}",$152.00,1,$80.00,2,365,31.0,f,f,strict_14_with_grace_period
350,f,2.0,-22.84048955078813,-43.31370207233304,Apartment,Private room,2,1.0,1.0,1.0,Real Bed,"{Wifi,Breakfast}",$253.00,1,$253.00,1,10,0.0,f,f,flexible
351,f,3.0,-22.96652891205555,-43.18057170178757,Condominium,Entire home/apt,2,1.0,1.0,1.0,Real Bed,"{TV,""Cable TV"",Wifi,""Air conditioning"",Pool,Kitchen,""Paid parking off premises"",Doorman,Elevator,Washer,Essentials,Hangers,Iron,""Laptop friendly workspace"",""Hot water"",""Luggage dropoff allowed"",""Long term stays allowed"",""Host greets you""}",$152.00,2,$100.00,3,30,67.0,f,f,strict_14_with_grace_period
352,f,2.0,-22.982701312808626,-43.19101978405681,Apartment,Entire home/apt,6,2.0,3.0,4.0,Real Bed,"{TV,""Cable TV"",Wifi,""Air conditioning"",Kitchen,""Paid parking off premises"",Elevator,""Hot tub"",Heating,""Family/kid friendly"",Washer,Dryer,""Smoke detector"",Essentials,""Lock on bedroom door"",Hangers,""Hair dryer"",Iron,""Self check-in"",Lockbox,""Window guards"",""Hot water"",""Bed linens"",""Extra pillows and blankets"",""Pocket wifi"",Microwave,""Coffee maker"",Refrigerator,""Dishes and silverware"",""Cooking basics"",Oven,Stove,""Luggage dropoff allowed"",""Step-free access"",""Wide doorway"",""Wide clearance to bed"",""Accessible-height bed"",""Accessible-height toilet"",Beachfront}",$641.00,1,$0.00,2,29,190.0,t,f,strict_14_with_grace_period
353,t,3.0,-22.981935053134823,-43.18916102240243,Condominium,Entire home/apt,3,1.0,1.0,1.0,Real Bed,"{TV,""Cable TV"",Internet,Wifi,""Air conditioning"",Kitchen,""Paid parking off premises"",Doorman,Elevator,""Buzzer/wireless intercom"",Heating,""Family/kid friendly"",Washer,Essentials,Shampoo,""24-hour check-in"",Hangers,""Hair dryer"",Iron,""Laptop friendly workspace"",""Hot water"",""Host greets you""}",$198.00,2,$29.00,3,30,133.0,t,f,strict_14_with_grace_period
354,f,1.0,-22.97620620659591,-43.19711199759836,Condominium,Entire home/apt,4,2.5,2.0,2.0,Real Bed,"{TV,""Cable TV"",Internet,Wifi,""Air conditioning"",""Wheelchair accessible"",Pool,Kitchen,""Free parking on premises"",Doorman,Elevator,""Free street parking"",""Hot tub"",""Family/kid friendly"",Washer,Dryer,""Smoke detector"",""Carbon monoxide detector"",""First aid kit"",""Safety card"",""Fire extinguisher"",Essentials,Shampoo,Hangers,""Hair dryer"",Iron,""Laptop friendly workspace"",""translation missing: en.hosting_amenity_49"",""Hot water"",""Bed linens"",""Extra pillows and blankets"",""Ethernet connection"",Microwave,""Coffee maker"",Refrigerator,Dishwasher,""Dishes and silverware"",""Cooking basics"",Oven,Stove,""Beach essentials"",""Luggage dropoff allowed"",""Long term stays allowed"",""Host greets you""}",$497.00,2,$128.00,3,360,8.0,f,f,flexible
355,t,23.0,-22.981098379281597,-43.20766538065688,Guest suite,Private room,2,1.0,1.0,1.0,Real Bed,"{TV,""Cable TV"",Internet,Wifi,""Air conditioning"",Kitchen,Doorman,Gym,Elevator,""Buzzer/wireless intercom"",Essentials,Shampoo,""Lock on bedroom door"",Hangers,""Hair dryer"",Iron,""Laptop friendly workspace"",""translation missing: en.hosting_amenity_49"",""translation missing: en.hosting_amenity_50"",""Self check-in"",""Smart lock"",""Private entrance"",""Hot water"",""Bed linens"",""Extra pillows and blankets"",""Wide doorway"",""Well-lit path to entrance"",""Paid parking on premises""}",$109.00,1,$0.00,2,1124,13.0,t,f,strict_14_with_grace_period
356,f,1.0,-22.97257788603524,-43.1896901246231,Apartment,Entire home/apt,4,1.0,1.0,2.0,Real Bed,"{TV,""Cable TV"",Wifi,""Air conditioning"",Kitchen,Elevator,""Family/kid friendly"",Washer,Essentials,Hangers,""Hair dryer"",Iron,""Laptop friendly workspace"",""Hot water"",""Bed linens"",""Extra pillows and blankets"",Microwave,""Coffee maker"",Refrigerator,""Dishes and silverware"",""Cooking basics"",Oven,Stove,""Long term stays allowed"",""Host greets you""}",$179.00,4,$300.00,5,120,22.0,t,f,strict_14_with_grace_period
357,f,1.0,-22.98163317680996,-43.19178298794704,Apartment,Private room,2,3.0,1.0,1.0,Futon,"{TV,""Cable TV"",Internet,Wifi,""Wheelchair accessible"",Kitchen,""Free parking on premises"",""Smoking allowed"",Doorman,Breakfast,""Pets live on this property"",""Other pet(s)"",Elevator,""Hot tub"",""Buzzer/wireless intercom"",""Suitable for events"",Washer}",$501.00,1,$0.00,1,21,2.0,f,f,flexible
358,f,1.0,-22.935873202675857,-43.17814703882485,Apartment,Private room,2,1.5,1.0,1.0,Real Bed,"{TV,""Cable TV"",Internet,Wifi,""Wheelchair accessible"",Kitchen,""Smoking allowed"",""Pets allowed"",Doorman,Elevator,""Buzzer/wireless intercom"",""Family/kid friendly"",""Suitable for events"",Washer}",$777.00,1,$0.00,1,1125,0.0,f,f,flexible
359,t,3.0,-22.98289210063448,-43.19099126041605,Condominium,Entire home/apt,4,1.0,1.0,3.0,Real Bed,"{TV,""Cable TV"",Internet,Wifi,""Air conditioning"",""Wheelchair accessible"",Kitchen,""Smoking allowed"",Doorman,Elevator,""Buzzer/wireless intercom"",Essentials,Shampoo,Hangers,""Hair dryer"",Iron,""Laptop friendly workspace"",""Self check-in"",Lockbox,""Hot water"",""Long term stays allowed""}",$295.00,2,$97.00,4,30,82.0,f,f,strict_14_with_grace_period
360,f,4.0,-22.983057646256967,-43.19209555082963,Apartment,Entire home/apt,6,2.0,3.0,3.0,Real Bed,"{TV,""Cable TV"",Internet,""Air conditioning"",""Wheelchair accessible"",Kitchen,Doorman,Elevator,""Buzzer/wireless intercom"",""Family/kid friendly"",Washer}",$455.00,4,$52.00,2,89,5.0,f,f,strict_14_with_grace_period
361,f,4.0,-22.978194543997656,-43.19019830727483,Apartment,Entire home/apt,3,1.0,1.0,2.0,Real Bed,"{TV,Internet,Wifi,""Air conditioning"",Kitchen,Doorman,Elevator,""Family/kid friendly""}",$152.00,2,$30.00,2,89,19.0,f,f,strict_14_with_grace_period
362,f,4.0,-22.985142595276464,-43.190877579622565,Apartment,Entire home/apt,3,0.0,2.0,1.0,Real Bed,"{TV,""Cable TV"",Internet,Wifi,""Air conditioning"",Kitchen,Doorman,Elevator,""Buzzer/wireless intercom"",""Family/kid friendly""}",$152.00,2,$52.00,3,30,5.0,f,f,strict_14_with_grace_period
363,t,3.0,-22.96317609300404,-43.174597640329374,Apartment,Entire home/apt,4,1.0,0.0,4.0,Real Bed,"{TV,""Cable TV"",Internet,Wifi,""Air conditioning"",Kitchen,""Paid parking off premises"",""Smoking allowed"",Doorman,Elevator,""Free street parking"",""Buzzer/wireless intercom"",""Family/kid friendly"",Washer,""Fire extinguisher"",Essentials,Shampoo,""24-hour check-in"",Hangers,""Hair dryer"",Iron,""Laptop friendly workspace"",""Pack ’n Play/travel crib"",""Hot water"",""Bed linens"",""Extra pillows and blankets"",Microwave,""Coffee maker"",Refrigerator,""Dishes and silverware"",""Cooking basics"",Oven,Stove,""Beach essentials"",""Long term stays allowed"",""Wide hallway clearance"",""Well-lit path to entrance"",""Host greets you""}",$159.00,2,$25.00,3,28,57.0,t,f,moderate
364,t,7.0,-22.973945128073343,-43.18935586052197,Apartment,Entire home/apt,3,1.0,1.0,2.0,Real Bed,"{TV,""Cable TV"",Internet,Wifi,""Air conditioning"",Kitchen,""Buzzer/wireless intercom"",""Family/kid friendly"",""Smoke detector"",""Carbon monoxide detector"",""First aid kit"",""Safety card"",""Fire extinguisher"",Essentials,Hangers,""Hair dryer"",Iron,""Hot water"",""Bed linens"",""Extra pillows and blankets"",""Luggage dropoff allowed"",""Long term stays allowed"",""Host greets you""}",$124.00,2,$30.00,3,30,121.0,t,f,strict_14_with_grace_period
365,f,2.0,-22.950916953117773,-43.198740282664616,Apartment,Private room,2,1.0,1.0,1.0,Real Bed,"{""Cable TV"",Internet,Wifi,""Air conditioning"",Kitchen,Doorman,""Pets live on this property"",Dog(s),Elevator,""Buzzer/wireless intercom"",Washer,""Fire extinguisher"",Essentials,""Lock on bedroom door"",Microwave,""Coffee maker"",Refrigerator,""Dishes and silverware"",""Cooking basics"",Oven,Stove,""Garden or backyard""}",$214.00,1,$75.00,3,365,10.0,f,f,strict_14_with_grace_period
366,f,5.0,-22.98395086916311,-43.19835394766464,Apartment,Entire home/apt,4,1.5,1.0,2.0,Real Bed,"{TV,""Cable TV"",Internet,Wifi,""Air conditioning"",""Wheelchair accessible"",Kitchen,Doorman,Elevator,""Buzzer/wireless intercom"",""Family/kid friendly"",Washer}",$971.00,1,$0.00,5,15,1.0,f,f,moderate
367,f,5.0,-22.983924740409407,-43.19992725889221,Apartment,Private room,1,1.0,1.0,1.0,Real Bed,"{Wifi,""Pets live on this property"",Dog(s),Elevator,""Buzzer/wireless intercom""}",$971.00,1,$0.00,1,14,0.0,f,f,strict_14_with_grace_period
368,f,5.0,-22.959956093098,-43.201092412607146,Apartment,Entire home/apt,5,2.0,2.0,2.0,Real Bed,"{TV,Wifi,""Air conditioning"",""Wheelchair accessible"",Pool,Kitchen,""Free parking on premises"",""Smoking allowed"",""Pets allowed"",Doorman,Elevator,""Buzzer/wireless intercom"",Heating,""Family/kid friendly"",Washer,""Fire extinguisher"",Essentials,Shampoo,""Hair dryer"",Iron}",$699.00,7,$100.00,5,60,1.0,f,f,moderate
369,t,1.0,-22.966414075196045,-43.181330987318994,Apartment,Entire home/apt,3,1.0,1.0,2.0,Real Bed,"{TV,Wifi,""Air conditioning"",""Wheelchair accessible"",Kitchen,""Paid parking off premises"",""Smoking allowed"",""Pets allowed"",Elevator,""Free street parking"",""Family/kid friendly"",""Suitable for events"",""Smoke detector"",""Carbon monoxide detector"",""First aid kit"",""Fire extinguisher"",Essentials,Shampoo,""Lock on bedroom door"",Hangers,""Hair dryer"",Iron,""Laptop friendly workspace"",""Private entrance"",""Room-darkening shades"",""Hot water"",""Bed linens"",""Extra pillows and blankets"",""Ethernet connection"",Microwave,""Coffee maker"",Refrigerator,""Dishes and silverware"",""Cooking basics"",""EV charger"",""Beach essentials"",""Luggage dropoff allowed"",""Long term stays allowed"",""Wide hallway clearance"",""Step-free access"",""Wide doorway"",""Well-lit path to entrance"",""Disabled parking spot"",""Step-free access"",""Wide doorway"",""Wide clearance to bed"",""Step-free access"",""Wide doorway"",""Accessible-height toilet"",""Step-free access"",""Wide entryway"",""Host greets you"",""Handheld shower head""}",$117.00,2,$30.00,2,300,170.0,t,f,strict_14_with_grace_period
370,f,1.0,-22.96380677741144,-43.175574025572224,Apartment,Private room,2,0.5,1.0,1.0,Real Bed,"{TV,""Cable TV"",Wifi,Kitchen,""Smoking allowed"",""Pets allowed"",Doorman,""Pets live on this property"",Dog(s),Elevator,""Buzzer/wireless intercom"",Washer,Dryer,""First aid kit"",""Fire extinguisher"",Essentials,Shampoo,Hangers,""Hair dryer"",Iron}",$120.00,2,$60.00,1,1125,1.0,f,f,strict_14_with_grace_period
371,f,2.0,-23.014201933895663,-43.30491401395732,Apartment,Entire home/apt,2,1.5,1.0,1.0,Real Bed,"{""Cable TV"",Wifi,""Air conditioning"",Kitchen,""Free parking on premises"",Doorman,Elevator,""Hot tub"",""Buzzer/wireless intercom"",""Family/kid friendly"",Washer,Dryer}",$800.00,1,$0.00,2,90,3.0,f,f,strict_14_with_grace_period
372,f,2.0,-23.015025097928262,-43.300162018259925,Apartment,Entire home/apt,4,2.5,2.0,2.0,Real Bed,"{TV,""Cable TV"",Wifi,""Air conditioning"",Pool,Kitchen,""Free parking on premises"",Doorman,Elevator,""Buzzer/wireless intercom"",""Family/kid friendly"",Washer,Dryer,Iron,""Laptop friendly workspace""}",$800.00,1,$0.00,2,90,26.0,f,f,strict_14_with_grace_period
373,t,6.0,-22.975228401299947,-43.18877583242786,Apartment,Entire home/apt,4,1.0,1.0,2.0,Real Bed,"{TV,""Cable TV"",Wifi,""Air conditioning"",Kitchen,""Pets allowed"",Doorman,Elevator,""Family/kid friendly"",Essentials,Hangers,""Hair dryer"",""Hot water"",""Host greets you""}",$148.00,4,$100.00,2,90,191.0,f,f,strict_14_with_grace_period
374,t,6.0,-22.976043424256247,-43.186732797102536,Apartment,Entire home/apt,6,1.5,2.0,2.0,Real Bed,"{TV,""Cable TV"",Internet,Wifi,""Air conditioning"",Kitchen,""Paid parking off premises"",""Pets allowed"",Doorman,Elevator,""Family/kid friendly"",Washer,Dryer,Essentials,""Hair dryer"",""Pack ’n Play/travel crib"",""Hot water"",Other,""Paid parking on premises""}",$241.00,6,$100.00,2,90,196.0,f,f,strict_14_with_grace_period
375,f,2.0,-22.92210076985005,-43.17418616852884,Apartment,Entire home/apt,8,2.0,5.0,5.0,Real Bed,"{Internet,Wifi,Kitchen,Doorman,Elevator,""Buzzer/wireless intercom"",""Family/kid friendly"",Washer}",$101.00,1,$20.00,5,120,1.0,f,f,flexible
376,f,2.0,-22.92039435136884,-43.1815723324706,House,Entire home/apt,10,4.0,5.0,10.0,Real Bed,"{Internet,Wifi,""Air conditioning"",""Wheelchair accessible"",Kitchen,""Smoking allowed"",""Suitable for events"",Washer,""Fire extinguisher""}",$175.00,1,$0.00,3,30,3.0,f,f,strict_14_with_grace_period
377,f,1.0,-22.987750896626697,-43.19350174346429,Apartment,Entire home/apt,2,1.0,1.0,1.0,Real Bed,"{TV,Wifi,""Air conditioning"",Kitchen,""Smoking allowed"",""Pets allowed"",Doorman,Elevator,""Family/kid friendly"",Dryer}",$385.00,2,$100.00,5,365,20.0,f,f,strict_14_with_grace_period
378,t,2.0,-22.986522872297343,-43.19532077669975,Condominium,Entire home/apt,3,2.0,2.0,3.0,Real Bed,"{TV,""Cable TV"",Internet,Wifi,""Air conditioning"",Kitchen,""Paid parking off premises"",Doorman,Elevator,""Buzzer/wireless intercom"",""Family/kid friendly"",Washer,Dryer,Essentials,Hangers,""Hair dryer"",Iron,""Laptop friendly workspace"",""Self check-in"",""Building staff"",Crib,""Hot water"",""Extra pillows and blankets"",Microwave,""Coffee maker"",Refrigerator,""Dishes and silverware"",""Cooking basics"",Oven,Stove,""Luggage dropoff allowed"",""Long term stays allowed"",""Paid parking on premises""}",$249.00,3,$180.00,3,365,109.0,f,f,strict_14_with_grace_period
379,f,3.0,-22.97515222759253,-43.19180151775915,Apartment,Entire home/apt,4,1.0,1.0,2.0,Pull-out Sofa,"{TV,""Cable TV"",Internet,Wifi,""Air conditioning"",Kitchen,""Smoking allowed"",Doorman,Elevator,""Buzzer/wireless intercom"",""Family/kid friendly"",Washer,Essentials,Hangers,""Hair dryer"",Iron,""Laptop friendly workspace""}",$152.00,4,$260.00,3,20,107.0,t,f,strict_14_with_grace_period
380,f,1.0,-22.9758216495511,-43.197099413467015,Apartment,Entire home/apt,5,3.0,2.0,2.0,Real Bed,"{TV,Internet,Wifi,""Air conditioning"",Kitchen,""Free parking on premises"",""Smoking allowed"",Elevator,""Hot tub"",""Family/kid friendly"",Washer,Shampoo}",$998.00,1,$0.00,4,1125,1.0,f,f,strict_14_with_grace_period
381,t,2.0,-22.98483898354464,-43.19613207316733,Condominium,Entire home/apt,4,2.0,2.0,2.0,Real Bed,"{TV,""Cable TV"",Internet,Wifi,""Air conditioning"",Kitchen,""Paid parking off premises"",Doorman,Elevator,""Buzzer/wireless intercom"",""Family/kid friendly"",Washer,Essentials,Hangers,""Hair dryer"",Iron,""Laptop friendly workspace"",""Self check-in"",""Building staff"",Crib,""Room-darkening shades"",""Hot water"",Microwave,""Coffee maker"",Refrigerator,""Dishes and silverware"",""Cooking basics"",Oven,Stove,""Luggage dropoff allowed"",""Long term stays allowed"",""Paid parking on premises""}",$249.00,4,$180.00,3,90,177.0,f,f,strict_14_with_grace_period
382,f,1.0,-22.95337425602984,-43.1680002979276,Apartment,Private room,2,1.5,1.0,1.0,Real Bed,"{Internet,Wifi,Kitchen,Doorman,Elevator,""Free street parking"",""Buzzer/wireless intercom"",Washer,Dryer,Essentials,Shampoo,""Lock on bedroom door"",Hangers,""Hair dryer"",Iron,""Laptop friendly workspace"",""Hot water"",""Bed linens"",""Pocket wifi"",Other}",$82.00,1,$39.00,7,60,10.0,f,f,strict_14_with_grace_period
383,f,1.0,-22.9658157769378,-43.19117740547228,Apartment,Entire home/apt,4,1.0,1.0,4.0,Real Bed,"{TV,""Cable TV"",Internet,Wifi,""Air conditioning"",Kitchen,Doorman,Elevator,""Buzzer/wireless intercom"",""Family/kid friendly"",""First aid kit"",""Safety card"",""Fire extinguisher"",Essentials,""24-hour check-in"",Hangers,""Hair dryer"",""Laptop friendly workspace"",""Hot water"",""Bed linens"",""Extra pillows and blankets""}",$140.00,3,$20.00,1,90,4.0,f,f,flexible
384,f,5.0,-22.986097246807905,-43.19014186147213,Apartment,Entire home/apt,4,2.5,2.0,2.0,Real Bed,"{TV,""Cable TV"",Internet,Wifi,""Air conditioning"",Pool,Kitchen,""Free parking on premises"",Gym,Elevator,Washer,""Smoke detector"",""Carbon monoxide detector"",""First aid kit"",Essentials,Shampoo,Hangers,""Hair dryer"",Iron,""Laptop friendly workspace"",""translation missing: en.hosting_amenity_50"",""Room-darkening shades"",""Hot water"",""Bed linens"",""Extra pillows and blankets"",Microwave,""Coffee maker"",Refrigerator,Dishwasher,""Dishes and silverware"",""Cooking basics"",Oven,Stove,""Patio or balcony"",""Long term stays allowed"",""Wide clearance to bed"",""Host greets you"",Waterfront}",$793.00,1,$0.00,3,90,37.0,t,f,strict_14_with_grace_period
385,t,1.0,-22.91338808488012,-43.1758620518691,Apartment,Entire home/apt,4,1.0,1.0,1.0,Real Bed,"{TV,Internet,Wifi,Kitchen,Doorman,Elevator,""Buzzer/wireless intercom"",""translation missing: en.hosting_amenity_49"",""translation missing: en.hosting_amenity_50""}",$78.00,2,$60.00,3,1125,46.0,f,f,moderate
386,t,52.0,-22.98176138103282,-43.22190013686867,Apartment,Entire home/apt,10,2.5,3.0,5.0,Real Bed,"{TV,""Cable TV"",Internet,Wifi,""Air conditioning"",Kitchen,""Free parking on premises"",""Smoking allowed"",""Pets allowed"",Doorman,Elevator,""Buzzer/wireless intercom"",""Family/kid friendly"",Washer,Essentials,Shampoo,Hangers,""Hair dryer"",Iron,""Laptop friendly workspace"",""Pack ’n Play/travel crib"",""Hot water"",""Host greets you""}",$311.00,2,$40.00,2,365,83.0,t,f,moderate
387,f,1.0,-22.933085728001675,-43.17627669513851,Apartment,Entire home/apt,2,1.0,1.0,2.0,Pull-out Sofa,"{TV,""Cable TV"",Wifi,""Air conditioning"",Kitchen,Doorman,Elevator,""Buzzer/wireless intercom"",""Family/kid friendly"",Washer,Essentials}",$583.00,1,$78.00,1,1125,1.0,f,f,strict_14_with_grace_period
388,f,2.0,-22.916878727785114,-43.1832340258236,Apartment,Entire home/apt,4,2.0,2.0,2.0,Real Bed,"{TV,Wifi,""Air conditioning"",Kitchen,""Free street parking"",Washer,Essentials,Hangers,""Hair dryer"",Iron,""Laptop friendly workspace"",""Private entrance"",""Hot water"",""Host greets you""}",$179.00,1,$0.00,1,1125,0.0,t,f,flexible
390,f,7.0,-22.99786540178605,-43.27366584590506,Apartment,Private room,2,0.0,1.0,1.0,Real Bed,"{TV,""Cable TV"",Internet,Wifi,""Air conditioning"",Pool,""Free parking on premises"",Breakfast}",$598.00,1,$0.00,1,1125,0.0,f,f,strict_14_with_grace_period
391,f,1.0,-23.013652990213536,-43.30869976519513,Apartment,Private room,1,1.0,1.0,1.0,Real Bed,"{TV,""Cable TV"",Internet,Wifi,Kitchen,Doorman,""Pets live on this property"",Dog(s),Elevator,""Buzzer/wireless intercom"",Washer,""Lock on bedroom door""}","$1,302.00",1,$0.00,1,1125,0.0,t,f,flexible
392,f,1.0,-22.92041455239312,-43.19038260316656,Apartment,Entire home/apt,7,1.0,3.0,6.0,Real Bed,"{Internet,Wifi,Kitchen,Doorman,""Buzzer/wireless intercom"",""Family/kid friendly"",Washer,Iron,""Laptop friendly workspace"",""translation missing: en.hosting_amenity_50"",Bathtub,""Children’s books and toys"",""Babysitter recommendations"",""Room-darkening shades"",""Children’s dinnerware"",""Host greets you""}",$354.00,4,$88.00,1,20,3.0,t,f,moderate
393,f,4.0,-22.967690434647054,-43.18396690532985,Apartment,Entire home/apt,6,1.0,2.0,4.0,Real Bed,"{TV,Internet,Wifi,""Air conditioning"",""Wheelchair accessible"",Kitchen,""Paid parking off premises"",Elevator,""Family/kid friendly"",""Suitable for events"",Washer,Dryer,Essentials,Iron,""Self check-in"",""Building staff"",""Children’s books and toys"",""Hot water"",""Long term stays allowed""}",$152.00,5,$50.00,1,90,131.0,f,f,strict_14_with_grace_period
394,f,1.0,-22.968735931346984,-43.18609619683723,Apartment,Entire home/apt,4,1.0,0.0,2.0,Real Bed,"{TV,Wifi,""Air conditioning"",Kitchen,""Smoking allowed"",Doorman,Elevator,""Family/kid friendly"",Washer}",$85.00,1,$0.00,2,90,101.0,f,f,strict_14_with_grace_period
395,f,6.0,-23.009241407399266,-43.34071893627162,House,Private room,2,1.0,1.0,1.0,Real Bed,"{""Cable TV"",Internet,Wifi,""Air conditioning"",Kitchen,Doorman,Breakfast,""Buzzer/wireless intercom"",""Family/kid friendly"",""Suitable for events""}",$210.00,1,$0.00,1,60,8.0,t,f,moderate
396,f,1.0,-22.973257987601205,-43.19220126907304,Apartment,Entire home/apt,2,1.0,1.0,2.0,Real Bed,"{TV,""Cable TV"",Internet,Wifi,""Air conditioning"",Kitchen,""Pets allowed"",Doorman,Elevator,""Buzzer/wireless intercom"",""Family/kid friendly"",""First aid kit"",Hangers,""Hair dryer"",Iron,""Laptop friendly workspace"",""Host greets you""}",$194.00,2,$194.00,2,30,2.0,f,f,moderate
397,f,5.0,-22.984331603329363,-43.194884510184544,Apartment,Entire home/apt,6,2.5,3.0,4.0,Real Bed,"{TV,""Cable TV"",Internet,Wifi,""Air conditioning"",Kitchen,Elevator,""Free street parking"",""Buzzer/wireless intercom"",""Family/kid friendly"",Washer,Essentials,Hangers,Iron,""Laptop friendly workspace"",""Private entrance"",""Hot water"",""Bed linens"",Microwave,""Coffee maker"",Refrigerator,""Dishes and silverware"",""Cooking basics"",Oven,Stove,""Long term stays allowed"",""Host greets you""}",$198.00,7,$0.00,3,365,11.0,f,f,strict_14_with_grace_period
398,f,1.0,-22.98336272822639,-43.19144404091001,Apartment,Entire home/apt,4,2.0,2.0,2.0,Real Bed,"{TV,Internet,Wifi,""Air conditioning"",Kitchen,Elevator,""Family/kid friendly"",Washer,Essentials,Hangers,""Hair dryer"",Iron}",$400.00,1,$0.00,5,14,6.0,f,f,strict_14_with_grace_period
400,f,5.0,-22.985145689440014,-43.20001441273779,Apartment,Entire home/apt,4,1.0,1.0,2.0,Real Bed,"{TV,""Cable TV"",Internet,Wifi,""Air conditioning"",""Free parking on premises"",Elevator,Essentials,Hangers,Iron,""Laptop friendly workspace"",""translation missing: en.hosting_amenity_50"",""Hot water"",""Bed linens"",""Extra pillows and blankets"",Microwave,""Coffee maker"",Refrigerator,""Dishes and silverware"",""Patio or balcony"",""Long term stays allowed"",""Host greets you""}",$221.00,2,$44.00,3,365,15.0,t,f,strict_14_with_grace_period
401,f,4.0,-22.97392888089965,-43.18862124081191,Apartment,Entire home/apt,4,1.0,2.0,2.0,Real Bed,"{TV,""Cable TV"",Internet,Wifi,""Air conditioning"",Kitchen,""Paid parking off premises"",Doorman,""Buzzer/wireless intercom"",""Family/kid friendly"",Washer,Dryer,""Hot water"",""Host greets you""}",$120.00,2,$70.00,4,30,48.0,f,f,strict_14_with_grace_period
402,f,22.0,-22.91507993074098,-43.36419132139999,House,Entire home/apt,10,1.5,2.0,4.0,Real Bed,"{TV,""Cable TV"",Internet,Wifi,""Air conditioning"",Kitchen,""Smoking allowed"",""Pets allowed"",Breakfast,""Family/kid friendly"",Washer,Dryer,Essentials}",$152.00,4,$25.00,1,1125,9.0,f,f,strict_14_with_grace_period
403,t,2.0,-22.972419146832447,-43.18834210826252,Apartment,Entire home/apt,8,2.0,3.0,7.0,Real Bed,"{TV,""Cable TV"",Internet,Wifi,""Air conditioning"",""Wheelchair accessible"",Kitchen,""Paid parking off premises"",Doorman,""Buzzer/wireless intercom"",""Family/kid friendly"",Washer,""Smoke detector"",""Carbon monoxide detector"",Essentials,Shampoo,""24-hour check-in"",Hangers,""Hair dryer"",Iron,""Laptop friendly workspace"",""Pack ’n Play/travel crib"",""Hot water"",""Bed linens"",Microwave,""Coffee maker"",Refrigerator,Dishwasher,""Dishes and silverware"",""Cooking basics"",Oven,Stove,""Single level home"",""Patio or balcony"",""Garden or backyard"",""Luggage dropoff allowed"",""Long term stays allowed"",""Host greets you"",Beachfront}",$680.00,6,$176.00,3,90,84.0,t,f,strict_14_with_grace_period
404,f,5.0,-22.98545127859173,-43.23312123036965,Apartment,Private room,3,1.5,1.0,2.0,Real Bed,"{TV,""Cable TV"",Internet,Wifi,""Air conditioning"",Pool,Kitchen,""Smoking allowed"",Doorman,""Free street parking"",""Hot tub"",""Family/kid friendly"",Washer,Dryer,Essentials,Shampoo,""Lock on bedroom door"",""Hair dryer"",""translation missing: en.hosting_amenity_49"",""Hot water"",""Host greets you""}",$113.00,1,$50.00,2,90,47.0,f,f,strict_14_with_grace_period
405,f,5.0,-22.913725668670363,-43.18078913801661,Loft,Entire home/apt,3,1.0,0.0,4.0,Pull-out Sofa,"{TV,Wifi,""Air conditioning"",Kitchen,""Paid parking off premises"",Doorman,""Pets live on this property"",Dog(s),Cat(s),Elevator,""Buzzer/wireless intercom"",""Family/kid friendly"",Washer,""Smoke detector"",Essentials,Shampoo,Hangers,""Hair dryer"",Iron,""Laptop friendly workspace"",""Self check-in"",""Building staff"",""Hot water"",""Luggage dropoff allowed"",""Long term stays allowed""}",$66.00,1,$20.00,2,240,14.0,t,f,strict_14_with_grace_period
406,f,3.0,-22.94625334583772,-43.3367788222334,House,Private room,2,6.0,1.0,1.0,Real Bed,"{""Cable TV"",Wifi,""Air conditioning"",Pool,""Free parking on premises"",Breakfast,""Pets live on this property"",Cat(s),Washer,Dryer,Essentials,Hangers,""Hot water""}",$179.00,2,$100.00,3,6,11.0,f,f,strict_14_with_grace_period
407,f,1.0,-22.9405741972243,-43.176111226332296,Apartment,Private room,2,1.0,1.0,1.0,Real Bed,"{TV,Internet,Wifi,""Air conditioning"",Kitchen,Elevator}",$299.00,1,$40.00,1,14,9.0,f,f,moderate
408,f,1.0,-22.94641317030469,-43.182284175484455,Apartment,Entire home/apt,1,0.0,1.0,1.0,Real Bed,{},$389.00,1,$0.00,1,1125,0.0,f,f,flexible
409,f,1.0,-22.985695830013924,-43.19100675246808,Apartment,Entire home/apt,4,1.0,1.0,2.0,Real Bed,"{TV,""Cable TV"",Internet,Wifi,""Air conditioning"",Kitchen,Doorman,Elevator,""Buzzer/wireless intercom"",""Suitable for events"",Washer,Dryer,Essentials,Shampoo,Hangers,""Hair dryer"",Iron}",$198.00,2,$50.00,3,30,70.0,f,f,strict_14_with_grace_period
410,t,2.0,-22.92138563404582,-43.178332082292926,Apartment,Private room,3,1.0,2.0,1.0,Real Bed,"{""Cable TV"",Wifi,Kitchen,""Smoking allowed"",Doorman,Elevator,""Buzzer/wireless intercom"",Essentials,""Lock on bedroom door"",""24-hour check-in"",Hangers,""Laptop friendly workspace"",""translation missing: en.hosting_amenity_49"",""translation missing: en.hosting_amenity_50"",""Self check-in"",""Smart lock""}",$70.00,2,$50.00,2,1125,148.0,f,f,strict_14_with_grace_period
411,f,10.0,-22.999048072907005,-43.3828760980111,House,Shared room,16,3.0,1.0,1.0,Real Bed,"{Wifi,Kitchen,""Free parking on premises"",Breakfast}",$74.00,1,$90.00,2,1125,20.0,f,f,strict_14_with_grace_period
412,f,3.0,-22.95411008146641,-43.19504542048918,Apartment,Private room,1,1.0,1.0,1.0,Real Bed,"{TV,Wifi,""Air conditioning"",Kitchen,Gym,Breakfast,Washer,Dryer,Essentials,Shampoo,Hangers,""Hair dryer"",Iron,""Laptop friendly workspace""}",$198.00,1,$0.00,1,7,5.0,f,f,strict_14_with_grace_period
413,f,2.0,-22.927814906264828,-43.17602479295615,Apartment,Private room,1,1.0,1.0,1.0,Real Bed,"{TV,Kitchen,""Suitable for events"",""Fire extinguisher"",""24-hour check-in"",""translation missing: en.hosting_amenity_50""}",$35.00,2,$0.00,30,90,0.0,f,f,strict_14_with_grace_period
414,f,6.0,-22.98389843664486,-43.19198269605708,Apartment,Entire home/apt,3,1.0,1.0,1.0,Real Bed,"{TV,""Cable TV"",Internet,Wifi,""Air conditioning"",""Wheelchair accessible"",Kitchen,Doorman,Elevator,""Free street parking"",""Buzzer/wireless intercom"",""Family/kid friendly"",Washer,Dryer,""Smoke detector"",""Carbon monoxide detector"",""First aid kit"",""Safety card"",""Fire extinguisher"",Essentials,""24-hour check-in"",Hangers,Iron,""Self check-in"",""Building staff"",""Hot water""}",$167.00,2,$120.00,3,30,67.0,t,f,strict_14_with_grace_period
415,f,1.0,-22.988216080658283,-43.23255532680861,Apartment,Entire home/apt,4,1.0,1.0,1.0,Real Bed,"{TV,Internet,Kitchen,""Smoking allowed"",Doorman,""Buzzer/wireless intercom"",""Family/kid friendly"",Washer,Dryer,""Fire extinguisher"",Iron,""Laptop friendly workspace""}",$998.00,2,$100.00,3,1125,0.0,f,f,flexible
416,f,13.0,-22.995782696068115,-43.25397278675517,Apartment,Entire home/apt,4,1.0,1.0,3.0,Real Bed,"{TV,Internet,Wifi,Kitchen,""Smoking allowed"",""Pets live on this property"",Dog(s),Cat(s),""Free street parking"",""Family/kid friendly"",Essentials,""Hot water"",Other}",$466.00,2,$0.00,5,1125,7.0,f,f,strict_14_with_grace_period
417,t,1.0,-22.956435871722604,-43.20233909330719,Apartment,Entire home/apt,6,1.5,3.0,5.0,Real Bed,"{TV,""Cable TV"",Internet,Wifi,""Air conditioning"",Kitchen,""Free parking on premises"",""Smoking allowed"",Doorman,Breakfast,""Buzzer/wireless intercom"",""Family/kid friendly"",Washer,Dryer,""First aid kit"",""Fire extinguisher"",Essentials,Shampoo,Hangers,Iron,""Laptop friendly workspace"",""Private entrance"",Crib,""Room-darkening shades"",""Hot water"",""Host greets you""}",$280.00,5,$50.00,3,90,42.0,f,f,strict_14_with_grace_period
418,f,1.0,-22.956245055087823,-43.179878020713176,Apartment,Shared room,1,1.0,1.0,1.0,Real Bed,"{""Cable TV"",Internet,""Air conditioning"",Kitchen,""Smoking allowed"",Doorman,""Pets live on this property"",""Other pet(s)"",Elevator,""Buzzer/wireless intercom""}",$346.00,1,$291.00,1,30,0.0,f,f,moderate
419,t,4.0,-22.9812599344018,-43.19433221045785,Apartment,Private room,3,1.0,1.0,2.0,Real Bed,"{TV,""Cable TV"",Internet,Wifi,""Air conditioning"",Kitchen,""Smoking allowed"",Doorman,""Pets live on this property"",Elevator,""Buzzer/wireless intercom"",""Family/kid friendly"",Washer,""Smoke detector"",""Carbon monoxide detector"",""First aid kit"",""Safety card"",""Fire extinguisher"",Essentials,Shampoo,""Lock on bedroom door"",""24-hour check-in"",Hangers,""Hair dryer"",Iron,""Laptop friendly workspace"",""Self check-in"",""Building staff"",""Hot water"",""Bed linens"",""Extra pillows and blankets"",Microwave,""Coffee maker"",Refrigerator,""Dishes and silverware"",""Cooking basics"",Oven,Stove,""Single level home"",""Luggage dropoff allowed"",""Long term stays allowed"",""Paid parking on premises""}",$101.00,1,$80.00,2,120,15.0,t,f,flexible
420,f,1.0,-22.983307202325943,-43.19252831105224,Apartment,Entire home/apt,4,1.0,1.0,3.0,Real Bed,"{TV,Internet,Wifi,""Air conditioning"",Kitchen,Doorman,Elevator,""Buzzer/wireless intercom"",""Family/kid friendly"",Essentials,Hangers,Microwave,""Coffee maker"",Refrigerator,""Dishes and silverware"",""Cooking basics"",Oven,Stove,""Host greets you""}",$109.00,2,$40.00,30,60,0.0,f,f,strict_14_with_grace_period
421,f,1.0,-22.92667032323865,-43.18052703510732,Apartment,Entire home/apt,4,2.0,2.0,2.0,Real Bed,"{TV,Internet,Wifi,""Air conditioning"",Kitchen,""Smoking allowed"",Doorman,Elevator,""Buzzer/wireless intercom"",""Family/kid friendly"",Washer,Dryer}",$400.00,1,$0.00,1,365,15.0,f,f,strict_14_with_grace_period
422,f,2.0,-22.988630662741,-43.233681289321545,Apartment,Entire home/apt,5,2.0,3.0,3.0,Real Bed,"{TV,""Cable TV"",Internet,Wifi,""Air conditioning"",Kitchen,""Free parking on premises"",Doorman,Elevator,""Hot tub"",""Buzzer/wireless intercom"",""Family/kid friendly"",Washer}",$952.00,1,$0.00,5,30,2.0,f,f,strict_14_with_grace_period
423,f,2.0,-22.984266792350077,-43.20796239151667,Apartment,Entire home/apt,6,2.0,3.0,4.0,Real Bed,"{TV,""Cable TV"",Wifi,""Air conditioning"",Kitchen,""Free parking on premises"",""Paid parking off premises"",Elevator,""Free street parking"",""Family/kid friendly"",Washer,""Fire extinguisher"",Essentials,Shampoo,Hangers,Iron,""Laptop friendly workspace"",""Hot water"",Microwave,Refrigerator,Dishwasher,""Dishes and silverware"",""Cooking basics"",Oven,Stove,""Luggage dropoff allowed"",""Long term stays allowed"",""Disabled parking spot""}",$851.00,1,$0.00,3,1125,18.0,f,f,strict_14_with_grace_period
424,f,1.0,-22.917108666951805,-43.18593736145858,Apartment,Entire home/apt,3,1.0,1.0,1.0,Real Bed,"{TV,""Cable TV"",Wifi,""Air conditioning"",Kitchen,""Pets allowed"",""Free street parking"",""Buzzer/wireless intercom"",Essentials,Iron,""Hot water"",""Host greets you""}",$229.00,2,$50.00,3,60,2.0,f,f,strict_14_with_grace_period
425,f,1.0,-22.985220400606828,-43.20086421830424,Apartment,Private room,2,2.0,1.0,1.0,Real Bed,"{Internet,Wifi,""Air conditioning"",Doorman,Breakfast,Elevator,""Buzzer/wireless intercom""}",$342.00,1,$0.00,5,365,6.0,f,f,flexible
426,f,1.0,-22.932272776085014,-43.18397432271268,Apartment,Private room,2,1.0,1.0,2.0,Pull-out Sofa,"{TV,""Cable TV"",Internet,Wifi,""Wheelchair accessible"",Kitchen,""Smoking allowed"",Doorman,Elevator,""Buzzer/wireless intercom"",""translation missing: en.hosting_amenity_49"",""translation missing: en.hosting_amenity_50""}",$101.00,1,$50.00,3,15,5.0,f,f,moderate
427,f,2.0,-22.986624476319896,-43.190980149218255,Hostel,Private room,1,1.0,1.0,1.0,Real Bed,"{Internet,Wifi,Kitchen,Doorman,Elevator,""Buzzer/wireless intercom"",Washer,""Fire extinguisher"",""Lock on bedroom door"",""translation missing: en.hosting_amenity_49"",""translation missing: en.hosting_amenity_50""}",$152.00,1,$0.00,7,30,2.0,f,f,strict_14_with_grace_period
428,t,1.0,-22.93845386332973,-43.176631692892826,Apartment,Entire home/apt,6,1.0,2.0,2.0,Real Bed,"{TV,""Cable TV"",Internet,Wifi,""Air conditioning"",Kitchen,""Paid parking off premises"",""Pets allowed"",Doorman,Elevator,""Free street parking"",""Family/kid friendly"",Washer,Essentials,Shampoo,Hangers,""Hair dryer"",Iron,""Laptop friendly workspace"",""Self check-in"",""Building staff"",""Room-darkening shades"",""Bed linens"",""Extra pillows and blankets"",""Ethernet connection"",Microwave,""Coffee maker"",Refrigerator,""Dishes and silverware"",""Cooking basics"",Oven,Stove,""Luggage dropoff allowed"",""Wide hallway clearance"",""Well-lit path to entrance"",""Handheld shower head""}",$89.00,1,$0.00,2,30,72.0,t,f,strict_14_with_grace_period
429,t,2.0,-22.979649042264604,-43.18914693929955,Apartment,Private room,2,1.0,1.0,2.0,Real Bed,"{TV,Wifi,Kitchen,""Paid parking off premises"",Elevator,""Free street parking"",""Family/kid friendly"",Washer,""Smoke detector"",""Carbon monoxide detector"",""Fire extinguisher"",Essentials,""Lock on bedroom door"",Hangers,Iron,""Laptop friendly workspace"",""Self check-in"",""Building staff"",""Hot water"",""Bed linens"",""Extra pillows and blankets"",""Coffee maker"",Refrigerator,""Dishes and silverware"",""Cooking basics"",Oven,Stove,""Single level home"",""Luggage dropoff allowed"",""Step-free access"",""Wide doorway"",""Step-free access"",""Accessible-height toilet"",""Wide clearance to shower, toilet"",""Step-free access"",""Wide entryway"",Beachfront,""Handheld shower head""}",$70.00,1,$42.00,2,20,36.0,t,f,strict_14_with_grace_period
430,f,1.0,-22.93317955840156,-43.17680797752786,Apartment,Entire home/apt,4,1.0,1.0,1.0,Real Bed,"{TV,""Cable TV"",Internet,Wifi,""Air conditioning"",Kitchen,""Paid parking off premises"",""Smoking allowed"",""Pets allowed"",Doorman,Elevator,""Free street parking"",""Buzzer/wireless intercom"",""Family/kid friendly"",Washer,""Fire extinguisher"",Essentials,""Hair dryer"",""Self check-in"",""Building staff"",""Hot water""}",$249.00,1,$0.00,1,800,45.0,f,f,strict_14_with_grace_period
431,f,1.0,-22.898861666060704,-43.21927846887211,House,Private room,4,2.0,1.0,4.0,Real Bed,"{TV,""Cable TV"",Internet,Wifi,""Air conditioning"",Pool,Kitchen,""Smoking allowed"",Breakfast,""Pets live on this property"",Dog(s),""Buzzer/wireless intercom"",""Family/kid friendly"",Washer,""translation missing: en.hosting_amenity_50""}",$124.00,1,$70.00,1,365,3.0,f,f,strict_14_with_grace_period
432,f,1.0,-22.98573127863574,-43.496848240611335,House,Entire home/apt,5,1.0,2.0,5.0,Real Bed,"{TV,Pool,Kitchen,""Free parking on premises"",""Smoking allowed"",""Pets live on this property"",Dog(s),""Family/kid friendly""}",$299.00,5,$50.00,2,14,0.0,f,f,moderate
433,f,6.0,-22.97788700110229,-43.225613853037856,Apartment,Entire home/apt,6,2.0,3.0,3.0,Real Bed,"{TV,""Cable TV"",Wifi,""Air conditioning"",Kitchen,""Paid parking off premises"",Doorman,Elevator,""Buzzer/wireless intercom"",Washer,Dryer,""Fire extinguisher"",Essentials,Shampoo,Hangers,""Hair dryer"",Iron,""Laptop friendly workspace"",""Hot water"",""Host greets you""}",$400.00,1,$40.00,3,30,9.0,f,f,strict_14_with_grace_period
434,f,2.0,-22.96273935706775,-43.17717985328229,Apartment,Entire home/apt,6,3.0,2.0,2.0,Real Bed,"{TV,""Cable TV"",Internet,Wifi,""Air conditioning"",Kitchen,""Free parking on premises"",Doorman,Elevator,""Buzzer/wireless intercom"",""Family/kid friendly"",Washer,Essentials,""24-hour check-in"",Hangers,""Hair dryer"",Iron,""Laptop friendly workspace"",""Self check-in"",""Building staff"",""Long term stays allowed""}",$190.00,2,$0.00,3,180,13.0,t,f,strict_14_with_grace_period
435,f,1.0,-22.995013171862933,-43.273940689108585,Loft,Entire home/apt,4,1.0,1.0,4.0,Real Bed,"{TV,Internet,""Air conditioning"",""Wheelchair accessible"",Pool,Kitchen,""Free parking on premises"",""Smoking allowed"",""Pets allowed"",Doorman,Gym,""Buzzer/wireless intercom"",""Family/kid friendly"",""Suitable for events"",Washer,Essentials,Hangers,Iron,""Laptop friendly workspace""}",$179.00,3,$50.00,2,60,1.0,f,f,moderate
436,f,8.0,-22.933802258319265,-43.192639021039255,Apartment,Private room,1,1.5,1.0,1.0,Real Bed,"{TV,""Cable TV"",Internet,Wifi,""Air conditioning"",Kitchen,""Free parking on premises"",""Smoking allowed"",""Pets live on this property"",Dog(s),""Free street parking"",""Buzzer/wireless intercom"",Washer,Dryer,Essentials,""Lock on bedroom door"",""Hot water"",""Host greets you""}",$58.00,1,$48.00,2,360,5.0,f,f,flexible
437,f,55.0,-22.985950844710786,-43.19903051072752,Apartment,Entire home/apt,2,1.0,1.0,1.0,Real Bed,"{TV,""Cable TV"",Internet,""Air conditioning"",Elevator}",$466.00,1,$0.00,1,1125,5.0,f,f,strict_14_with_grace_period
438,f,55.0,-22.986234723672037,-43.20020456566076,Apartment,Entire home/apt,2,1.0,1.0,1.0,Real Bed,"{TV,""Cable TV"",Internet,""Air conditioning"",Elevator}",$272.00,1,$0.00,2,1125,35.0,f,f,strict_14_with_grace_period
439,f,2.0,-22.959399893872146,-43.202526097890285,Apartment,Entire home/apt,4,2.0,2.0,2.0,Real Bed,"{Internet,Wifi,""Air conditioning"",Kitchen,""Paid parking off premises"",Doorman,Breakfast,Elevator,""Free street parking"",""Buzzer/wireless intercom"",""Family/kid friendly"",Essentials,Shampoo,Hangers,""Hair dryer"",""Laptop friendly workspace"",""translation missing: en.hosting_amenity_50"",""Hot water"",""Luggage dropoff allowed"",""Host greets you""}",$190.00,2,$50.00,2,15,7.0,f,f,moderate
440,t,4.0,-22.921189892934365,-43.17459708791519,Apartment,Private room,1,2.0,1.0,1.0,Real Bed,"{TV,""Cable TV"",Internet,Wifi,""Air conditioning"",Kitchen,""Paid parking off premises"",""Smoking allowed"",Doorman,Elevator,""Free street parking"",""Buzzer/wireless intercom"",""Family/kid friendly"",Washer,""First aid kit"",""Fire extinguisher"",Essentials,Shampoo,""Lock on bedroom door"",""24-hour check-in"",Hangers,""Hair dryer"",Iron,""Laptop friendly workspace"",""Self check-in"",""Private entrance"",""Hot water"",""Bed linens"",""Extra pillows and blankets"",""Luggage dropoff allowed"",""Long term stays allowed"",""Wide hallway clearance"",""Well-lit path to entrance"",""Host greets you"",Beachfront}",$58.00,1,$40.00,3,300,75.0,f,f,flexible
441,f,1.0,-22.942884493412453,-43.181151315082296,Apartment,Private room,2,1.5,1.0,1.0,Real Bed,"{TV,""Cable TV"",Internet,Wifi,""Air conditioning"",Kitchen,""Free street parking"",""Buzzer/wireless intercom"",""Family/kid friendly"",Washer,""Lock on bedroom door"",""Hair dryer"",Iron,""Laptop friendly workspace"",""Hot water"",""Ethernet connection"",""Host greets you""}",$128.00,1,$0.00,3,29,49.0,f,f,strict_14_with_grace_period
442,t,3.0,-22.97119837905555,-43.18646049728309,Apartment,Entire home/apt,4,1.0,2.0,2.0,Real Bed,"{TV,""Cable TV"",Internet,Wifi,""Air conditioning"",Kitchen,""Paid parking off premises"",Doorman,Elevator,""Buzzer/wireless intercom"",""Family/kid friendly"",Washer,""Smoke detector"",""Carbon monoxide detector"",""First aid kit"",""Safety card"",""Fire extinguisher"",Essentials,""24-hour check-in"",Hangers,""Hair dryer"",Iron,""Laptop friendly workspace"",""Baby bath"",""Table corner guards"",Crib,""Room-darkening shades"",""Hot water"",""Bed linens"",""Extra pillows and blankets"",Microwave,""Coffee maker"",Refrigerator,Dishwasher,""Dishes and silverware"",""Cooking basics"",Oven,Stove,""Luggage dropoff allowed"",""Long term stays allowed"",""Wide hallway clearance"",""Wide doorway"",""Flat path to front door"",""Well-lit path to entrance"",""Step-free access"",""Wide doorway"",""Wide clearance to bed"",""Accessible-height bed"",""Step-free access"",""Wide entryway"",""Host greets you""}",$299.00,3,$0.00,3,89,69.0,t,f,strict_14_with_grace_period
443,f,7.0,-23.0114400600095,-43.43772270367357,Bed and breakfast,Private room,2,1.0,1.0,2.0,Real Bed,"{TV,""Cable TV"",Internet,Wifi,""Air conditioning"",Pool,Kitchen,""Free parking on premises"",""Smoking allowed"",Doorman,Breakfast,""Pets live on this property"",Dog(s),""Buzzer/wireless intercom"",""Family/kid friendly"",""Suitable for events"",Washer,""24-hour check-in"",Hangers,Iron,""Laptop friendly workspace""}",$140.00,1,$85.00,1,365,7.0,f,f,strict_14_with_grace_period
444,f,1.0,-22.98477628404612,-43.22614109951326,Loft,Entire home/apt,3,1.0,1.0,1.0,Real Bed,"{TV,""Cable TV"",Internet,Wifi,""Air conditioning"",Kitchen,""Smoking allowed"",Doorman,Elevator,""Buzzer/wireless intercom"",""Fire extinguisher"",Essentials,Shampoo,""24-hour check-in"",""Hair dryer"",Iron,""translation missing: en.hosting_amenity_49"",""translation missing: en.hosting_amenity_50""}",$299.00,1,$150.00,1,1125,16.0,f,f,strict_14_with_grace_period
445,f,1.0,-22.980779243860177,-43.20843902003013,Apartment,Entire home/apt,4,1.0,2.0,4.0,Real Bed,"{TV,""Cable TV"",Wifi,""Air conditioning"",Kitchen,""Family/kid friendly"",Washer,Essentials,Shampoo,Hangers,Iron,""Laptop friendly workspace""}",$528.00,2,$0.00,7,30,6.0,f,f,strict_14_with_grace_period
446,t,4.0,-22.98272836223509,-43.1931058362466,Apartment,Private room,3,1.0,1.0,2.0,Real Bed,"{TV,""Cable TV"",Internet,Wifi,""Air conditioning"",Kitchen,""Smoking allowed"",Doorman,Elevator,""Free street parking"",""Buzzer/wireless intercom"",""Family/kid friendly"",Washer,""Smoke detector"",""Carbon monoxide detector"",""First aid kit"",""Safety card"",""Fire extinguisher"",Essentials,Shampoo,""Lock on bedroom door"",""24-hour check-in"",Hangers,""Hair dryer"",Iron,""Laptop friendly workspace"",""Self check-in"",""Smart lock"",""Private entrance"",""Hot water"",""Bed linens"",""Extra pillows and blankets"",""Ethernet connection"",""Pocket wifi"",Microwave,""Coffee maker"",Refrigerator,""Dishes and silverware"",""Cooking basics"",Oven,Stove,""Single level home"",""Paid parking on premises""}",$101.00,1,$0.00,2,1000,5.0,t,f,strict_14_with_grace_period
447,f,2.0,-22.957990719635216,-43.203903978703394,Apartment,Private room,1,1.0,1.0,1.0,Real Bed,"{TV,""Cable TV"",Internet,Wifi,""Air conditioning"",""Wheelchair accessible"",Pool,Kitchen,""Free parking on premises"",Doorman,Gym,Elevator,""Buzzer/wireless intercom"",""Family/kid friendly"",Washer,""Fire extinguisher"",Hangers,Iron,""Laptop friendly workspace""}",$198.00,1,$90.00,7,180,1.0,f,f,strict_14_with_grace_period
448,f,3.0,-22.96192256145677,-43.18115706989235,Apartment,Private room,2,1.5,1.0,1.0,Futon,"{TV,Internet,Wifi,""Air conditioning"",Kitchen,""Free parking on premises"",""Smoking allowed"",""Pets live on this property"",Dog(s),Elevator,""Family/kid friendly"",Washer,""Fire extinguisher"",Essentials,Shampoo,""translation missing: en.hosting_amenity_49"",""Patio or balcony"",""Beach essentials""}",$179.00,1,$0.00,2,15,0.0,f,f,strict_14_with_grace_period
449,f,6.0,-22.99055511379213,-43.480083251441,Condominium,Private room,2,1.0,1.0,2.0,Real Bed,"{TV,""Cable TV"",Internet,Wifi,""Air conditioning"",""Wheelchair accessible"",Kitchen,""Free parking on premises"",""Paid parking off premises"",""Smoking allowed"",""Pets allowed"",Doorman,Breakfast,""Free street parking"",""Hot tub"",""Buzzer/wireless intercom"",""Family/kid friendly"",Washer,Essentials,Shampoo,""24-hour check-in"",Hangers,""Hair dryer"",Iron,""Laptop friendly workspace"",""Private entrance"",""Children’s books and toys"",""Hot water"",Microwave,""Coffee maker"",Refrigerator,""Cooking basics"",Oven,Stove,""Single level home"",""BBQ grill"",""Luggage dropoff allowed"",""Long term stays allowed"",""Well-lit path to entrance"",""Host greets you""}",$97.00,2,$39.00,15,1125,0.0,f,f,strict_14_with_grace_period
450,f,4.0,-22.9809186513638,-43.191791590512935,Apartment,Private room,2,0.0,1.0,1.0,Real Bed,"{""Cable TV"",Internet,Wifi,""Air conditioning"",Kitchen,Doorman,Elevator,Heating,Washer,Dryer,""Fire extinguisher"",Essentials,Shampoo,""Lock on bedroom door"",""24-hour check-in"",""Laptop friendly workspace"",""Hot water"",""Host greets you""}",$194.00,1,$39.00,8,30,11.0,f,f,strict_14_with_grace_period
451,f,1.0,-22.983735095595023,-43.19240988907761,Apartment,Entire home/apt,2,1.0,1.0,2.0,Real Bed,"{TV,""Cable TV"",Wifi,""Air conditioning"",Kitchen,Doorman,Elevator,""Buzzer/wireless intercom"",Washer,""Fire extinguisher"",Essentials,""Lock on bedroom door"",Iron,""Laptop friendly workspace"",""translation missing: en.hosting_amenity_49"",""translation missing: en.hosting_amenity_50""}",$253.00,2,$0.00,4,1125,0.0,f,f,strict_14_with_grace_period
452,f,5.0,-22.915859260651693,-43.209392757098655,Hostel,Shared room,1,3.0,1.0,1.0,Real Bed,"{TV,""Cable TV"",Internet,Wifi,""Air conditioning"",Kitchen,""Smoking allowed"",""Pets live on this property"",Cat(s),""Suitable for events"",Washer,""Fire extinguisher"",Essentials,""Hair dryer"",Iron,""translation missing: en.hosting_amenity_49"",""translation missing: en.hosting_amenity_50"",Microwave,""Coffee maker"",Refrigerator,""Dishes and silverware"",""Cooking basics"",Oven,Stove,""BBQ grill"",""Patio or balcony""}",$43.00,1,$25.00,1,30,5.0,f,f,strict_14_with_grace_period
454,f,22.0,-23.000961210195214,-43.30893496409978,House,Private room,2,1.5,1.0,2.0,Real Bed,"{TV,""Cable TV"",Internet,Wifi,""Air conditioning"",Kitchen,""Free parking on premises"",""Smoking allowed"",""Pets allowed"",""Family/kid friendly"",Washer,Essentials}",$74.00,1,$50.00,1,1125,5.0,f,f,strict_14_with_grace_period
455,f,2.0,-23.00730546229472,-43.3237603322214,Apartment,Entire home/apt,4,2.0,2.0,3.0,Real Bed,"{TV,Wifi,""Air conditioning"",Pool,Kitchen,""Free parking on premises"",Doorman,Gym,Elevator,""Free street parking"",""Buzzer/wireless intercom"",""Family/kid friendly"",""Suitable for events"",Washer,Essentials,Hangers,""Hair dryer"",Iron,""Laptop friendly workspace"",""translation missing: en.hosting_amenity_50"",""Hot water"",""Host greets you""}",$152.00,5,$0.00,3,30,7.0,f,f,strict_14_with_grace_period
456,f,1.0,-22.983096284994453,-43.20063186852567,Apartment,Private room,2,1.0,1.0,1.0,Real Bed,{TV},$501.00,1,$0.00,1,1125,2.0,f,f,strict_14_with_grace_period
457,f,2.0,-22.96995670780437,-43.1825230102685,Apartment,Entire home/apt,4,1.0,1.0,2.0,Real Bed,"{TV,""Cable TV"",Internet,Wifi,""Air conditioning"",Kitchen,Doorman,Elevator,""Free street parking"",""Buzzer/wireless intercom"",""Family/kid friendly"",Washer,""Smoke detector"",""Carbon monoxide detector"",Essentials,""24-hour check-in"",Hangers,""Hair dryer"",Iron,""Laptop friendly workspace"",""Room-darkening shades"",""Hot water"",Microwave,""Coffee maker"",Refrigerator,""Cooking basics"",Stove,""Long term stays allowed"",""Host greets you"",""Paid parking on premises""}",$171.00,2,$20.00,5,90,47.0,t,f,strict_14_with_grace_period
458,f,1.0,-22.901240859120588,-43.34985884309783,House,Private room,3,1.0,1.0,2.0,Real Bed,"{""Cable TV"",Wifi,""Wheelchair accessible"",Pool,Kitchen,""Free parking on premises"",""Smoking allowed"",""Pets live on this property"",Dog(s),""Family/kid friendly"",""Fire extinguisher""}",$389.00,1,$0.00,1,1125,0.0,f,f,flexible
459,f,2.0,-22.97843789217341,-43.18856697029617,Apartment,Entire home/apt,4,1.0,1.0,1.0,Real Bed,"{TV,Wifi,""Air conditioning"",Kitchen,""Smoking allowed"",""Pets allowed"",Doorman,Elevator,""Buzzer/wireless intercom""}",$486.00,2,$97.00,2,60,0.0,f,f,moderate
460,f,1.0,-22.934087653139954,-43.18081591762393,Apartment,Entire home/apt,2,1.0,1.0,1.0,Real Bed,"{Internet,Wifi,""Air conditioning"",Kitchen,""Smoking allowed"",Washer,Dryer,Essentials,Iron}",$70.00,1,$26.00,2,60,59.0,f,f,strict_14_with_grace_period
461,f,1.0,-22.960826147758123,-43.20411739186436,Apartment,Private room,2,1.0,1.0,1.0,Real Bed,"{Wifi,""Air conditioning"",Kitchen,Doorman,Gym,Elevator,""Buzzer/wireless intercom"",Washer,""translation missing: en.hosting_amenity_49"",""translation missing: en.hosting_amenity_50""}",$350.00,1,$0.00,1,15,5.0,t,f,strict_14_with_grace_period
462,t,2.0,-22.984254883650863,-43.21416932707493,Apartment,Entire home/apt,3,1.0,1.0,2.0,Real Bed,"{TV,""Cable TV"",Wifi,""Air conditioning"",Kitchen,""Paid parking off premises"",Elevator,""Family/kid friendly"",Essentials,Hangers,""Hair dryer"",Iron,""translation missing: en.hosting_amenity_49"",""Room-darkening shades"",""Hot water"",""Bed linens"",""Extra pillows and blankets"",Microwave,""Coffee maker"",Refrigerator,""Dishes and silverware"",""Cooking basics"",Oven,Stove,""Wide doorway"",""Flat path to front door"",""Well-lit path to entrance"",""Step-free access"",""Wide clearance to bed"",""Step-free access""}",$152.00,3,$30.00,2,180,87.0,t,f,flexible
463,f,55.0,-22.98356533932859,-43.19368762071844,Apartment,Private room,1,1.0,1.0,1.0,Real Bed,{},$272.00,1,$0.00,3,1125,14.0,f,f,strict_14_with_grace_period
464,f,2.0,-23.008972499167253,-43.42436659330721,House,Private room,2,1.0,1.0,2.0,Real Bed,"{TV,""Cable TV"",Internet,Wifi,""Air conditioning"",Pool,Kitchen,""Free parking on premises"",Doorman,Breakfast,""Pets live on this property"",Dog(s),""Free street parking"",""Buzzer/wireless intercom"",""Family/kid friendly"",Washer,Dryer,""Smoke detector"",""First aid kit"",Essentials,Shampoo,""Lock on bedroom door"",Hangers,Iron,""Private entrance"",Crib,""Hot water"",""Bed linens"",""Luggage dropoff allowed"",""Host greets you""}",$291.00,1,$0.00,3,14,1.0,t,f,strict_14_with_grace_period
465,f,3.0,-22.81027552645929,-43.18177774736999,House,Private room,2,1.0,1.0,1.0,Real Bed,"{TV,""Cable TV"",Internet,Wifi,Pool,""Smoking allowed"",Breakfast,""Pets live on this property"",Dog(s),Cat(s),""Buzzer/wireless intercom"",""Family/kid friendly"",Washer,Dryer}",$272.00,1,$101.00,2,365,2.0,f,f,strict_14_with_grace_period
466,f,2.0,-23.006900470598502,-43.31146697305053,House,Private room,2,1.0,1.0,1.0,Real Bed,"{TV,""Cable TV"",Internet,Wifi,""Air conditioning"",Hangers,Iron}",$144.00,3,$0.00,2,30,1.0,t,f,moderate
467,f,2.0,-22.95090646367052,-43.26336063299735,House,Entire home/apt,10,4.5,4.0,7.0,Real Bed,"{TV,""Cable TV"",Internet,Wifi,""Air conditioning"",Pool,Kitchen,""Free parking on premises"",""Smoking allowed"",""Pets allowed"",""Hot tub"",""Indoor fireplace"",""Buzzer/wireless intercom"",""Family/kid friendly"",Washer,Essentials,Shampoo,""24-hour check-in"",Hangers,""Hair dryer"",Iron}",$490.00,10,$70.00,5,30,3.0,f,f,strict_14_with_grace_period
468,f,1.0,-22.974216239333504,-43.328482846442135,Apartment,Private room,4,1.0,1.0,2.0,Real Bed,"{TV,""Cable TV"",Internet,Wifi,""Air conditioning"",""Wheelchair accessible"",Pool,Kitchen,Doorman,Elevator,""Buzzer/wireless intercom"",Washer}",$190.00,1,$100.00,2,21,0.0,f,f,flexible
469,f,2.0,-22.94939379686813,-43.182504043994456,Apartment,Entire home/apt,4,1.5,2.0,3.0,Real Bed,"{Internet,Wifi,Kitchen,""Paid parking off premises"",Doorman,Elevator,""Buzzer/wireless intercom"",Washer,""Fire extinguisher"",Essentials,Hangers,Iron,""Laptop friendly workspace"",""translation missing: en.hosting_amenity_49"",""translation missing: en.hosting_amenity_50"",""Self check-in"",""Room-darkening shades"",""Hot water"",""Bed linens"",""Coffee maker"",Refrigerator,""Dishes and silverware"",""Cooking basics"",Oven,Stove,""Luggage dropoff allowed"",""Long term stays allowed"",""Well-lit path to entrance"",""Step-free access"",""Wide clearance to bed"",""Accessible-height toilet"",""Host greets you"",Beachfront}",$299.00,1,$0.00,3,365,15.0,f,f,strict_14_with_grace_period
470,f,4.0,-22.934920764007448,-43.17585036081511,Apartment,Private room,2,2.0,1.0,1.0,Real Bed,"{TV,""Cable TV"",Internet,Wifi,""Air conditioning"",Kitchen,Doorman,Breakfast,Elevator,""Buzzer/wireless intercom"",""Family/kid friendly"",Washer,Dryer,""Fire extinguisher"",Shampoo}",$699.00,1,$0.00,2,15,2.0,f,f,strict_14_with_grace_period
471,f,2.0,-23.006603364278423,-43.29758219695447,Guesthouse,Entire home/apt,2,1.0,1.0,1.0,Real Bed,"{TV,Wifi,Pool,Kitchen,""Free street parking"",Essentials,Shampoo,Hangers,""Hair dryer"",""Hot water"",""Luggage dropoff allowed"",""Long term stays allowed"",""Host greets you""}",$237.00,1,$0.00,5,1125,8.0,f,f,strict_14_with_grace_period
472,f,5.0,-22.97097222186836,-43.39458081510567,Apartment,Private room,2,1.0,1.0,2.0,Real Bed,"{TV,""Cable TV"",Internet,Wifi,""Air conditioning"",""Wheelchair accessible"",Pool,Kitchen,""Free parking on premises"",""Pets allowed"",Doorman,Gym,Elevator,""Buzzer/wireless intercom"",""Family/kid friendly"",Washer,""Smoke detector"",Essentials,Shampoo,""24-hour check-in"",Hangers,""Hair dryer"",Iron,""Laptop friendly workspace""}",$124.00,1,$250.00,5,90,1.0,f,f,strict_14_with_grace_period
473,f,1.0,-22.98253496830685,-43.191238357235285,Apartment,Entire home/apt,4,2.0,1.0,2.0,Real Bed,"{TV,""Cable TV"",Wifi,""Air conditioning"",Kitchen,""Smoking allowed"",Elevator,""Family/kid friendly"",Essentials,Hangers,Iron,""Laptop friendly workspace"",""Hot water"",""Bed linens"",""Step-free access"",""Wide doorway"",""Wide clearance to bed"",""Step-free access"",""Wide clearance to shower, toilet"",""Step-free access""}",$330.00,4,$155.00,5,250,6.0,f,f,strict_14_with_grace_period
474,t,3.0,-22.98463314861537,-43.213377226981976,Apartment,Entire home/apt,4,1.0,1.0,1.0,Real Bed,"{TV,Wifi,""Air conditioning"",Kitchen,""Smoking allowed"",Elevator,""Family/kid friendly"",Essentials,Hangers,""Hair dryer"",Iron,""Laptop friendly workspace"",""Hot water"",""Bed linens"",""Extra pillows and blankets"",Microwave,Refrigerator,""Dishes and silverware"",Oven,Stove,""Wide doorway"",""Well-lit path to entrance"",""Step-free access"",""Wide doorway"",""Wide clearance to bed"",""Accessible-height bed"",""Step-free access"",""Accessible-height toilet"",""Host greets you""}",$198.00,2,$50.00,3,30,20.0,t,f,strict_14_with_grace_period
475,f,2.0,-22.932106202284917,-43.179922731737605,Apartment,Entire home/apt,4,2.0,2.0,3.0,Real Bed,"{TV,""Cable TV"",Wifi,""Air conditioning"",Pool,Kitchen,""Free parking on premises"",""Smoking allowed"",""Pets allowed"",Doorman,Gym,""Pets live on this property"",Elevator,""Hot tub"",""Family/kid friendly"",Washer,Dryer,Essentials,Hangers,""Hair dryer"",Iron,""Laptop friendly workspace"",""Hot water"",""Bed linens"",""Extra pillows and blankets"",""Ethernet connection"",Microwave,""Coffee maker"",Refrigerator,""Dishes and silverware"",""Cooking basics"",Oven,Stove,""BBQ grill"",""Patio or balcony"",""Luggage dropoff allowed"",""Long term stays allowed"",""Step-free access"",""Wide doorway"",""Flat path to front door"",""Well-lit path to entrance"",""Disabled parking spot"",""Step-free access"",""Wide doorway"",""Wide clearance to bed"",""Accessible-height bed"",""Step-free access"",""Wide doorway"",""Accessible-height toilet"",""Step-free access"",""Wide entryway"",""Host greets you"",""Handheld shower head""}",$198.00,4,$127.00,3,180,3.0,f,f,moderate
476,t,2.0,-22.982446309191545,-43.19088033850821,Apartment,Entire home/apt,6,1.5,3.0,3.0,Real Bed,"{TV,Wifi,""Air conditioning"",Kitchen,""Paid parking off premises"",Elevator,""Family/kid friendly"",Washer,Essentials,Hangers,""Hair dryer"",Iron,""Hot water"",""Long term stays allowed"",""Step-free access"",""Step-free access"",""Step-free access"",Other,""Handheld shower head""}",$350.00,6,$70.00,2,1125,111.0,t,f,strict_14_with_grace_period
477,t,2.0,-22.983818241423645,-43.23336952928324,Apartment,Entire home/apt,6,4.0,3.0,3.0,Real Bed,"{TV,""Cable TV"",Internet,Wifi,""Air conditioning"",""Wheelchair accessible"",Kitchen,""Free parking on premises"",""Smoking allowed"",Doorman,Elevator,""Buzzer/wireless intercom"",""Family/kid friendly"",Washer,Essentials,""24-hour check-in"",Hangers,""Hair dryer"",Iron,""Laptop friendly workspace"",""Hot water"",""Luggage dropoff allowed"",""Long term stays allowed"",""Host greets you""}","$1,099.00",1,$0.00,4,14,10.0,f,f,strict_14_with_grace_period
478,f,1.0,-23.00811356922707,-43.43593119002332,Apartment,Private room,2,1.0,1.0,1.0,Futon,"{""Cable TV"",Wifi,""Air conditioning"",Kitchen,""Free parking on premises"",Doorman,Breakfast,Elevator,Washer}",$117.00,1,$117.00,1,16,1.0,f,f,moderate
479,f,4.0,-22.986465454994487,-43.19431215285515,Apartment,Entire home/apt,4,1.0,1.0,3.0,Real Bed,"{TV,Internet,Wifi,""Air conditioning"",""Wheelchair accessible"",Kitchen,Doorman,Elevator,""Family/kid friendly"",Essentials,Hangers,""Self check-in"",""Building staff"",Crib,""Hot water"",""Luggage dropoff allowed"",""Long term stays allowed""}",$152.00,2,$40.00,5,180,100.0,f,f,strict_14_with_grace_period
480,f,1.0,-23.00870975724473,-43.32222678564822,Apartment,Entire home/apt,3,2.0,2.0,3.0,Real Bed,"{TV,""Cable TV"",Internet,Wifi,""Air conditioning"",Pool,Kitchen,""Free parking on premises"",Doorman,Elevator,""Buzzer/wireless intercom"",""Family/kid friendly"",Washer,Essentials,Shampoo,Hangers,""Hair dryer"",Iron,""Laptop friendly workspace"",""Hot water"",""Long term stays allowed"",Other}",$144.00,3,$50.00,3,1125,20.0,f,f,strict_14_with_grace_period
481,t,2.0,-22.985044175795498,-43.19227750435189,Apartment,Entire home/apt,4,2.0,2.0,2.0,Real Bed,"{TV,""Cable TV"",Internet,Wifi,""Air conditioning"",Kitchen,""Paid parking off premises"",""Smoking allowed"",""Pets allowed"",Doorman,""Pets live on this property"",Dog(s),Elevator,""Buzzer/wireless intercom"",""Family/kid friendly"",Washer,""First aid kit"",""Fire extinguisher"",Essentials,Shampoo,""24-hour check-in"",Hangers,""Hair dryer"",Iron,""Laptop friendly workspace"",""Private entrance"",""Children’s books and toys"",""Babysitter recommendations"",""Room-darkening shades"",""Game console"",""Hot water"",""Bed linens"",""Extra pillows and blankets"",""Pocket wifi"",Microwave,""Coffee maker"",Refrigerator,""Dishes and silverware"",""Cooking basics"",Oven,Stove,""Patio or balcony"",""Beach essentials"",""Luggage dropoff allowed"",""Long term stays allowed"",""Wide hallway clearance"",""Wide doorway"",""Well-lit path to entrance"",""Step-free access"",""Wide clearance to bed"",""Accessible-height bed"",""Step-free access"",""Accessible-height toilet"",""Wide clearance to shower, toilet"",""Step-free access"",""Wide entryway"",""Host greets you"",Beachfront}",$602.00,1,$0.00,1,60,72.0,t,f,strict_14_with_grace_period
482,f,1.0,-23.00462609535956,-43.37645652569507,Apartment,Entire home/apt,4,2.0,2.0,4.0,Real Bed,"{TV,""Cable TV"",Wifi,""Air conditioning"",Pool,Kitchen,""Free parking on premises"",Gym,Elevator,""Family/kid friendly"",Washer,Essentials,Hangers,""translation missing: en.hosting_amenity_50"",""Room-darkening shades"",""Well-lit path to entrance""}",$210.00,2,$0.00,2,30,12.0,f,f,strict_14_with_grace_period
483,f,2.0,-22.98661138210036,-43.194559984233386,Apartment,Private room,2,1.0,1.0,2.0,Real Bed,"{""Cable TV"",Wifi,""Air conditioning"",Kitchen,Doorman,Elevator,""Buzzer/wireless intercom"",Washer}",$299.00,2,$100.00,3,20,1.0,f,f,strict_14_with_grace_period
484,f,5.0,-22.981667209266128,-43.19058308517707,Apartment,Entire home/apt,5,3.0,2.0,4.0,Real Bed,"{TV,""Cable TV"",Wifi,""Air conditioning"",""Wheelchair accessible"",Kitchen,""Paid parking off premises"",Doorman,Elevator,""Free street parking"",""Buzzer/wireless intercom"",""Family/kid friendly"",Washer,Dryer,""Smoke detector"",""Carbon monoxide detector"",""First aid kit"",""Fire extinguisher"",Essentials,Hangers,""Hair dryer"",Iron,""Laptop friendly workspace"",""Self check-in"",""Building staff"",""Hot water"",""Bed linens"",""Extra pillows and blankets"",""Ethernet connection"",""Air purifier"",""Paid parking on premises""}",$567.00,4,$220.00,7,365,10.0,f,f,moderate
485,t,4.0,-22.98176592429182,-43.1999003863148,Apartment,Entire home/apt,5,1.0,2.0,5.0,Real Bed,"{TV,""Cable TV"",Wifi,""Air conditioning"",Kitchen,""Free parking on premises"",Elevator,""Family/kid friendly"",Washer,""Fire extinguisher"",Essentials,""Lock on bedroom door"",Hangers,""Hair dryer"",Iron,""Laptop friendly workspace"",""Self check-in"",""Building staff"",""Private living room"",""Baby bath"",""Window guards"",Crib,""Room-darkening shades"",""Hot water"",""Bed linens"",""Extra pillows and blankets"",Microwave,""Coffee maker"",Refrigerator,""Dishes and silverware"",""Cooking basics"",Oven,Stove,""Luggage dropoff allowed"",""Long term stays allowed""}",$210.00,4,$50.00,2,1125,170.0,t,f,strict_14_with_grace_period
486,f,2.0,-22.933982007346287,-43.24068734282194,Apartment,Private room,3,2.0,2.0,2.0,Real Bed,"{TV,""Cable TV"",Internet,Wifi,Pool,Kitchen,Elevator,""Buzzer/wireless intercom"",Washer,""First aid kit"",""Safety card"",""Fire extinguisher"",Shampoo,""Lock on bedroom door"",""24-hour check-in"",Iron,""Laptop friendly workspace""}",$280.00,1,$90.00,1,1125,1.0,f,f,flexible
487,f,4.0,-22.976787887943225,-43.19172849013978,Condominium,Entire home/apt,4,1.0,1.0,1.0,Real Bed,"{TV,""Cable TV"",Internet,Wifi,""Air conditioning"",Kitchen,Doorman,Elevator,""Buzzer/wireless intercom"",""Family/kid friendly"",Essentials}",$229.00,4,$194.00,3,90,12.0,t,f,strict_14_with_grace_period
488,f,13.0,-22.990089807145296,-43.23293194720413,Apartment,Entire home/apt,7,1.0,1.0,2.0,Real Bed,"{TV,""Cable TV"",Internet,Wifi,""Air conditioning"",Kitchen,""Smoking allowed"",""Pets live on this property"",Cat(s),""Free street parking"",Essentials,""24-hour check-in"",""Hot water"",Other}",$389.00,3,$78.00,5,1125,19.0,f,f,strict_14_with_grace_period
489,f,13.0,-22.99102338608959,-43.22904514737319,Guest suite,Entire home/apt,3,1.0,1.0,2.0,Real Bed,"{TV,""Cable TV"",Internet,Wifi,""Air conditioning"",Kitchen,""Free parking on premises"",""Pets live on this property"",Dog(s),Cat(s),""Indoor fireplace"",Essentials,""Hot water"",Other}",$777.00,2,$0.00,5,1125,0.0,f,f,strict_14_with_grace_period
490,f,1.0,-22.98432512926395,-43.22915480172734,Serviced apartment,Private room,1,2.0,2.0,1.0,Real Bed,"{TV,Wifi,""Air conditioning"",Pool,Kitchen,Gym,Elevator,Washer,""Fire extinguisher"",Essentials,""Lock on bedroom door"",Hangers,Iron,""Laptop friendly workspace"",""translation missing: en.hosting_amenity_49"",""translation missing: en.hosting_amenity_50"",""Hot water"",""Bed linens"",""Extra pillows and blankets"",Microwave,Refrigerator,""Dishes and silverware"",Oven,""Patio or balcony"",""Luggage dropoff allowed"",""Long term stays allowed"",""Wide doorway"",""Flat path to front door"",""Well-lit path to entrance"",""Step-free access"",""Wide doorway"",""Wide clearance to bed"",""Accessible-height bed"",""Step-free access"",""Step-free access"",""Wide entryway"",""Host greets you"",""Paid parking on premises""}",$159.00,1,$0.00,5,180,3.0,f,f,strict_14_with_grace_period
491,f,6.0,-22.982383982760176,-43.19156252666801,Condominium,Entire home/apt,2,1.0,1.0,2.0,Real Bed,"{Internet,Wifi,""Air conditioning"",Kitchen,Doorman,Elevator,""Buzzer/wireless intercom"",Washer,""Hot water"",""Host greets you"",""Paid parking on premises""}",$124.00,1,$35.00,7,365,19.0,f,f,strict_14_with_grace_period
492,f,4.0,-22.999718379214823,-43.35812529152568,Apartment,Entire home/apt,4,2.0,1.0,2.0,Real Bed,"{TV,""Cable TV"",Internet,Wifi,""Air conditioning"",Pool,Kitchen,""Free parking on premises"",Doorman,Washer,Essentials,Hangers,""Hot water"",""Long term stays allowed"",""Host greets you""}",$124.00,1,$25.00,2,90,9.0,f,f,strict_14_with_grace_period
493,t,1.0,-22.98393989593109,-43.22620317989102,Apartment,Entire home/apt,2,1.0,1.0,2.0,Real Bed,"{TV,""Cable TV"",Internet,Wifi,""Air conditioning"",Kitchen,Doorman,Elevator,""Free street parking"",""Buzzer/wireless intercom"",""Family/kid friendly"",Washer,""Fire extinguisher"",Essentials,Shampoo,Hangers,""Hair dryer"",Iron,""Laptop friendly workspace"",""Self check-in"",""Building staff"",""Hot water"",""Bed linens"",""Extra pillows and blankets""}",$272.00,1,$0.00,2,30,86.0,t,f,moderate
494,f,1.0,-22.920517607598548,-43.25390568963451,Apartment,Private room,2,1.0,1.0,1.0,Real Bed,"{TV,Internet,Wifi,Kitchen,Elevator,Washer,Essentials}",$78.00,1,$70.00,1,30,1.0,f,f,strict_14_with_grace_period
495,t,5.0,-22.975761703881396,-43.1907848946102,Apartment,Entire home/apt,14,6.0,5.0,9.0,Real Bed,"{TV,""Cable TV"",Internet,Wifi,""Air conditioning"",Kitchen,""Paid parking off premises"",""Smoking allowed"",""Pets allowed"",Doorman,Elevator,""Buzzer/wireless intercom"",""Family/kid friendly"",""Suitable for events"",Washer,Essentials,Shampoo,""24-hour check-in"",Hangers,""Hair dryer"",Iron,""Laptop friendly workspace"",""Hot water"",""Host greets you""}","$1,200.00",4,$200.00,1,365,13.0,t,f,moderate
496,t,2.0,-22.96583211640093,-43.18866542934219,Apartment,Private room,2,1.0,1.0,2.0,Real Bed,"{TV,""Cable TV"",Internet,Wifi,""Air conditioning"",Kitchen,""Paid parking off premises"",""Smoking allowed"",Doorman,""Pets live on this property"",Cat(s),Elevator,""Buzzer/wireless intercom"",""Family/kid friendly"",Washer,""Smoke detector"",""Carbon monoxide detector"",""First aid kit"",""Fire extinguisher"",Essentials,Shampoo,""Lock on bedroom door"",Hangers,""Hair dryer"",Iron,""Laptop friendly workspace"",""translation missing: en.hosting_amenity_50"",""Private entrance"",""Hot water"",""Host greets you""}",$152.00,1,$60.00,1,10,50.0,t,f,moderate
497,f,45.0,-22.984023620272733,-43.19856735382657,Apartment,Entire home/apt,4,2.5,2.0,2.0,Real Bed,"{TV,""Cable TV"",Internet,Wifi,""Air conditioning"",Kitchen,""Paid parking off premises"",""Smoking allowed"",Doorman,""Family/kid friendly"",Washer,""Fire extinguisher"",Essentials,Shampoo,Hangers,""Hair dryer"",Iron,""Laptop friendly workspace"",""High chair"",Crib,""Pack ’n Play/travel crib"",""Hot water"",""Luggage dropoff allowed"",""Long term stays allowed"",""Host greets you""}",$179.00,1,$0.00,3,1125,14.0,f,f,strict_14_with_grace_period
498,f,5.0,-22.987582393389854,-43.19322873208601,Apartment,Entire home/apt,2,1.0,1.0,1.0,Real Bed,"{TV,""Cable TV"",Wifi,""Air conditioning"",Kitchen,Doorman,Elevator,""Buzzer/wireless intercom"",Washer,Dryer}",$253.00,1,$0.00,5,30,22.0,f,f,strict_14_with_grace_period
499,f,3.0,-22.99187249724177,-43.23300608300078,House,Entire home/apt,2,1.0,1.0,1.0,Real Bed,"{TV,""Cable TV"",Internet,Wifi,""Air conditioning"",Kitchen,""Free street parking"",""Hot tub"",""Buzzer/wireless intercom"",Heating,""Family/kid friendly"",Washer,Essentials,Hangers,""Hair dryer"",Iron,""Hot water"",""Luggage dropoff allowed"",""Long term stays allowed"",""Host greets you""}",$198.00,2,$30.00,2,180,258.0,t,f,strict_14_with_grace_period
500,f,3.0,-23.00419275046365,-43.322932219154815,Apartment,Private room,2,1.0,1.0,1.0,Real Bed,"{Wifi,Pool,""Smoking allowed"",Doorman,Gym,Elevator,""Hot tub"",""Buzzer/wireless intercom"",""Suitable for events"",Washer,""Fire extinguisher"",Essentials,""24-hour check-in"",""translation missing: en.hosting_amenity_49"",""translation missing: en.hosting_amenity_50"",""Hot water""}",$152.00,1,$80.00,1,1095,1.0,f,f,strict_14_with_grace_period
501,f,1.0,-22.93193457215095,-43.2409097332862,Apartment,Private room,2,2.0,1.0,1.0,Real Bed,"{TV,""Cable TV"",Wifi,""Air conditioning"",""Wheelchair accessible"",Kitchen,""Free parking on premises"",Doorman,Elevator,""Buzzer/wireless intercom"",""Family/kid friendly"",Washer,""Fire extinguisher""}",$466.00,1,$0.00,2,180,1.0,f,f,moderate
502,f,2.0,-22.9988719087644,-43.41571144114496,Apartment,Entire home/apt,6,3.0,3.0,7.0,Real Bed,"{""Cable TV"",Internet,Wifi,""Air conditioning"",Pool,Kitchen,""Free parking on premises"",""Smoking allowed"",Doorman,Gym,Elevator,""Buzzer/wireless intercom"",""Family/kid friendly"",Washer}",$513.00,1,$0.00,4,365,0.0,f,f,moderate
503,f,1.0,-22.930590006969403,-43.17595223269897,Apartment,Entire home/apt,2,1.0,1.0,1.0,Real Bed,"{TV,Internet,Wifi,""Air conditioning"",Kitchen,""Smoking allowed"",""Pets allowed"",Doorman,""Pets live on this property"",Cat(s),""Buzzer/wireless intercom"",""Family/kid friendly"",Washer,""24-hour check-in"",Iron,""Laptop friendly workspace""}",$256.00,1,$130.00,3,20,2.0,t,f,strict_14_with_grace_period
504,f,1.0,-23.005968758499733,-43.348143764405584,Apartment,Shared room,2,1.0,1.0,1.0,Pull-out Sofa,"{TV,""Cable TV"",Internet,Wifi,""Air conditioning"",""Wheelchair accessible"",Pool,Kitchen,""Free parking on premises"",""Smoking allowed"",Doorman,Gym,Breakfast,Elevator,""Indoor fireplace"",""Buzzer/wireless intercom"",Heating,""Family/kid friendly"",""Suitable for events"",Washer,Dryer,""First aid kit"",""Safety card"",""Fire extinguisher"",Essentials,Shampoo,""24-hour check-in""}",$501.00,1,$100.00,14,20,0.0,f,f,strict_14_with_grace_period
505,f,1.0,-23.007952264409997,-43.32031347863487,Condominium,Private room,2,1.0,1.0,2.0,Real Bed,"{TV,""Cable TV"",Wifi,""Air conditioning"",Pool,Kitchen,""Free parking on premises"",Doorman,Gym,Elevator,""Buzzer/wireless intercom"",Washer,Essentials,""Lock on bedroom door"",Hangers,""Hair dryer"",Iron,""Laptop friendly workspace"",""Hot water"",""Luggage dropoff allowed"",""Host greets you""}",$163.00,1,$60.00,1,10,28.0,f,f,moderate
506,f,1.0,-23.01604395528972,-43.446276977395776,Apartment,Private room,2,1.0,1.0,1.0,Real Bed,"{TV,""Cable TV"",Wifi,""Air conditioning"",""Free parking on premises"",Doorman,Gym,Breakfast,Elevator,""Buzzer/wireless intercom"",""Family/kid friendly"",""Host greets you""}",$249.00,1,$0.00,2,365,0.0,f,f,strict_14_with_grace_period
507,f,1.0,-23.010374965675226,-43.329551263161925,Apartment,Private room,2,2.0,1.0,1.0,Pull-out Sofa,"{TV,Internet,Wifi,""Air conditioning"",Pool,Kitchen,""Free parking on premises"",""Paid parking off premises"",Doorman,Breakfast,Elevator,""Hot tub"",""Buzzer/wireless intercom"",""Fire extinguisher"",Essentials,Shampoo,""Lock on bedroom door"",Hangers,Iron,""Laptop friendly workspace"",""translation missing: en.hosting_amenity_49"",""translation missing: en.hosting_amenity_50"",""High chair"",""Hot water"",""Pocket wifi"",Microwave,""Coffee maker"",Refrigerator,""Dishes and silverware"",""Luggage dropoff allowed"",""Long term stays allowed"",""Well-lit path to entrance"",""Step-free access"",""Step-free access"",""Host greets you""}",$272.00,1,$0.00,2,30,1.0,f,f,strict_14_with_grace_period
508,f,22.0,-23.03162755767251,-43.47938481451544,Apartment,Entire home/apt,4,2.5,2.0,3.0,Real Bed,"{TV,""Cable TV"",""Air conditioning"",Pool,Kitchen,""Free parking on premises"",Gym,Elevator,""Hot tub"",""Family/kid friendly"",Washer}",$497.00,4,$194.00,2,90,3.0,f,f,strict_14_with_grace_period
509,f,1.0,-22.96584977469452,-43.18645490956656,Apartment,Private room,2,2.0,1.0,2.0,Real Bed,"{""Cable TV"",Wifi,""Wheelchair accessible"",Kitchen,""Smoking allowed"",""Pets allowed"",Doorman,""Pets live on this property"",Dog(s),Elevator,""Buzzer/wireless intercom"",Washer,""Fire extinguisher""}",$101.00,2,$100.00,360,365,0.0,f,f,flexible
510,f,3.0,-22.978550955433175,-43.18873163519805,Serviced apartment,Entire home/apt,5,1.0,1.0,2.0,Pull-out Sofa,"{TV,Wifi,""Air conditioning"",""Wheelchair accessible"",Kitchen,""Pets allowed"",Elevator,""Free street parking"",""Family/kid friendly"",""Fire extinguisher"",Essentials,Hangers,Iron,""Hot water"",""Bed linens"",""Pocket wifi"",Microwave,""Coffee maker"",""Dishes and silverware"",""Cooking basics"",Stove,""Luggage dropoff allowed"",""Long term stays allowed"",""Cleaning before checkout"",""Host greets you"",Beachfront}",$198.00,4,$120.00,1,360,2.0,f,f,flexible
511,f,2.0,-22.94461810388808,-43.182349028713496,Apartment,Private room,3,1.0,1.0,1.0,Real Bed,"{TV,Wifi,Kitchen,Doorman,""Pets live on this property"",Cat(s),Elevator,""Buzzer/wireless intercom"",Washer,Hangers,""Hair dryer"",Iron,""translation missing: en.hosting_amenity_49"",""translation missing: en.hosting_amenity_50""}",$89.00,2,$50.00,1,30,3.0,f,f,strict_14_with_grace_period
512,f,4.0,-23.00117393607749,-43.359134982120025,Apartment,Entire home/apt,4,1.0,1.0,2.0,Real Bed,"{TV,""Cable TV"",Internet,Wifi,""Air conditioning"",Kitchen,""Free parking on premises"",Doorman}",$124.00,1,$25.00,2,90,9.0,f,f,strict_14_with_grace_period
513,f,4.0,-22.974026647187944,-43.413886470645984,Apartment,Entire home/apt,6,1.0,2.0,4.0,Real Bed,"{TV,Wifi,""Air conditioning"",""Wheelchair accessible"",Kitchen,""Smoking allowed"",""Pets allowed"",Doorman,Elevator,""Free street parking"",""Buzzer/wireless intercom"",""Family/kid friendly"",Washer,Dryer,""Smoke detector"",""Fire extinguisher"",Essentials,""24-hour check-in"",Hangers,Iron,""Self check-in"",""Building staff"",""High chair"",""Hot water"",""Long term stays allowed""}",$152.00,1,$60.00,1,1125,0.0,t,f,flexible
514,f,1.0,-22.98037953063757,-43.19809187914648,Apartment,Private room,2,1.0,1.0,1.0,Real Bed,"{Internet,Wifi,""Free parking on premises"",""Paid parking off premises"",Elevator,""Free street parking"",""Family/kid friendly"",Essentials,""translation missing: en.hosting_amenity_50"",""Private entrance"",""Hot water"",""Host greets you"",""Paid parking on premises""}",$299.00,1,$0.00,1,7,17.0,f,f,strict_14_with_grace_period
515,f,3.0,-22.943746217577928,-43.2053480414986,Guest suite,Entire home/apt,3,1.0,1.0,2.0,Real Bed,"{Wifi,""Free parking on premises"",""Smoking allowed"",""Pets live on this property"",Dog(s),Essentials,Shampoo,Hangers,""Hair dryer"",""Hot water"",""Bed linens"",Microwave,""Coffee maker"",""Dishes and silverware"",""Garden or backyard"",""Luggage dropoff allowed"",""Host greets you""}",$93.00,2,$78.00,3,30,59.0,f,f,strict_14_with_grace_period
516,f,2.0,-22.91480722449005,-43.191549516444645,Apartment,Private room,3,2.0,1.0,1.0,Pull-out Sofa,"{TV,""Cable TV"",Internet,Wifi,Kitchen,""Smoking allowed"",Doorman,Elevator,""Buzzer/wireless intercom"",""Family/kid friendly"",""Suitable for events"",Washer,""First aid kit"",""Safety card"",""Fire extinguisher"",Essentials,""Lock on bedroom door"",Hangers,""Hair dryer"",Iron}",$117.00,1,$78.00,4,25,2.0,f,f,strict_14_with_grace_period
517,t,1.0,-23.010899963316387,-43.3691800210698,Apartment,Entire home/apt,7,2.0,2.0,6.0,Real Bed,"{TV,""Cable TV"",Internet,Wifi,""Air conditioning"",""Wheelchair accessible"",Pool,Kitchen,""Free parking on premises"",Doorman,Gym,Elevator,""Buzzer/wireless intercom"",""Family/kid friendly"",""Safety card"",Essentials,""24-hour check-in"",Hangers,""Hair dryer"",Iron,""Self check-in"",""Building staff""}",$699.00,4,$50.00,3,15,86.0,t,f,strict_14_with_grace_period
518,f,3.0,-22.982407242907588,-43.19755516540275,Apartment,Entire home/apt,11,3.0,2.0,4.0,Real Bed,"{TV,""Cable TV"",Internet,Wifi,""Air conditioning"",Kitchen,""Paid parking off premises"",""Smoking allowed"",Doorman,""Hot tub"",""Buzzer/wireless intercom"",""Family/kid friendly"",Washer,Dryer,Essentials,Shampoo,""24-hour check-in"",Hangers,""Hair dryer"",Iron,""Laptop friendly workspace"",""translation missing: en.hosting_amenity_49"",Bathtub,""Hot water"",""Bed linens"",""Extra pillows and blankets"",""Pocket wifi"",Microwave,""Coffee maker"",Refrigerator,""Dishes and silverware"",""Cooking basics"",Oven,Stove,""Luggage dropoff allowed"",""Long term stays allowed"",""Host greets you"",Beachfront}",$598.00,1,$70.00,3,90,23.0,f,f,strict_14_with_grace_period
519,f,5.0,-22.982593876815056,-43.19850179251668,Apartment,Entire home/apt,10,3.0,2.0,3.0,Real Bed,"{TV,""Cable TV"",Wifi,""Air conditioning"",Kitchen,Elevator,""Hot tub"",""Family/kid friendly"",Washer,""Smoke detector"",""Carbon monoxide detector"",""Fire extinguisher"",Essentials,Hangers,""Hair dryer"",Iron,""Laptop friendly workspace"",""Hot water"",""Bed linens""}",$241.00,2,$117.00,2,1125,135.0,t,f,strict_14_with_grace_period
520,f,4.0,-22.96362001443652,-43.176012677363126,Apartment,Private room,2,1.0,1.0,2.0,Real Bed,"{TV,Internet,""Air conditioning"",Doorman,Elevator,""Buzzer/wireless intercom""}",$311.00,1,$0.00,1,30,35.0,f,f,strict_14_with_grace_period
521,f,2.0,-22.982893033886413,-43.20890527211108,Apartment,Entire home/apt,3,1.0,1.0,3.0,Real Bed,"{TV,Internet,Wifi,""Air conditioning"",Pool,Kitchen,Doorman,Elevator,""Buzzer/wireless intercom"",Washer,Dryer,Essentials,Shampoo,Hangers,""Hair dryer"",Iron,""Laptop friendly workspace"",""translation missing: en.hosting_amenity_49"",""translation missing: en.hosting_amenity_50"",""Hot water"",""Bed linens"",""Extra pillows and blankets""}",$350.00,1,$0.00,5,100,8.0,f,f,strict_14_with_grace_period
522,f,10.0,-22.99777334715053,-43.385097467692994,House,Shared room,16,3.0,1.0,3.0,Real Bed,"{Wifi,Kitchen,""Free parking on premises"",Breakfast,Essentials}",$74.00,1,$65.00,2,1125,12.0,f,f,strict_14_with_grace_period
523,f,1.0,-22.96315171588574,-43.169386138760245,Apartment,Private room,2,1.0,1.0,2.0,Real Bed,"{Internet,Wifi,""Air conditioning"",Doorman,Elevator,""Buzzer/wireless intercom"",Heating,""Fire extinguisher"",Essentials,Hangers,""Hair dryer"",Iron,""Hot water"",""Bed linens"",""Extra pillows and blankets"",""Pocket wifi""}",$140.00,1,$0.00,2,10,14.0,f,f,strict_14_with_grace_period
524,f,3.0,-22.914194937694177,-43.18285415010404,Apartment,Entire home/apt,2,1.0,1.0,1.0,Real Bed,"{""Cable TV"",Wifi,""Air conditioning"",Kitchen,Doorman,Elevator,""Buzzer/wireless intercom"",""Family/kid friendly"",Washer}",$299.00,1,$0.00,5,365,3.0,f,f,strict_14_with_grace_period
525,f,2.0,-22.968368525171982,-43.18255076131084,Apartment,Entire home/apt,2,1.0,1.0,1.0,Real Bed,"{""Cable TV"",Internet,Wifi,""Air conditioning"",""Smoking allowed"",Doorman,""Pets live on this property"",Dog(s),Cat(s),Elevator,""Buzzer/wireless intercom""}",$214.00,1,$0.00,10,1125,0.0,f,f,strict_14_with_grace_period
526,f,3.0,-22.955784578070453,-43.19387141730747,Apartment,Private room,1,1.0,1.0,1.0,Real Bed,"{TV,Internet,Wifi,Kitchen,""Paid parking off premises"",Doorman,Elevator,""Buzzer/wireless intercom"",Washer,Essentials,""Hair dryer"",Iron,""Laptop friendly workspace"",""Private entrance"",""Hot water"",""Host greets you""}",$39.00,1,$35.00,4,30,40.0,t,f,moderate
527,f,2.0,-22.980939022893384,-43.19165868896571,Apartment,Private room,2,1.0,1.0,1.0,Real Bed,"{TV,""Cable TV"",Internet,Wifi,Kitchen,""Smoking allowed"",Doorman,""Pets live on this property"",Dog(s),Elevator,""Buzzer/wireless intercom"",""Family/kid friendly"",Washer,Essentials,Shampoo,Hangers,""Hair dryer"",Iron,""Laptop friendly workspace""}",$93.00,1,$40.00,3,1125,110.0,t,f,strict_14_with_grace_period
528,f,2.0,-22.963685431579105,-43.401863446372445,Apartment,Entire home/apt,8,2.0,3.0,3.0,Real Bed,"{TV,""Cable TV"",""Wheelchair accessible"",Pool,Kitchen,""Free parking on premises"",Doorman,Gym,""Pets live on this property"",Dog(s),Cat(s),Elevator,""Buzzer/wireless intercom""}",$249.00,1,$350.00,7,1125,0.0,f,f,flexible
529,f,1.0,-22.986727859725967,-43.19772498059087,Condominium,Private room,2,1.0,1.0,1.0,Real Bed,"{TV,""Cable TV"",Internet,Wifi,""Air conditioning"",""Wheelchair accessible"",Kitchen,Doorman,Elevator,""Free street parking"",""Buzzer/wireless intercom"",""Family/kid friendly"",Washer,Dryer,Essentials,Shampoo,""Lock on bedroom door"",""24-hour check-in"",Hangers,""Hair dryer"",""Laptop friendly workspace"",""High chair"",""Hot water"",""Luggage dropoff allowed"",""Long term stays allowed"",""Host greets you""}",$152.00,2,$60.00,2,40,170.0,t,f,moderate
530,f,1.0,-22.95960822103797,-43.20447762467022,Apartment,Private room,3,1.0,1.0,1.0,Real Bed,"{TV,""Cable TV"",Internet,Wifi,""Air conditioning"",Pool,Kitchen,""Free parking on premises"",Doorman,Gym,Elevator,""Buzzer/wireless intercom"",Washer,Dryer,""Smoke detector"",""Carbon monoxide detector"",""First aid kit"",""Safety card"",""Fire extinguisher"",""translation missing: en.hosting_amenity_49"",""translation missing: en.hosting_amenity_50""}",$501.00,1,$100.00,1,1125,0.0,f,f,flexible
531,f,1.0,-23.010693046032337,-43.328806856241954,Apartment,Entire home/apt,2,1.0,1.0,1.0,Real Bed,"{TV,""Cable TV"",Internet,Wifi,""Air conditioning"",""Wheelchair accessible"",Pool,Kitchen,""Free parking on premises"",Doorman,Gym,Elevator,""Buzzer/wireless intercom"",Washer,Dryer,Essentials}",$851.00,1,$0.00,5,90,1.0,f,f,strict_14_with_grace_period
532,f,1.0,-22.914011955860484,-43.18731532152543,Apartment,Entire home/apt,2,1.0,1.0,4.0,Real Bed,"{TV,Internet,Wifi,""Wheelchair accessible"",Kitchen,""Smoking allowed"",Doorman,Elevator,""Buzzer/wireless intercom"",Washer}",$152.00,1,$60.00,2,30,1.0,f,f,moderate
533,f,5.0,-22.96531826926355,-43.18012924818844,Apartment,Entire home/apt,6,2.0,3.0,6.0,Real Bed,"{TV,""Cable TV"",Wifi,""Air conditioning"",Kitchen,""Smoking allowed"",Doorman,Elevator,""Buzzer/wireless intercom"",""Family/kid friendly"",""Suitable for events"",Washer,Essentials}",$210.00,6,$0.00,3,365,30.0,f,f,strict_14_with_grace_period
534,f,2.0,-22.979151680244087,-43.36408462513324,Apartment,Entire home/apt,5,2.0,2.0,4.0,Real Bed,"{TV,""Air conditioning"",""Wheelchair accessible"",Kitchen,""Free parking on premises"",Doorman,Gym,Elevator,""Buzzer/wireless intercom"",""Family/kid friendly"",""Suitable for events"",Washer}",$699.00,1,$389.00,2,45,2.0,f,f,moderate
535,f,22.0,-22.91071183158556,-43.18474042013294,Apartment,Entire home/apt,2,1.0,0.0,1.0,Real Bed,"{TV,""Cable TV"",Internet,Wifi,""Air conditioning"",Kitchen,""Pets allowed"",Doorman,Elevator,""Buzzer/wireless intercom"",""Family/kid friendly"",Essentials,""24-hour check-in"",Hangers,""Hair dryer"",Iron,""Self check-in"",Lockbox,""Hot water"",""Bed linens""}",$85.00,2,$0.00,2,60,54.0,t,f,strict_14_with_grace_period
536,t,7.0,-22.92894776032361,-43.194271259514665,House,Private room,3,1.0,1.0,2.0,Real Bed,"{Internet,Wifi,""Wheelchair accessible"",Pool,Kitchen,""Smoking allowed"",Breakfast,""Pets live on this property"",Cat(s),""Family/kid friendly"",""Suitable for events"",Washer,Dryer,Essentials,Hangers,""Hair dryer"",Iron,""Laptop friendly workspace"",""Hot water"",""Bed linens"",""Extra pillows and blankets"",Microwave,""Coffee maker"",Refrigerator,""Dishes and silverware"",""Cooking basics"",Oven,Stove,""BBQ grill"",""Patio or balcony""}",$241.00,3,$44.00,1,30,45.0,f,f,moderate
537,t,1.0,-23.01301035179045,-43.31323712059321,Apartment,Entire home/apt,7,2.0,3.0,5.0,Real Bed,"{TV,""Cable TV"",Internet,Wifi,""Air conditioning"",""Wheelchair accessible"",Pool,Kitchen,""Free parking on premises"",Doorman,Gym,Elevator,""Hot tub"",""Buzzer/wireless intercom"",""Family/kid friendly"",Washer,""Safety card"",""Fire extinguisher"",Essentials,Hangers,""Hair dryer"",Iron,""Laptop friendly workspace"",""Self check-in"",""Building staff"",""Window guards"",""Room-darkening shades"",""Hot water"",""Bed linens"",""Extra pillows and blankets"",Microwave,""Coffee maker"",Refrigerator,""Dishes and silverware"",""Cooking basics"",Oven,Stove,""BBQ grill"",""Patio or balcony"",""Long term stays allowed"",""Wide hallway clearance"",""Step-free access"",""Wide doorway"",""Flat path to front door"",""Well-lit path to entrance"",""Step-free access"",""Wide doorway"",""Wide clearance to bed"",""Accessible-height bed"",""Firm mattress"",""Step-free access"",""Step-free access"",""Wide entryway"",Beachfront}",$350.00,6,$70.00,2,60,44.0,f,f,strict_14_with_grace_period
538,f,1.0,-22.959239041601787,-43.35666576966915,Apartment,Entire home/apt,4,1.0,1.0,2.0,Real Bed,"{TV,Internet,Wifi,""Air conditioning"",""Wheelchair accessible"",Kitchen,""Free parking on premises"",""Smoking allowed"",""Pets allowed"",Elevator,""Family/kid friendly"",Washer,""Fire extinguisher"",Essentials,Shampoo}",$901.00,1,$0.00,1,1125,0.0,f,f,flexible
539,f,3.0,-22.98376251275611,-43.21814626639375,Serviced apartment,Entire home/apt,7,2.0,2.0,7.0,Couch,"{TV,""Cable TV"",Internet,Wifi,""Air conditioning"",""Wheelchair accessible"",Pool,Kitchen,Doorman,Gym,Elevator,""Buzzer/wireless intercom"",""Family/kid friendly"",Washer,Dryer,""Smoke detector"",""Fire extinguisher"",Essentials,Hangers,""Laptop friendly workspace"",Crib,""Hot water"",""Luggage dropoff allowed"",Other,""Paid parking on premises""}",$330.00,6,$50.00,2,30,8.0,f,f,strict_14_with_grace_period
540,f,3.0,-22.97300693426494,-43.22605573397671,Apartment,Entire home/apt,4,1.0,1.0,1.0,Real Bed,"{TV,""Cable TV"",Internet,Wifi,""Air conditioning"",Kitchen,Doorman,Elevator,""Buzzer/wireless intercom"",""Family/kid friendly"",""Suitable for events"",Washer,""Fire extinguisher"",Essentials,""translation missing: en.hosting_amenity_50""}",$93.00,3,$0.00,5,60,2.0,f,f,strict_14_with_grace_period
541,f,2.0,-22.981557796887003,-43.200115149465226,Apartment,Entire home/apt,8,2.5,3.0,8.0,Real Bed,"{TV,""Cable TV"",Wifi,""Air conditioning"",Kitchen,""Pets allowed"",Doorman,Elevator,""Free street parking"",""Buzzer/wireless intercom"",""Family/kid friendly"",Washer,Hangers,""Hair dryer"",Iron,""Laptop friendly workspace"",""Hot water"",""Wide hallway clearance"",""Step-free access"",""Wide doorway"",""Flat path to front door"",""Well-lit path to entrance"",""Step-free access"",""Wide doorway"",""Wide clearance to bed"",""Step-free access"",""Wide entryway"",Other}",$334.00,5,$50.00,4,380,6.0,f,f,strict_14_with_grace_period
542,f,3.0,-22.9241050763082,-43.17463149895664,Apartment,Entire home/apt,4,2.0,3.0,3.0,Real Bed,"{Wifi,Kitchen,""Free parking on premises"",""First aid kit"",""Fire extinguisher"",Essentials,""Lock on bedroom door"",""Laptop friendly workspace""}",$152.00,1,$0.00,1,1125,0.0,f,f,flexible
543,t,1.0,-22.974237779015155,-43.18792200143999,Apartment,Entire home/apt,2,1.0,1.0,1.0,Real Bed,"{TV,""Cable TV"",Wifi,""Air conditioning"",Kitchen,""Paid parking off premises"",Doorman,Elevator,""Buzzer/wireless intercom"",""Family/kid friendly"",Washer,Essentials,Shampoo,""24-hour check-in"",Hangers,""Hair dryer"",Iron,""Laptop friendly workspace"",""Self check-in"",""Building staff"",""Hot water"",""Long term stays allowed""}",$140.00,1,$0.00,2,50,183.0,f,f,strict_14_with_grace_period
544,t,1.0,-22.98619649385698,-43.19862431018172,Apartment,Entire home/apt,4,2.0,1.0,2.0,Real Bed,"{TV,""Cable TV"",Internet,Wifi,""Air conditioning"",""Wheelchair accessible"",Kitchen,""Free parking on premises"",""Pets allowed"",Doorman,Elevator,""Buzzer/wireless intercom"",""Family/kid friendly"",Washer,Dryer,""Smoke detector"",""Carbon monoxide detector"",""First aid kit"",""Fire extinguisher"",Essentials,Shampoo,""Lock on bedroom door"",""24-hour check-in"",Hangers,""Hair dryer"",Iron,""Laptop friendly workspace"",""Self check-in"",""Building staff"",""Private living room"",""Window guards"",""Room-darkening shades"",""Hot water"",""Bed linens"",""Extra pillows and blankets"",""Ethernet connection"",""Coffee maker"",Refrigerator,""Dishes and silverware"",""Cooking basics"",Oven,Stove,""Single level home"",""Patio or balcony"",""Garden or backyard"",""Luggage dropoff allowed"",""Long term stays allowed"",""Wide hallway clearance"",""Step-free access"",""Flat path to front door"",""Well-lit path to entrance"",""Step-free access"",""Step-free access"",""Wide doorway"",""Step-free access"",""Wide entryway""}",$303.00,1,$0.00,1,365,36.0,t,f,moderate
545,f,7.0,-22.955288216392923,-43.20008966538683,Apartment,Private room,4,1.0,1.0,2.0,Real Bed,"{""Cable TV"",Wifi,""Air conditioning"",Pool,Kitchen,""Free parking on premises"",Doorman,Gym,Elevator,""Buzzer/wireless intercom"",""Family/kid friendly"",Washer,""Fire extinguisher""}",$389.00,1,$0.00,5,1125,0.0,f,f,flexible
546,f,7.0,-22.95976294999842,-43.20185766544733,Apartment,Private room,1,1.0,1.0,2.0,Real Bed,{},$490.00,1,$0.00,5,30,0.0,f,f,flexible
547,f,2.0,-22.94475397982131,-43.1824441767315,Apartment,Private room,2,2.0,1.0,1.0,Real Bed,"{TV,Internet,Wifi,""Air conditioning"",Kitchen,""Smoking allowed"",Doorman,Elevator,""Buzzer/wireless intercom"",""Family/kid friendly"",""Suitable for events""}",$128.00,2,$60.00,3,30,15.0,t,f,strict_14_with_grace_period
548,f,3.0,-22.98577853357516,-43.22261417621065,Apartment,Entire home/apt,9,4.0,3.0,9.0,Real Bed,"{TV,""Cable TV"",Wifi,""Air conditioning"",Kitchen,""Smoking allowed"",Doorman,Elevator,""Hot tub"",""Buzzer/wireless intercom"",""Family/kid friendly"",""Fire extinguisher""}",$699.00,8,$50.00,2,1125,43.0,f,f,strict_14_with_grace_period
549,f,1.0,-22.976441492278628,-43.18954097175256,Apartment,Entire home/apt,6,1.0,2.0,3.0,Real Bed,"{TV,""Cable TV"",Wifi,""Air conditioning"",Kitchen,""Smoking allowed"",Doorman,Elevator,""Buzzer/wireless intercom"",""Family/kid friendly"",Essentials,Shampoo,Hangers,""Hair dryer"",Iron,""Laptop friendly workspace"",Microwave,""Coffee maker"",Refrigerator,""Dishes and silverware"",""Cooking basics"",Oven,Stove}",$287.00,4,$0.00,3,1125,24.0,f,f,strict_14_with_grace_period
550,f,1.0,-22.970492442299108,-43.35751947164631,Apartment,Entire home/apt,2,1.0,1.0,1.0,Real Bed,"{TV,""Cable TV"",Wifi,""Air conditioning"",Pool,Kitchen,""Free parking on premises"",Gym,Elevator,""Family/kid friendly"",Washer,Dryer,""Smoke detector"",""Carbon monoxide detector"",""First aid kit"",Essentials,Shampoo,""Lock on bedroom door"",Hangers,""Hair dryer"",Iron,""Laptop friendly workspace"",""translation missing: en.hosting_amenity_49"",""translation missing: en.hosting_amenity_50"",""Private living room"",""Room-darkening shades"",""Hot water"",""Bed linens"",""Extra pillows and blankets"",Microwave,""Coffee maker"",Refrigerator,""Dishes and silverware"",""Cooking basics"",Oven,Stove,""BBQ grill"",""Patio or balcony"",""Garden or backyard"",""Luggage dropoff allowed"",""Long term stays allowed"",""Cleaning before checkout"",""Wide hallway clearance"",""Step-free access"",""Wide doorway"",""Flat path to front door"",""Well-lit path to entrance"",""Disabled parking spot"",""Step-free access"",""Wide doorway"",""Wide clearance to bed"",""Accessible-height bed"",""Step-free access"",""Accessible-height toilet"",""Wide clearance to shower, toilet"",""Step-free access"",""Wide entryway"",""Host greets you"",Waterfront,""Lake access"",""Handheld shower head""}",$466.00,2,$214.00,1,90,11.0,f,f,moderate
551,f,1.0,-22.92121418194253,-43.239001187046846,Apartment,Entire home/apt,4,1.5,2.0,4.0,Real Bed,"{TV,""Cable TV"",Internet,Wifi,""Air conditioning"",""Wheelchair accessible"",Kitchen,""Free parking on premises"",""Smoking allowed"",""Pets allowed"",Doorman,Elevator,""Buzzer/wireless intercom"",""Family/kid friendly"",Washer}",$583.00,3,$389.00,1,1825,0.0,f,f,strict_14_with_grace_period
552,f,10.0,-22.997594814089503,-43.38347071282868,House,Shared room,10,3.0,1.0,10.0,Real Bed,"{Wifi,Kitchen,""Free parking on premises"",Breakfast,""Suitable for events""}",$74.00,1,$65.00,2,1125,6.0,f,f,strict_14_with_grace_period
553,t,1.0,-22.987003690078723,-43.19664947414503,Serviced apartment,Entire home/apt,3,1.0,1.0,1.0,Real Bed,"{TV,""Cable TV"",Internet,Wifi,""Air conditioning"",""Wheelchair accessible"",Pool,Kitchen,""Free parking on premises"",Doorman,Elevator,""Buzzer/wireless intercom"",""Family/kid friendly"",""Suitable for events"",Washer,Dryer,""Smoke detector"",""Carbon monoxide detector"",""Fire extinguisher"",Essentials,Shampoo,""24-hour check-in"",Hangers,""Hair dryer"",Iron,""Laptop friendly workspace"",""Self check-in"",""Building staff"",""Babysitter recommendations"",""Hot water"",""Luggage dropoff allowed"",""Long term stays allowed""}",$408.00,2,$155.00,2,90,167.0,t,f,strict_14_with_grace_period
554,f,10.0,-22.99912335204153,-43.384569749133846,House,Shared room,12,3.0,1.0,12.0,Real Bed,"{Wifi,""Air conditioning"",Kitchen,""Free parking on premises"",Breakfast}",$74.00,1,$65.00,2,1125,2.0,f,f,strict_14_with_grace_period
555,f,10.0,-22.997916149193944,-43.383610340058624,House,Shared room,5,3.0,1.0,1.0,Real Bed,"{Wifi,""Air conditioning"",Kitchen,""Free parking on premises"",Breakfast}",$74.00,1,$65.00,2,1125,5.0,f,f,strict_14_with_grace_period
556,f,3.0,-22.92955498663364,-43.19463965569173,House,Private room,1,1.0,1.0,1.0,Real Bed,"{TV,""Cable TV"",Internet,Wifi,Kitchen,""Free parking on premises"",""Smoking allowed"",""Family/kid friendly"",""Suitable for events"",Washer,Dryer,""Lock on bedroom door"",""24-hour check-in"",Hangers,Iron,""Laptop friendly workspace""}",$54.00,1,$25.00,2,1125,75.0,f,f,flexible
557,f,10.0,-22.999014830738783,-43.38276922517353,House,Shared room,1,3.0,1.0,1.0,Real Bed,"{Wifi,""Air conditioning"",Kitchen,""Free parking on premises"",Breakfast,""Suitable for events"",Essentials}",$74.00,1,$65.00,2,1125,4.0,f,f,strict_14_with_grace_period
558,f,19.0,-22.981482659186906,-43.21757426881119,Apartment,Entire home/apt,4,1.0,1.0,1.0,Real Bed,"{""Cable TV"",Internet,Wifi,""Air conditioning"",Pool,Kitchen,""Free parking on premises"",Doorman,Gym,Elevator,""Buzzer/wireless intercom"",""Family/kid friendly"",Essentials,Hangers,""Hair dryer"",Iron,""Laptop friendly workspace"",""Hot water"",""Bed linens"",""Extra pillows and blankets"",""Coffee maker"",Refrigerator,""Dishes and silverware"",""Cooking basics"",Oven,Stove,""Luggage dropoff allowed"",""Long term stays allowed""}",$354.00,2,$0.00,3,365,2.0,f,f,strict_14_with_grace_period
559,f,4.0,-22.96806401905461,-43.185613498671245,Apartment,Entire home/apt,8,2.0,4.0,8.0,Real Bed,"{TV,""Cable TV"",Wifi,""Air conditioning"",Kitchen,""Pets allowed"",Elevator,""Family/kid friendly"",Washer,Essentials,Shampoo,""24-hour check-in"",""Hair dryer"",Iron}",$901.00,5,$250.00,1,1125,1.0,f,f,strict_14_with_grace_period
560,f,1.0,-22.95959101298191,-43.20612086239139,Apartment,Entire home/apt,4,3.0,2.0,2.0,Real Bed,"{TV,""Cable TV"",Internet,Wifi,""Air conditioning"",Pool,Kitchen,""Free parking on premises"",Doorman,Elevator,Washer}","$1,166.00",1,$0.00,7,1125,0.0,f,f,strict_14_with_grace_period
561,f,1.0,-22.99023329238672,-43.35242053173522,Apartment,Entire home/apt,4,2.0,2.0,3.0,Real Bed,"{TV,""Cable TV"",Internet,Wifi,""Air conditioning"",""Wheelchair accessible"",Pool,Kitchen,""Free parking on premises"",""Smoking allowed"",Doorman,Gym,Elevator,""Hot tub"",""Buzzer/wireless intercom"",""Family/kid friendly"",""Suitable for events"",Washer,""Smoke detector"",""Carbon monoxide detector"",""First aid kit"",""Safety card"",""Fire extinguisher"",Essentials,Shampoo,""24-hour check-in"",Hangers,Iron,""Laptop friendly workspace""}","$1,360.00",1,$0.00,1,1125,5.0,f,f,strict_14_with_grace_period
562,f,2.0,-22.97298895259257,-43.19364403847008,Apartment,Entire home/apt,4,1.0,1.0,2.0,Real Bed,"{TV,Internet,Wifi,""Air conditioning"",""Wheelchair accessible"",Kitchen,""Smoking allowed"",Elevator,""Family/kid friendly""}",$198.00,1,$100.00,1,365,7.0,f,f,strict_14_with_grace_period
563,f,3.0,-22.94328392531861,-43.20431177166325,House,Entire home/apt,3,1.0,1.0,2.0,Real Bed,"{Internet,Wifi,Kitchen,""Free parking on premises"",""Smoking allowed"",""Pets live on this property"",Dog(s),""Fire extinguisher"",Essentials,Shampoo,Hangers,""Hair dryer"",""Laptop friendly workspace"",""Hot water"",""Coffee maker"",Refrigerator,""Dishes and silverware"",""Cooking basics"",Oven,Stove,""Garden or backyard"",""Luggage dropoff allowed"",""Host greets you""}",$221.00,2,$100.00,3,60,34.0,f,f,strict_14_with_grace_period
564,f,3.0,-22.987880674524288,-43.1930396132776,Apartment,Entire home/apt,9,3.0,3.0,9.0,Real Bed,"{TV,""Cable TV"",Internet,Wifi,""Air conditioning"",Kitchen,""Free parking on premises"",""Smoking allowed"",Doorman,""Buzzer/wireless intercom"",""Family/kid friendly"",Washer}",$350.00,8,$50.00,2,60,10.0,f,f,strict_14_with_grace_period
565,f,4.0,-22.905843399847285,-43.40679629464595,House,Private room,16,7.0,1.0,10.0,Real Bed,"{TV,Kitchen,""Free parking on premises"",""Family/kid friendly""}",$120.00,1,$60.00,1,1125,0.0,f,f,strict_14_with_grace_period
566,f,4.0,-22.90721330615735,-43.40724507582449,Chalet,Private room,3,1.0,1.0,2.0,Real Bed,"{TV,""Free parking on premises"",""Smoking allowed"",Breakfast,""Family/kid friendly"",""Suitable for events"",""First aid kit"",""24-hour check-in"",Hangers}",$198.00,1,$0.00,3,1125,0.0,f,f,strict_14_with_grace_period
567,f,4.0,-22.906024883203177,-43.40892853680956,House,Private room,3,1.0,1.0,3.0,Real Bed,"{TV,Kitchen,""Free parking on premises"",""Smoking allowed"",""Family/kid friendly"",""Suitable for events""}",$249.00,1,$0.00,1,1125,0.0,f,f,strict_14_with_grace_period
568,f,4.0,-22.906175269617737,-43.40834853005014,House,Private room,2,1.0,1.0,1.0,Real Bed,"{TV,Kitchen,""Free parking on premises"",""Smoking allowed"",""Family/kid friendly"",""Suitable for events""}",$198.00,1,$0.00,1,1125,0.0,f,f,strict_14_with_grace_period
570,t,3.0,-22.94969008525224,-43.18553269552725,Apartment,Entire home/apt,5,2.0,2.0,2.0,Real Bed,"{TV,""Cable TV"",Wifi,""Air conditioning"",""Wheelchair accessible"",Kitchen,Elevator,""Family/kid friendly"",Washer,Essentials,Shampoo,Hangers,""Hair dryer"",Iron,""Laptop friendly workspace"",""Window guards"",""Room-darkening shades"",""Hot water"",Microwave,""Coffee maker"",Refrigerator,""Dishes and silverware"",""Cooking basics"",Oven,Stove,""Luggage dropoff allowed"",""Host greets you"",""Paid parking on premises""}",$198.00,2,$40.00,2,65,144.0,t,f,strict_14_with_grace_period
571,f,3.0,-22.978632424354483,-43.19001203951434,Apartment,Entire home/apt,7,3.0,3.0,3.0,Real Bed,"{TV,""Cable TV"",Internet,Wifi,""Air conditioning"",Kitchen,Doorman,Elevator,Washer,""Fire extinguisher"",Essentials,""Hair dryer"",""Hot water"",""Host greets you""}",$396.00,6,$88.00,3,90,0.0,t,f,strict_14_with_grace_period
573,f,2.0,-22.95506424094596,-43.17513823579456,Apartment,Entire home/apt,4,1.5,2.0,2.0,Real Bed,"{TV,""Cable TV"",Internet,Wifi,""Air conditioning"",""Wheelchair accessible"",Kitchen,""Free parking on premises"",""Smoking allowed"",Doorman,Elevator,""Buzzer/wireless intercom"",""Family/kid friendly"",Washer}",$777.00,3,$117.00,3,1000,2.0,f,f,strict_14_with_grace_period
574,f,3.0,-22.975486285711717,-43.19008521494207,Apartment,Private room,2,2.0,1.0,2.0,Real Bed,"{TV,""Cable TV"",Internet,Wifi,""Wheelchair accessible"",Kitchen,""Paid parking off premises"",""Smoking allowed"",Doorman,""Pets live on this property"",Dog(s),""Other pet(s)"",Elevator,""Buzzer/wireless intercom"",""Family/kid friendly"",Washer,Essentials,""Lock on bedroom door"",""24-hour check-in"",Hangers,""Hair dryer"",Iron,""Laptop friendly workspace"",""Hot water"",""Host greets you""}",$101.00,1,$50.00,5,90,17.0,f,f,strict_14_with_grace_period
575,f,3.0,-22.97494985342145,-43.18883359835319,Apartment,Private room,2,1.0,1.0,2.0,Real Bed,"{TV,""Cable TV"",Internet,Wifi,""Wheelchair accessible"",Kitchen,""Paid parking off premises"",""Smoking allowed"",""Pets allowed"",Doorman,Breakfast,""Pets live on this property"",Dog(s),""Other pet(s)"",Elevator,""Buzzer/wireless intercom"",""Family/kid friendly"",Washer,Essentials,""Lock on bedroom door"",""Hair dryer"",""Hot water"",""Host greets you""}",$101.00,1,$50.00,3,1125,20.0,f,f,moderate
576,t,2.0,-22.970777384066352,-43.18481663852539,Apartment,Private room,3,1.0,1.0,2.0,Real Bed,"{TV,""Cable TV"",Internet,Wifi,""Air conditioning"",Kitchen,""Smoking allowed"",Doorman,""Pets live on this property"",Cat(s),Elevator,""Buzzer/wireless intercom"",""Family/kid friendly"",Washer,Essentials,Shampoo,""Lock on bedroom door"",Hangers,""Hair dryer"",Iron,""Laptop friendly workspace"",""Room-darkening shades"",""Hot water"",""Bed linens"",""Extra pillows and blankets"",Microwave,""Coffee maker"",Refrigerator,""Dishes and silverware"",""Cooking basics"",Oven,Stove,""Luggage dropoff allowed"",""Long term stays allowed""}",$260.00,2,$50.00,2,1125,88.0,f,f,flexible
577,f,4.0,-22.965620722590828,-43.17633365836895,Apartment,Private room,2,1.0,1.0,2.0,Real Bed,"{TV,Internet,Doorman,Elevator,""Buzzer/wireless intercom""}",$385.00,1,$0.00,1,30,6.0,f,f,strict_14_with_grace_period
578,f,4.0,-22.965105066926327,-43.1764236508568,Apartment,Private room,2,1.0,1.0,2.0,Real Bed,"{TV,Internet,""Air conditioning"",Doorman,Elevator}",$311.00,1,$0.00,1,30,17.0,f,f,strict_14_with_grace_period
579,f,4.0,-22.96474268325365,-43.17554733851634,Apartment,Private room,2,1.0,1.0,1.0,Real Bed,"{TV,Internet,""Air conditioning"",Doorman,Elevator,""Buzzer/wireless intercom""}",$385.00,1,$0.00,1,30,9.0,f,f,strict_14_with_grace_period
580,f,5.0,-22.971580306606512,-43.394422979361146,Apartment,Entire home/apt,5,2.0,2.0,3.0,Real Bed,"{""Cable TV"",Wifi,""Air conditioning"",""Wheelchair accessible"",Pool,Kitchen,""Free parking on premises"",""Pets allowed"",Doorman,Gym,Elevator,""Buzzer/wireless intercom"",""Family/kid friendly"",Washer,""Smoke detector"",Essentials,Shampoo,""24-hour check-in"",Hangers,""Hair dryer"",Iron,""Laptop friendly workspace""}",$124.00,2,$125.00,5,90,0.0,f,f,strict_14_with_grace_period
581,t,2.0,-22.983715592038397,-43.19458502850025,Apartment,Entire home/apt,7,2.0,3.0,4.0,Real Bed,"{TV,""Cable TV"",Internet,Wifi,""Air conditioning"",""Wheelchair accessible"",Kitchen,""Paid parking off premises"",""Buzzer/wireless intercom"",""Family/kid friendly"",Washer,""Smoke detector"",""Carbon monoxide detector"",Essentials,Shampoo,""24-hour check-in"",Hangers,""Hair dryer"",Iron,""Laptop friendly workspace"",""Changing table"",""Children’s books and toys"",""Window guards"",""Babysitter recommendations"",Crib,""Room-darkening shades"",""Hot water"",""Bed linens"",""Extra pillows and blankets"",Microwave,""Coffee maker"",Refrigerator,""Dishes and silverware"",""Cooking basics"",Oven,Stove,""Luggage dropoff allowed"",""Long term stays allowed"",""Wide hallway clearance"",""Wide doorway"",""Flat path to front door"",""Well-lit path to entrance"",""Step-free access"",""Wide clearance to bed"",""Accessible-height bed"",""Host greets you""}",$369.00,2,$90.00,2,27,32.0,f,f,moderate
582,f,4.0,-22.98158695428948,-43.19478733959311,Apartment,Entire home/apt,4,1.0,1.0,3.0,Real Bed,"{TV,""Cable TV"",Internet,Wifi,""Air conditioning"",Kitchen,Elevator,""Family/kid friendly"",Essentials}",$140.00,2,$35.00,4,365,83.0,f,f,strict_14_with_grace_period
583,f,1.0,-22.96528255522611,-43.19076667944667,Apartment,Entire home/apt,4,1.0,1.0,2.0,Real Bed,"{TV,""Cable TV"",Wifi,""Air conditioning"",""Wheelchair accessible"",Kitchen,""Paid parking off premises"",Washer,Essentials,Hangers,Iron,""Laptop friendly workspace"",""translation missing: en.hosting_amenity_49"",""translation missing: en.hosting_amenity_50"",""Hot water"",""Bed linens"",""Extra pillows and blankets"",""Pocket wifi"",""Coffee maker"",Refrigerator,""Dishes and silverware"",""Cooking basics"",Oven,Stove,""Single level home"",""Long term stays allowed"",""Cleaning before checkout"",""Wide hallway clearance"",""Well-lit path to entrance"",""Step-free access"",""Accessible-height bed"",""Step-free access"",""Host greets you"",""Handheld shower head""}",$350.00,3,$100.00,7,90,2.0,f,f,flexible
584,t,4.0,-22.97067462796077,-43.18921726890869,Condominium,Private room,2,1.0,1.0,2.0,Real Bed,"{TV,""Cable TV"",Internet,Wifi,Kitchen,Doorman,""Pets live on this property"",Dog(s),Elevator,""Free street parking"",""Buzzer/wireless intercom"",Washer,""First aid kit"",Essentials,Hangers,Iron,""Laptop friendly workspace"",""Hot water"",""Luggage dropoff allowed"",""Long term stays allowed"",""Host greets you""}",$171.00,1,$40.00,2,60,5.0,t,f,moderate
585,f,1.0,-22.963560904332823,-43.17930699462975,Apartment,Entire home/apt,4,1.0,1.0,3.0,Real Bed,"{TV,""Cable TV"",Internet,Wifi,""Air conditioning"",Kitchen,""Paid parking off premises"",Doorman,Elevator,""Buzzer/wireless intercom"",""Family/kid friendly"",""Fire extinguisher"",Essentials,Shampoo,Hangers,""Hair dryer"",""Laptop friendly workspace"",""translation missing: en.hosting_amenity_50"",""Hot water"",""Bed linens"",""Extra pillows and blankets"",Microwave,""Coffee maker"",Refrigerator,""Dishes and silverware"",""Cooking basics"",Stove,""Luggage dropoff allowed"",""Long term stays allowed"",""Host greets you""}",$194.00,2,$78.00,3,90,6.0,t,f,strict_14_with_grace_period
586,f,5.0,-22.916948713544503,-43.19210894948472,House,Private room,1,0.0,1.0,1.0,Real Bed,"{""Cable TV"",Wifi,Kitchen,""Free street parking"",Essentials,""Lock on bedroom door"",""Host greets you""}",$35.00,1,$0.00,2,70,8.0,f,f,moderate
587,f,22.0,-23.009551181450785,-43.29092425976079,House,Private room,2,1.0,1.0,1.0,Real Bed,"{TV,""Cable TV"",Internet,Wifi,""Air conditioning"",Kitchen,""Free parking on premises"",""Family/kid friendly"",Washer,Dryer,Essentials}",$307.00,1,$0.00,1,1125,0.0,f,f,flexible
588,f,1.0,-23.00531484991205,-43.31136173952889,Bed and breakfast,Private room,6,1.0,1.0,6.0,Real Bed,"{TV,""Cable TV"",Internet,Wifi,""Air conditioning"",""Smoking allowed"",Breakfast,""Family/kid friendly"",""Suitable for events"",Washer}",$159.00,1,$70.00,1,365,0.0,f,f,strict_14_with_grace_period
589,f,2.0,-22.97809706257296,-43.19266071630982,Apartment,Private room,2,1.0,1.0,1.0,Real Bed,"{TV,""Cable TV"",Internet,Wifi,""Air conditioning"",Doorman,Breakfast,Elevator,""Buzzer/wireless intercom"",""Family/kid friendly"",""translation missing: en.hosting_amenity_49""}",$299.00,1,$100.00,4,10,15.0,t,f,moderate
590,f,5.0,-22.91743958455668,-43.17779837121451,Hostel,Shared room,4,2.0,1.0,4.0,Real Bed,"{TV,""Cable TV"",Wifi,Kitchen,""Paid parking off premises"",""Smoking allowed"",Elevator,""Buzzer/wireless intercom"",""Family/kid friendly"",Washer,Essentials,Hangers,""Hair dryer"",Iron,""Hot water"",""Host greets you""}",$39.00,1,$45.00,1,30,8.0,f,f,strict_14_with_grace_period
591,t,2.0,-22.966531891873803,-43.179787783062,Apartment,Private room,2,2.0,1.0,1.0,Real Bed,"{TV,""Cable TV"",Wifi,Kitchen,""Paid parking off premises"",Elevator,""Free street parking"",""Family/kid friendly"",Washer,""First aid kit"",""Fire extinguisher"",Essentials,""Lock on bedroom door"",Hangers,""Hair dryer"",Iron,""Laptop friendly workspace"",""translation missing: en.hosting_amenity_50"",""Private entrance"",""Hot water"",""Bed linens"",""Extra pillows and blankets"",Microwave,""Coffee maker"",Refrigerator,""Dishes and silverware"",""Cooking basics"",Oven,Stove,""Luggage dropoff allowed""}",$109.00,1,$0.00,2,1125,99.0,f,f,strict_14_with_grace_period
592,f,3.0,-22.92113731442339,-43.186032660665134,House,Private room,3,1.0,1.0,3.0,Real Bed,"{Internet,Wifi,Pool,""Smoking allowed"",Breakfast,Washer,Dryer}",$350.00,2,$50.00,2,1125,5.0,f,f,flexible
593,f,3.0,-22.92180441110233,-43.186020745059146,House,Private room,3,1.0,1.0,3.0,Real Bed,"{Internet,Wifi,Pool,""Smoking allowed"",Breakfast,Washer,Dryer}",$482.00,2,$50.00,1,1125,2.0,f,f,flexible
594,f,3.0,-22.921072228928,-43.18674901292465,House,Private room,3,1.0,1.0,3.0,Real Bed,"{Internet,Wifi,Pool,""Smoking allowed"",Breakfast,Washer,Dryer}",$350.00,2,$50.00,1,1125,5.0,f,f,flexible
595,f,2.0,-22.986022833580407,-43.19124859223129,Apartment,Entire home/apt,6,3.0,2.0,2.0,Real Bed,"{TV,""Cable TV"",Internet,Wifi,""Air conditioning"",""Wheelchair accessible"",Kitchen,""Smoking allowed"",Doorman,Elevator,""Free street parking"",""Buzzer/wireless intercom"",""Family/kid friendly"",""Suitable for events"",Washer,Essentials,Shampoo,Hangers,""Hair dryer"",Iron,""Laptop friendly workspace"",""Self check-in"",Lockbox,""Hot water"",""Luggage dropoff allowed"",""Long term stays allowed""}",$952.00,1,$0.00,90,730,4.0,f,f,strict_14_with_grace_period
596,f,1.0,-23.02188779089564,-43.51053588085845,Apartment,Entire home/apt,4,2.0,2.0,2.0,Real Bed,"{TV,""Air conditioning"",Pool,Kitchen,""Free parking on premises"",""Smoking allowed"",""Pets allowed"",Gym,Elevator,""Family/kid friendly"",""Fire extinguisher""}",$400.00,1,$0.00,7,1125,0.0,t,f,flexible
597,t,2.0,-22.96228987141479,-43.17555509916381,Apartment,Entire home/apt,5,1.0,1.0,4.0,Real Bed,"{TV,""Cable TV"",Internet,Wifi,""Air conditioning"",Kitchen,""Paid parking off premises"",Doorman,Elevator,""Buzzer/wireless intercom"",""Family/kid friendly"",Essentials,Hangers,""Laptop friendly workspace"",""translation missing: en.hosting_amenity_50"",""Self check-in"",""Building staff"",""Hot water"",""Bed linens"",""Extra pillows and blankets""}",$159.00,2,$43.00,2,30,44.0,t,f,strict_14_with_grace_period
598,f,2.0,-22.965194378618364,-43.20152496849301,Apartment,Private room,2,1.0,1.0,1.0,Real Bed,"{Wifi,""Air conditioning"",Shampoo}",$198.00,1,$50.00,4,45,4.0,f,f,strict_14_with_grace_period
599,f,3.0,-22.982098459833946,-43.19922746009163,Apartment,Entire home/apt,7,2.5,3.0,7.0,Real Bed,"{TV,""Cable TV"",Internet,Wifi,""Air conditioning"",Kitchen,""Paid parking off premises"",""Pets allowed"",Doorman,Elevator,""Buzzer/wireless intercom"",Washer,Essentials,Shampoo,Hangers,Iron,""Laptop friendly workspace"",""translation missing: en.hosting_amenity_49"",""translation missing: en.hosting_amenity_50"",""Hot water"",""Luggage dropoff allowed"",""Long term stays allowed"",""Host greets you""}",$396.00,6,$90.00,4,150,3.0,t,f,strict_14_with_grace_period
601,f,55.0,-22.98525366705828,-43.20481292410654,Apartment,Private room,1,1.0,1.0,1.0,Real Bed,{},$272.00,1,$0.00,1,1125,1.0,f,f,strict_14_with_grace_period
602,f,1.0,-23.003721773488504,-43.34517051662545,Apartment,Private room,2,1.0,1.0,2.0,Real Bed,"{TV,""Cable TV"",Internet,Wifi,""Air conditioning"",Pool,Kitchen,""Free parking on premises"",Doorman,Gym,Breakfast,Elevator,""Buzzer/wireless intercom"",""Family/kid friendly"",Washer,Essentials,Shampoo}",$109.00,1,$50.00,1,1125,16.0,f,f,strict_14_with_grace_period
603,t,2.0,-22.9642319834888,-43.1794865338094,Apartment,Private room,2,2.0,1.0,1.0,Real Bed,"{TV,Wifi,Kitchen,""Paid parking off premises"",Elevator,""Free street parking"",Washer,""First aid kit"",""Fire extinguisher"",Essentials,""Lock on bedroom door"",Hangers,""Hair dryer"",Iron,""Laptop friendly workspace"",""Private entrance"",""Hot water""}",$97.00,1,$0.00,2,1125,80.0,f,f,strict_14_with_grace_period
604,f,1.0,-22.96031133587341,-43.21159277958165,Apartment,Entire home/apt,4,2.0,2.0,4.0,Real Bed,"{""Cable TV"",Wifi,""Air conditioning"",Kitchen,""Buzzer/wireless intercom"",Washer,Essentials,""Hair dryer"",""translation missing: en.hosting_amenity_49"",""translation missing: en.hosting_amenity_50""}",$649.00,1,$0.00,1,1125,1.0,f,f,moderate
606,f,1.0,-22.977982218646908,-43.19120114086979,Apartment,Entire home/apt,4,2.0,1.0,1.0,Real Bed,"{TV,""Cable TV"",Wifi,""Air conditioning"",Kitchen,Doorman,Elevator,""Buzzer/wireless intercom"",Heating,""Family/kid friendly"",Washer,Dryer,Essentials,Hangers,""Hair dryer"",Iron,""Laptop friendly workspace"",""translation missing: en.hosting_amenity_50"",""Hot water"",""Long term stays allowed"",""Host greets you""}",$443.00,2,$47.00,4,180,118.0,f,f,strict_14_with_grace_period
607,f,1.0,-22.94958093971545,-43.18098249202174,Apartment,Entire home/apt,2,1.0,1.0,1.0,Real Bed,"{TV,""Cable TV"",Internet,Wifi,""Air conditioning"",Kitchen,Doorman,Elevator,""Buzzer/wireless intercom"",Washer,Dryer,Hangers,""Hair dryer"",Iron}",$299.00,1,$0.00,7,1125,2.0,t,f,moderate
608,t,7.0,-22.986984191477195,-43.19295455159264,Apartment,Entire home/apt,4,1.5,1.0,1.0,Real Bed,"{TV,""Cable TV"",Internet,Wifi,""Air conditioning"",Kitchen,""Paid parking off premises"",""Family/kid friendly"",Washer,Dryer,Essentials,Shampoo,Hangers,""Hair dryer"",Iron,""Laptop friendly workspace"",""Room-darkening shades"",""Hot water"",""Bed linens"",""Extra pillows and blankets"",Microwave,""Coffee maker"",Refrigerator,""Dishes and silverware"",""Cooking basics"",Stove,""Luggage dropoff allowed"",""Well-lit path to entrance"",""Host greets you""}",$350.00,2,$65.00,3,45,116.0,t,f,strict_14_with_grace_period
609,f,2.0,-22.983533367611017,-43.19422420509185,Apartment,Entire home/apt,2,1.0,1.0,2.0,Real Bed,"{TV,""Cable TV"",Internet,Wifi,""Air conditioning"",Kitchen,""Paid parking off premises"",""Smoking allowed"",Doorman,Elevator,""Buzzer/wireless intercom"",Washer,Dryer,""Fire extinguisher"",Essentials,Shampoo,Hangers,""Hair dryer"",Iron,""Laptop friendly workspace"",""translation missing: en.hosting_amenity_49"",""translation missing: en.hosting_amenity_50"",""Hot water"",""Bed linens"",""Extra pillows and blankets"",""Long term stays allowed"",""Host greets you""}",$299.00,2,$200.00,6,90,15.0,f,f,strict_14_with_grace_period
611,f,55.0,-23.016814053684005,-43.45980210917009,Apartment,Entire home/apt,1,1.0,1.0,1.0,Real Bed,"{""Cable TV"",Internet,""Air conditioning"",Doorman,Elevator}",$505.00,1,$0.00,1,1125,0.0,f,f,strict_14_with_grace_period
612,f,2.0,-22.983798015812717,-43.19839663112704,Apartment,Entire home/apt,2,1.0,2.0,2.0,Real Bed,"{TV,""Cable TV"",Internet,Wifi,""Air conditioning"",Kitchen,Doorman,""Buzzer/wireless intercom"",""Family/kid friendly"",Washer,Dryer,""Fire extinguisher"",Essentials,Shampoo,Hangers,""Hair dryer"",Iron,""Laptop friendly workspace"",""Hot water"",""Bed linens"",""Extra pillows and blankets"",""Host greets you""}",$210.00,2,$150.00,5,180,16.0,f,f,strict_14_with_grace_period
613,f,13.0,-22.982683013965325,-43.218329320118045,Serviced apartment,Entire home/apt,4,1.0,1.0,3.0,Real Bed,"{TV,""Cable TV"",Internet,Wifi,""Air conditioning"",Pool,Kitchen,""Paid parking off premises"",Doorman,Elevator,""Buzzer/wireless intercom"",""Family/kid friendly"",Washer,Dryer,""Smoke detector"",""Carbon monoxide detector"",""Fire extinguisher"",Essentials,""24-hour check-in"",Hangers,Iron,""Laptop friendly workspace"",""translation missing: en.hosting_amenity_50"",""Self check-in"",""Building staff"",""Hot water"",""Bed linens"",""Extra pillows and blankets"",Microwave,""Coffee maker"",Refrigerator,""Dishes and silverware"",""Cooking basics"",Stove,""Garden or backyard"",""Luggage dropoff allowed"",""Long term stays allowed""}",$381.00,1,$0.00,1,1125,11.0,f,f,strict_14_with_grace_period
614,f,5.0,-22.93377858192029,-43.1985922238919,House,Private room,6,2.0,1.0,1.0,Real Bed,"{Internet,Wifi,""Air conditioning"",Kitchen,Breakfast,""Family/kid friendly""}",$249.00,2,$82.00,1,30,19.0,t,f,strict_14_with_grace_period
615,f,1.0,-22.97775231220498,-43.233130747930325,Apartment,Entire home/apt,4,2.0,2.0,4.0,Real Bed,"{TV,Internet,Wifi,""Air conditioning"",Kitchen,Doorman,""Buzzer/wireless intercom"",Washer,Essentials,""24-hour check-in"",Hangers,""translation missing: en.hosting_amenity_49"",""translation missing: en.hosting_amenity_50""}",$622.00,1,$300.00,7,30,3.0,t,f,flexible
616,f,55.0,-22.98207026971957,-43.20462153361992,Apartment,Entire home/apt,4,2.0,2.0,3.0,Real Bed,"{""Cable TV"",Internet,""Air conditioning"",Kitchen,Doorman,Elevator}",$579.00,1,$0.00,3,1125,0.0,f,f,strict_14_with_grace_period
617,f,1.0,-22.97668330959848,-43.23201154453476,Apartment,Private room,2,1.0,1.0,1.0,Real Bed,"{TV,""Cable TV"",Wifi,""Air conditioning"",""Wheelchair accessible"",""Smoking allowed"",Doorman,Breakfast,Elevator}",$198.00,1,$0.00,2,1125,0.0,f,f,flexible
618,f,1.0,-22.97417387175384,-43.41132678189306,Condominium,Entire home/apt,7,1.0,3.0,6.0,Real Bed,"{TV,Kitchen,""Free parking on premises"",Doorman,Elevator,""Free street parking"",""Family/kid friendly"",Essentials,Hangers,Iron,""Long term stays allowed"",""Host greets you""}",$198.00,1,$0.00,2,1125,8.0,t,f,strict_14_with_grace_period
619,f,1.0,-22.966869841288503,-43.183603107391775,Apartment,Entire home/apt,3,1.0,1.0,2.0,Pull-out Sofa,"{TV,Wifi,""Air conditioning"",Kitchen,""Family/kid friendly"",""Suitable for events"",Washer,""Fire extinguisher"",Essentials,Hangers,Iron,""Laptop friendly workspace"",""translation missing: en.hosting_amenity_50""}",$299.00,1,$0.00,5,90,3.0,t,f,strict_14_with_grace_period
620,f,1.0,-22.9444631707181,-43.16261442202903,House,Private room,3,1.0,1.0,2.0,Real Bed,"{TV,Wifi,""Air conditioning"",Kitchen,""Free street parking"",""Family/kid friendly"",Essentials,Hangers,""Hair dryer"",Iron,""Laptop friendly workspace"",""translation missing: en.hosting_amenity_50"",""Private entrance"",""Hot water"",""Bed linens"",Microwave,""Luggage dropoff allowed"",Waterfront,Beachfront}",$82.00,1,$43.00,4,28,149.0,t,f,moderate
621,f,1.0,-22.953337911903507,-43.194085746011226,Apartment,Private room,2,1.0,1.0,1.0,Real Bed,"{TV,Internet,Wifi,Kitchen,""Smoking allowed"",""Buzzer/wireless intercom"",Washer,""Fire extinguisher"",Essentials,Hangers,""Laptop friendly workspace"",""translation missing: en.hosting_amenity_49"",""translation missing: en.hosting_amenity_50""}",$82.00,1,$119.00,1,30,0.0,t,f,moderate
622,f,1.0,-22.96353910068797,-43.171528321208775,Apartment,Entire home/apt,2,1.0,1.0,1.0,Real Bed,"{TV,Internet,Wifi,""Air conditioning"",Kitchen,Elevator,Washer,Dryer,Essentials,""translation missing: en.hosting_amenity_49"",""translation missing: en.hosting_amenity_50""}",$152.00,1,$30.00,1,999999999,51.0,f,f,strict_14_with_grace_period
623,f,2.0,-22.984537205479523,-43.19894584456128,Apartment,Entire home/apt,4,1.5,2.0,2.0,Real Bed,"{TV,""Cable TV"",Wifi,""Air conditioning"",Kitchen,""Free parking on premises"",""Smoking allowed"",""Pets allowed"",Elevator,""Family/kid friendly"",Washer,""First aid kit"",""Fire extinguisher"",Essentials,Shampoo,Hangers,""Hair dryer"",Iron,""translation missing: en.hosting_amenity_50"",Bathtub,""Room-darkening shades"",""Hot water"",""Bed linens"",""Extra pillows and blankets"",Microwave,""Coffee maker"",Refrigerator,""Dishes and silverware"",""Cooking basics"",Oven,Stove,""Luggage dropoff allowed"",""Long term stays allowed"",""Step-free access"",""Wide doorway"",""Flat path to front door"",""Well-lit path to entrance"",""Step-free access"",""Wide clearance to bed"",""Accessible-height bed"",""Step-free access"",""Bathtub with bath chair"",""Accessible-height toilet"",""Step-free access"",""Handheld shower head""}",$501.00,2,$0.00,5,90,18.0,f,f,strict_14_with_grace_period
624,f,3.0,-22.93781459874309,-43.17750205236948,House,Private room,2,2.0,1.0,1.0,Real Bed,"{TV,""Cable TV"",Internet,Wifi,Kitchen,""Smoking allowed"",Doorman,""Pets live on this property"",Dog(s),""Family/kid friendly"",Washer,""First aid kit"",""Fire extinguisher"",Hangers,Iron}",$58.00,1,$54.00,2,1125,83.0,f,f,strict_14_with_grace_period
625,f,10.0,-22.983587330736334,-43.21958400666735,Apartment,Entire home/apt,4,1.0,1.0,2.0,Real Bed,"{TV,""Cable TV"",Internet,Wifi,""Air conditioning"",Kitchen,""Free parking on premises"",Doorman,Elevator,""Buzzer/wireless intercom"",Washer,Dryer,Essentials,Hangers,""Hair dryer"",Iron,""Laptop friendly workspace"",""translation missing: en.hosting_amenity_49"",""translation missing: en.hosting_amenity_50"",""Self check-in"",""Building staff"",""Pack ’n Play/travel crib"",""Hot water"",""Luggage dropoff allowed"",""Long term stays allowed""}",$400.00,1,$0.00,3,365,0.0,f,f,strict_14_with_grace_period
626,t,4.0,-22.91157116231923,-43.17766089912055,Apartment,Entire home/apt,2,1.0,1.0,1.0,Real Bed,"{TV,""Cable TV"",Internet,Wifi,""Air conditioning"",Kitchen,""Paid parking off premises"",Doorman,Elevator,""Buzzer/wireless intercom"",""Smoke detector"",Essentials,Shampoo,""24-hour check-in"",Hangers,""Hair dryer"",Iron,""Laptop friendly workspace"",""translation missing: en.hosting_amenity_49"",""translation missing: en.hosting_amenity_50"",""Self check-in"",""Building staff"",""Room-darkening shades"",""Hot water"",""Bed linens"",Microwave,""Coffee maker"",Refrigerator,""Dishes and silverware"",""Cooking basics"",Oven,Stove,""Luggage dropoff allowed"",""Long term stays allowed""}",$109.00,1,$0.00,1,60,92.0,t,f,moderate
627,t,1.0,-22.971777026816905,-43.39225722393128,Apartment,Entire home/apt,4,2.0,2.0,4.0,Real Bed,"{TV,""Cable TV"",Wifi,""Air conditioning"",Pool,Kitchen,""Free parking on premises"",""Paid parking off premises"",Elevator,""Free street parking"",""Hot tub"",""Indoor fireplace"",Heating,""Family/kid friendly"",Essentials,Shampoo,Hangers,""Hair dryer"",Iron,""Laptop friendly workspace"",""Self check-in"",""Smart lock"",""Children’s books and toys"",""Window guards"",""Hot water"",""Bed linens"",""Extra pillows and blankets"",""Ethernet connection"",Microwave,Refrigerator,Dishwasher,""Dishes and silverware"",""Cooking basics"",Oven,Stove,""Patio or balcony"",""Wide hallway clearance"",""Step-free access"",""Wide doorway"",""Flat path to front door"",""Well-lit path to entrance"",""Step-free access"",""Wide clearance to bed"",""Accessible-height bed"",""Step-free access"",""Step-free access"",""Wide entryway""}",$155.00,1,$0.00,20,30,41.0,f,f,moderate
628,f,1.0,-22.93575956287159,-43.17530346869462,Apartment,Entire home/apt,3,2.0,2.0,2.0,Real Bed,"{TV,""Cable TV"",Internet,Wifi,""Air conditioning"",Kitchen,Doorman,""Pets live on this property"",Dog(s),Elevator,""Family/kid friendly"",Washer,Dryer}",$241.00,1,$0.00,365,1095,0.0,f,f,strict_14_with_grace_period
629,t,5.0,-22.96661643007009,-43.18884707392235,Apartment,Entire home/apt,4,1.5,2.0,2.0,Real Bed,"{TV,""Cable TV"",Internet,Wifi,""Air conditioning"",Kitchen,Doorman,Elevator,""Buzzer/wireless intercom"",""Family/kid friendly"",""Suitable for events"",Washer,Dryer,Essentials,Shampoo,Hangers,""Hair dryer"",Iron,""Laptop friendly workspace""}",$299.00,2,$100.00,2,365,72.0,t,f,strict_14_with_grace_period
630,f,1.0,-22.96168546981289,-43.17568251040538,Apartment,Entire home/apt,2,1.0,1.0,1.0,Real Bed,"{TV,Wifi,""Air conditioning"",Kitchen,""Smoking allowed"",Doorman,Elevator,""Buzzer/wireless intercom""}",$179.00,1,$0.00,3,21,12.0,f,f,strict_14_with_grace_period
631,f,2.0,-22.902164745917705,-43.17963416465122,Apartment,Entire home/apt,3,1.0,1.0,2.0,Real Bed,"{TV,""Cable TV"",Internet,""Air conditioning"",Kitchen,Doorman,Elevator,Washer}",$249.00,1,$100.00,2,180,0.0,f,f,strict_14_with_grace_period
632,f,1.0,-22.97194256306395,-43.18976335413348,Apartment,Private room,4,1.0,1.0,4.0,Real Bed,"{TV,Wifi,Kitchen,Doorman,Elevator,""Buzzer/wireless intercom"",Washer,Dryer,Essentials,""Laptop friendly workspace"",""Hot water"",""Bed linens"",""Ethernet connection"",Microwave,""Coffee maker"",Refrigerator,""Dishes and silverware"",""Cooking basics"",Oven,Stove}",$78.00,1,$78.00,2,30,4.0,f,f,strict_14_with_grace_period
633,f,19.0,-23.01101387968672,-43.35904602273077,Other,Entire home/apt,4,1.0,1.0,1.0,Real Bed,"{""Cable TV"",Internet,Wifi,""Air conditioning"",Pool,Kitchen,""Free parking on premises"",Doorman,Elevator,Essentials,""Bed linens"",""Extra pillows and blankets""}",$249.00,2,$50.00,4,730,4.0,f,f,strict_14_with_grace_period
634,f,3.0,-22.944422812744644,-43.18356528230275,Apartment,Entire home/apt,4,1.0,2.0,3.0,Real Bed,"{TV,""Cable TV"",Internet,Wifi,""Air conditioning"",Pool,Kitchen,""Free parking on premises"",Doorman,Gym,Elevator,""Buzzer/wireless intercom"",""Family/kid friendly"",Washer}",$241.00,3,$0.00,4,90,12.0,f,f,strict_14_with_grace_period
635,f,6.0,-23.01083520599832,-43.34168715539436,House,Private room,2,1.0,1.0,2.0,Real Bed,"{""Cable TV"",Internet,Wifi,""Air conditioning"",Kitchen,Doorman,Breakfast,""Buzzer/wireless intercom"",""Family/kid friendly"",Hangers,""Hair dryer"",""Laptop friendly workspace"",""translation missing: en.hosting_amenity_50"",""Hot water"",""Host greets you"",""Paid parking on premises""}",$190.00,1,$0.00,2,1125,4.0,t,f,flexible
636,f,6.0,-23.010579260081915,-43.34071249115664,House,Private room,2,1.0,1.0,2.0,Real Bed,"{""Cable TV"",Internet,Wifi,""Air conditioning"",Kitchen,Doorman,Breakfast,""Buzzer/wireless intercom"",""Family/kid friendly"",Washer,Essentials,""Lock on bedroom door"",Hangers,""Hair dryer"",Iron,""translation missing: en.hosting_amenity_50"",""Self check-in"",""Smart lock"",""Private entrance"",""Hot water"",""Bed linens"",""Paid parking on premises""}",$152.00,1,$0.00,2,1125,11.0,t,f,flexible
637,f,6.0,-23.009176733800512,-43.340424629727366,House,Private room,2,1.0,1.0,2.0,Real Bed,"{""Cable TV"",Internet,Wifi,""Air conditioning"",Kitchen,""Free parking on premises"",Doorman,Breakfast,""Buzzer/wireless intercom"",""Family/kid friendly"",""Suitable for events"",Washer,""Lock on bedroom door""}",$221.00,1,$100.00,2,1125,3.0,f,f,flexible
638,f,6.0,-23.009701264008488,-43.34209384623191,House,Private room,2,1.0,1.0,1.0,Real Bed,"{TV,""Cable TV"",Internet,Wifi,""Air conditioning"",Kitchen,Doorman,Breakfast,""Family/kid friendly"",Washer,Essentials,""Lock on bedroom door"",""translation missing: en.hosting_amenity_50"",""Self check-in"",Lockbox,""Private entrance"",""Hot water"",""Paid parking on premises""}",$198.00,1,$0.00,2,60,5.0,t,f,flexible
639,f,1.0,-22.965214354816432,-43.190180264871,Apartment,Entire home/apt,7,1.5,2.0,5.0,Real Bed,"{TV,""Cable TV"",Internet,Wifi,""Air conditioning"",Kitchen,""Paid parking off premises"",Doorman,Elevator,""Free street parking"",""Buzzer/wireless intercom"",""Family/kid friendly"",Essentials,Shampoo,Hangers,""Hair dryer"",Iron,""Laptop friendly workspace"",""translation missing: en.hosting_amenity_50"",""Self check-in"",""Building staff"",""Hot water"",""Long term stays allowed""}",$101.00,1,$50.00,2,365,69.0,f,f,moderate
640,t,5.0,-22.985049970581255,-43.20084120164454,Apartment,Entire home/apt,4,1.5,2.0,2.0,Real Bed,"{TV,""Cable TV"",Internet,Wifi,""Air conditioning"",Kitchen,""Free parking on premises"",""Smoking allowed"",""Pets allowed"",Doorman,Elevator,""Buzzer/wireless intercom"",""Family/kid friendly"",Washer,Dryer,Essentials,Hangers,""Hair dryer"",Iron,""Laptop friendly workspace"",""Self check-in"",""Building staff"",""Children’s books and toys"",""Hot water"",""Luggage dropoff allowed"",""Long term stays allowed""}",$198.00,4,$60.00,2,1124,84.0,f,f,strict_14_with_grace_period
641,f,2.0,-22.98319938568881,-43.20007479623165,Apartment,Entire home/apt,6,2.0,3.0,3.0,Real Bed,"{TV,Wifi,""Air conditioning"",Kitchen,Doorman,Elevator,Washer,Essentials,Other}",$660.00,4,$132.00,2,30,13.0,f,f,strict_14_with_grace_period
642,f,1.0,-22.98465003874936,-43.21388967967556,Apartment,Private room,2,1.0,1.0,1.0,Real Bed,"{TV,""Cable TV"",Internet,Wifi,""Air conditioning"",Kitchen,""Buzzer/wireless intercom"",""translation missing: en.hosting_amenity_49"",""translation missing: en.hosting_amenity_50""}",$214.00,1,$0.00,3,30,0.0,f,f,strict_14_with_grace_period
643,f,1.0,-22.98324040141405,-43.20008083453936,Bed and breakfast,Private room,2,1.0,1.0,1.0,Real Bed,"{TV,""Cable TV"",Internet,Wifi,""Air conditioning"",Kitchen,""Smoking allowed"",""Pets allowed"",Breakfast,Elevator,""Buzzer/wireless intercom"",""Family/kid friendly"",Washer,""Smoke detector"",""Fire extinguisher"",Essentials,Shampoo,""Lock on bedroom door"",Hangers,""Hair dryer"",Iron,""Laptop friendly workspace""}",$132.00,1,$0.00,1,1125,0.0,f,f,flexible
644,f,1.0,-22.963138896711406,-43.172512712483474,Apartment,Entire home/apt,5,1.5,2.0,3.0,Real Bed,"{TV,""Cable TV"",Internet,Wifi,""Air conditioning"",Kitchen,Doorman,Elevator,""Buzzer/wireless intercom"",""Family/kid friendly"",Washer,Dryer,""Smoke detector"",""Carbon monoxide detector"",Essentials,Shampoo,""24-hour check-in"",Hangers,""Hair dryer"",Iron,""Laptop friendly workspace"",""Self check-in"",Keypad}",$322.00,1,$0.00,3,60,46.0,t,f,strict_14_with_grace_period
645,t,6.0,-22.96971684659617,-43.17990030247287,Apartment,Entire home/apt,6,2.0,3.0,4.0,Real Bed,"{TV,""Cable TV"",Wifi,""Air conditioning"",Kitchen,""Paid parking off premises"",Elevator,""Family/kid friendly"",Washer,Essentials,Hangers,""Hair dryer"",Iron,""Room-darkening shades"",""Hot water"",Microwave,""Coffee maker"",Refrigerator,""Dishes and silverware"",""Cooking basics"",Oven,Stove,""Luggage dropoff allowed"",""Long term stays allowed"",""Wide doorway"",""Step-free access"",""Wide doorway"",""Wide clearance to bed"",""Step-free access"",Beachfront}",$342.00,1,$0.00,2,1125,213.0,t,f,strict_14_with_grace_period
646,f,45.0,-22.96766718502689,-43.17808541214404,Apartment,Private room,2,1.0,1.0,1.0,Real Bed,"{TV,""Cable TV"",Internet,Wifi,""Air conditioning"",""Wheelchair accessible"",Kitchen,Doorman,""Pets live on this property"",Cat(s),Elevator,""Buzzer/wireless intercom"",Washer,Dryer,Essentials,""Lock on bedroom door"",""Hot water"",""Host greets you""}",$260.00,1,$0.00,3,1125,0.0,f,f,strict_14_with_grace_period
647,f,1.0,-22.925111012299727,-43.17306809580162,Apartment,Entire home/apt,2,1.0,2.0,1.0,Real Bed,"{TV,""Cable TV"",Internet,Wifi,""Air conditioning"",""Wheelchair accessible"",Kitchen,""Smoking allowed"",Doorman,Elevator,""Buzzer/wireless intercom""}",$971.00,1,$0.00,5,30,0.0,f,f,strict_14_with_grace_period
648,f,32.0,-22.964122974581013,-43.174327294762506,Apartment,Entire home/apt,7,1.0,2.0,4.0,Real Bed,"{TV,""Cable TV"",Wifi,""Air conditioning"",Kitchen,""Paid parking off premises"",""Smoking allowed"",Elevator,""Family/kid friendly"",Washer,Essentials,""Lock on bedroom door"",Hangers,""Hair dryer"",Iron,""Laptop friendly workspace"",""Self check-in"",""Building staff"",""Private living room"",""Hot water"",""Bed linens"",""Extra pillows and blankets""}",$128.00,4,$19.00,3,365,141.0,f,f,strict_14_with_grace_period
649,f,1.0,-23.00387458827312,-43.30892875839289,House,Entire home/apt,4,3.0,2.0,2.0,Real Bed,"{""Cable TV"",Wifi,""Air conditioning"",Pool,Kitchen,""Pets live on this property"",Dog(s),""Family/kid friendly"",Washer,""First aid kit""}","$7,770.00",1,$0.00,1,30,0.0,f,f,moderate
650,f,2.0,-22.98073361968456,-43.19052018844617,Apartment,Private room,2,1.0,1.0,1.0,Real Bed,"{TV,""Cable TV"",Internet,Wifi,Kitchen,""Smoking allowed"",Doorman,""Pets live on this property"",Dog(s),Elevator,""Buzzer/wireless intercom"",""Family/kid friendly"",Washer,Essentials,Shampoo,""Lock on bedroom door"",Hangers,""Hair dryer"",Iron,""Laptop friendly workspace""}",$97.00,1,$40.00,3,1125,45.0,t,f,strict_14_with_grace_period
651,f,55.0,-22.974354582294485,-43.18936888254051,Apartment,Entire home/apt,2,1.0,1.0,1.0,Real Bed,{},$311.00,1,$0.00,3,1125,0.0,f,f,strict_14_with_grace_period
652,f,2.0,-22.98061514123416,-43.19140677605329,Apartment,Entire home/apt,4,1.0,1.0,2.0,Real Bed,"{TV,""Cable TV"",Internet,Wifi,""Air conditioning"",Kitchen,""Smoking allowed"",Doorman,Elevator,""Buzzer/wireless intercom"",""Family/kid friendly"",Essentials,Hangers,Iron,""Laptop friendly workspace""}",$120.00,2,$25.00,1,1125,59.0,f,f,strict_14_with_grace_period
653,f,2.0,-22.97989714187865,-43.22580239967681,Apartment,Entire home/apt,4,1.0,1.0,2.0,Real Bed,"{TV,""Cable TV"",Wifi,""Air conditioning"",""Wheelchair accessible"",Kitchen,Doorman,Elevator,""Buzzer/wireless intercom"",""Family/kid friendly"",Washer,""24-hour check-in""}",$280.00,2,$100.00,4,30,55.0,f,f,strict_14_with_grace_period
654,f,1.0,-22.91469766321765,-43.18630965903096,Apartment,Entire home/apt,2,1.0,1.0,1.0,Real Bed,"{TV,""Cable TV"",Internet,Wifi,Kitchen,Doorman,Elevator,""Buzzer/wireless intercom"",Essentials}",$85.00,1,$0.00,2,90,11.0,f,f,strict_14_with_grace_period
655,f,1.0,-22.9748417059638,-43.18710767345011,Serviced apartment,Entire home/apt,4,1.0,1.0,1.0,Real Bed,"{TV,""Cable TV"",Wifi,""Air conditioning"",Pool,Kitchen,Gym,Elevator,""Family/kid friendly"",Essentials,""Hot water"",Microwave,Refrigerator,""Dishes and silverware"",""Luggage dropoff allowed""}",$307.00,2,$155.00,1,1125,290.0,t,f,moderate
656,f,61.0,-22.98494350771461,-43.19087319886421,Loft,Entire home/apt,8,3.5,3.0,3.0,Real Bed,"{TV,""Cable TV"",Internet,Wifi,""Air conditioning"",Pool,Kitchen,""Free parking on premises"",Doorman,Elevator,""Hot tub"",""Family/kid friendly"",""Suitable for events"",Washer,Dryer,""Smoke detector"",""Fire extinguisher"",Essentials,Hangers,""Hair dryer"",Iron,""Laptop friendly workspace"",""High chair"",""Pack ’n Play/travel crib"",""Hot water"",""Luggage dropoff allowed"",""Long term stays allowed"",""Host greets you""}","$1,783.00",4,$194.00,3,1125,15.0,f,f,strict_14_with_grace_period
657,f,61.0,-22.98590962116713,-43.20128015644912,Loft,Entire home/apt,8,3.5,3.0,4.0,Real Bed,"{TV,""Cable TV"",Internet,Wifi,""Air conditioning"",Pool,Kitchen,""Free parking on premises"",Doorman,Elevator,""Family/kid friendly"",""Suitable for events"",Washer,Dryer,""Smoke detector"",""Fire extinguisher"",Essentials,Hangers,""Hair dryer"",Iron,""Laptop friendly workspace"",""High chair"",""Pack ’n Play/travel crib"",""Hot water"",""Luggage dropoff allowed"",""Host greets you""}","$4,274.00",1,$0.00,3,90,1.0,f,f,strict_14_with_grace_period
658,f,61.0,-22.981654426787102,-43.18952980305161,Loft,Entire home/apt,10,3.5,5.0,5.0,Real Bed,"{TV,""Cable TV"",Internet,Wifi,""Air conditioning"",""Wheelchair accessible"",Kitchen,""Free parking on premises"",Doorman,Elevator,""Family/kid friendly"",""Suitable for events"",Washer,Dryer,""Smoke detector"",""Fire extinguisher"",Essentials,Hangers,""Hair dryer"",Iron,""Laptop friendly workspace"",""High chair"",""Pack ’n Play/travel crib"",""Hot water"",""Luggage dropoff allowed"",""Long term stays allowed"",""Host greets you""}","$2,560.00",1,$0.00,4,90,6.0,f,f,strict_14_with_grace_period
659,f,61.0,-22.973404137196827,-43.1862132090975,Loft,Entire home/apt,8,3.5,3.0,4.0,Real Bed,"{TV,""Cable TV"",Internet,Wifi,""Air conditioning"",Pool,Kitchen,""Free parking on premises"",Doorman,Elevator,""Family/kid friendly"",""Suitable for events"",Washer,Dryer,""Smoke detector"",""Fire extinguisher"",Essentials,Hangers,""Hair dryer"",Iron,""Laptop friendly workspace"",Crib,""Pack ’n Play/travel crib"",""Hot water"",""Luggage dropoff allowed"",""Long term stays allowed"",""Host greets you""}","$4,856.00",1,$0.00,4,1125,0.0,f,f,strict_14_with_grace_period
660,f,1.0,-23.00870956327023,-43.29828741598266,Apartment,Entire home/apt,4,2.0,2.0,4.0,Real Bed,"{TV,""Cable TV"",Internet,Wifi,""Air conditioning"",Pool,Kitchen,""Free parking on premises"",Doorman,Gym,Elevator,""Hot tub"",""Buzzer/wireless intercom"",""Family/kid friendly"",""Suitable for events"",Washer}",$622.00,3,$194.00,14,365,0.0,f,f,strict_14_with_grace_period
661,f,61.0,-22.9438771712513,-43.181264893502615,Apartment,Entire home/apt,6,2.0,2.0,4.0,Real Bed,"{TV,""Cable TV"",Internet,Wifi,""Air conditioning"",Pool,Kitchen,""Paid parking off premises"",""Smoking allowed"",""Pets allowed"",Doorman,Elevator,""Family/kid friendly"",""Suitable for events"",Washer,""Smoke detector"",""Fire extinguisher"",Essentials,Hangers,""Hair dryer"",Iron,""Laptop friendly workspace"",""High chair"",""Pack ’n Play/travel crib"",""Hot water"",""Luggage dropoff allowed"",""Long term stays allowed"",""Host greets you""}",$699.00,5,$0.00,3,1125,7.0,f,f,strict_14_with_grace_period
662,f,2.0,-22.94023373871065,-43.179948476195975,Apartment,Entire home/apt,2,1.0,1.0,1.0,Real Bed,"{TV,""Cable TV"",Wifi,""Air conditioning"",Kitchen,""Paid parking off premises"",Elevator,Washer,Essentials,Shampoo,""Lock on bedroom door"",Hangers,""Hair dryer"",Iron,""Laptop friendly workspace"",""translation missing: en.hosting_amenity_49"",""translation missing: en.hosting_amenity_50"",""Self check-in"",""Building staff"",""Private living room"",""Hot water"",""Bed linens"",""Extra pillows and blankets"",""Ethernet connection"",Microwave,""Coffee maker"",Refrigerator,""Dishes and silverware"",""Cooking basics"",Oven,Stove,""Luggage dropoff allowed"",""Long term stays allowed"",""Wide doorway"",""Flat path to front door"",""Well-lit path to entrance"",""Step-free access"",""Wide clearance to bed"",""Step-free access"",""Step-free access""}",$109.00,1,$0.00,3,30,161.0,f,f,strict_14_with_grace_period
663,f,61.0,-22.985503767324623,-43.23052869662465,Apartment,Entire home/apt,6,2.0,3.0,3.0,Real Bed,"{TV,""Cable TV"",Wifi,""Air conditioning"",Kitchen,""Paid parking off premises"",Doorman,Elevator,""Free street parking"",""Family/kid friendly"",""Suitable for events"",Washer,""Smoke detector"",""Fire extinguisher"",Essentials,Hangers,""Hair dryer"",Iron,""Laptop friendly workspace"",""High chair"",""Pack ’n Play/travel crib"",""Hot water"",""Luggage dropoff allowed"",""Host greets you""}",$971.00,1,$0.00,3,90,2.0,f,f,strict_14_with_grace_period
664,t,10.0,-22.981954975773807,-43.1918865874836,Apartment,Entire home/apt,5,1.0,0.0,1.0,Real Bed,"{TV,""Cable TV"",Wifi,""Air conditioning"",Kitchen,""Paid parking off premises"",Elevator,""Family/kid friendly"",Washer,""Fire extinguisher"",Essentials,Hangers,""Hair dryer"",Iron,""Laptop friendly workspace"",""Babysitter recommendations"",""Room-darkening shades"",""Hot water"",""Bed linens"",""Extra pillows and blankets"",""Ethernet connection"",""Pocket wifi"",Microwave,""Coffee maker"",Refrigerator,""Dishes and silverware"",""Cooking basics"",Oven,Stove,""Long term stays allowed"",""Wide hallway clearance"",""Wide doorway"",""Well-lit path to entrance"",""Host greets you""}",$136.00,3,$45.00,2,180,79.0,f,f,moderate
665,f,1.0,-22.9838761368892,-43.24214991041938,House,Private room,6,1.0,3.0,4.0,Real Bed,"{TV,Internet,Wifi,""Air conditioning"",Pool,Kitchen,""Free parking on premises"",""Pets allowed"",Washer,Essentials,Hangers,""Hair dryer"",Iron}","$1,943.00",1,$0.00,20,60,0.0,f,f,flexible
666,f,13.0,-22.991891837610808,-43.23250245765704,Apartment,Entire home/apt,16,1.0,1.0,2.0,Real Bed,"{TV,""Cable TV"",Internet,Wifi,""Air conditioning"",Kitchen,""Smoking allowed"",""Pets allowed"",""Pets live on this property"",Cat(s),""Free street parking"",Essentials,Hangers,""Laptop friendly workspace"",""Hot water"",""Luggage dropoff allowed"",""Long term stays allowed"",Other}",$389.00,4,$155.00,3,1125,14.0,f,f,strict_14_with_grace_period
668,f,1.0,-22.968694486289262,-43.1824956467645,Serviced apartment,Entire home/apt,3,1.0,1.0,2.0,Real Bed,"{TV,""Cable TV"",Internet,Wifi,""Air conditioning"",Kitchen,Doorman,Elevator,""Hot tub"",""Buzzer/wireless intercom"",""Family/kid friendly"",Washer,Dryer,""Smoke detector"",""Carbon monoxide detector"",""Safety card"",""Fire extinguisher"",Essentials,Shampoo,""24-hour check-in"",Hangers,""Hair dryer"",Iron,""Laptop friendly workspace"",""Self check-in"",""Building staff"",""Private living room"",""Hot water"",""Luggage dropoff allowed"",""Long term stays allowed""}",$490.00,3,$583.00,7,1125,8.0,f,f,strict_14_with_grace_period
669,f,1.0,-22.91549824766673,-43.17754492101732,Apartment,Private room,2,1.5,1.0,1.0,Real Bed,"{TV,""Cable TV"",Internet,Wifi,""Wheelchair accessible"",Kitchen,Doorman,Elevator,""Buzzer/wireless intercom"",""Family/kid friendly"",Washer,Essentials,Hangers,""Hair dryer"",Iron,""translation missing: en.hosting_amenity_49""}",$132.00,1,$100.00,1,1125,1.0,f,f,flexible
670,f,1.0,-22.97186515292081,-43.18700274699837,Apartment,Entire home/apt,6,1.0,2.0,3.0,Real Bed,"{TV,""Cable TV"",Wifi,""Air conditioning"",Kitchen,""Paid parking off premises"",""Smoking allowed"",""Pets allowed"",""Pets live on this property"",""Family/kid friendly"",Washer,Essentials,Hangers,""Hair dryer"",Iron,""translation missing: en.hosting_amenity_50"",""Bed linens"",""Extra pillows and blankets"",Microwave,""Coffee maker"",Refrigerator,""Dishes and silverware"",""Cooking basics"",Oven,Stove,""Luggage dropoff allowed"",""Long term stays allowed"",""Wide hallway clearance"",""Step-free access"",""Wide doorway"",""Flat path to front door"",""Well-lit path to entrance"",""Step-free access"",""Wide doorway"",""Wide clearance to bed"",""Accessible-height bed"",""Step-free access"",""Accessible-height toilet"",""Wide clearance to shower, toilet"",""Step-free access"",""Wide entryway"",""Host greets you""}",$299.00,4,$100.00,2,1125,21.0,f,f,moderate
671,f,61.0,-22.986840214785985,-43.20925422150368,Serviced apartment,Entire home/apt,5,2.0,2.0,5.0,Real Bed,"{TV,""Cable TV"",Wifi,""Air conditioning"",""Wheelchair accessible"",Pool,Kitchen,""Free parking on premises"",Doorman,Gym,Elevator,""Hot tub"",""Buzzer/wireless intercom"",""Family/kid friendly"",""Suitable for events"",Washer,Dryer,""Smoke detector"",""Fire extinguisher"",Essentials,""24-hour check-in"",Hangers,""Hair dryer"",Iron,""Laptop friendly workspace"",""High chair"",""Pack ’n Play/travel crib"",""Hot water"",""Luggage dropoff allowed"",""Long term stays allowed"",""Host greets you""}","$1,146.00",4,$194.00,3,89,11.0,f,f,strict_14_with_grace_period
672,f,1.0,-23.006776665225047,-43.3501690758394,House,Private room,1,1.0,1.0,2.0,Real Bed,"{TV,""Cable TV"",Internet,Wifi,""Air conditioning"",Pool,Kitchen,""Family/kid friendly""}",$299.00,1,$0.00,3,60,1.0,t,f,strict_14_with_grace_period
673,f,61.0,-22.983619853834053,-43.1904492673189,Apartment,Entire home/apt,4,2.5,2.0,2.0,Real Bed,"{TV,""Cable TV"",Wifi,""Air conditioning"",Kitchen,""Free parking on premises"",Doorman,Elevator,""Family/kid friendly"",""Suitable for events"",Washer,""Smoke detector"",""Fire extinguisher"",Essentials,Hangers,""Hair dryer"",Iron,""Laptop friendly workspace"",""High chair"",""Pack ’n Play/travel crib"",""Hot water"",""Luggage dropoff allowed"",""Host greets you""}","$1,146.00",1,$0.00,3,90,1.0,f,f,strict_14_with_grace_period
674,f,34.0,-22.9705209551792,-43.18806886761477,Apartment,Entire home/apt,10,4.0,3.0,8.0,Real Bed,"{TV,""Cable TV"",Internet,Wifi,""Air conditioning"",Pool,Kitchen,""Pets allowed"",Doorman,Elevator,""Free street parking"",""Buzzer/wireless intercom"",Washer,Essentials,Shampoo,""24-hour check-in"",Hangers,""Hair dryer"",Iron,""Laptop friendly workspace"",""Self check-in"",""Building staff"",""Hot water"",""Luggage dropoff allowed"",""Long term stays allowed"",""Paid parking on premises""}",$330.00,2,$44.00,3,1800,18.0,t,f,moderate
675,f,1.0,-22.984051878319804,-43.22371461258847,Apartment,Entire home/apt,4,2.0,2.0,1.0,Real Bed,"{TV,""Cable TV"",Internet,Wifi,""Air conditioning"",Kitchen,""Smoking allowed"",""Pets allowed"",Doorman,Elevator,""Buzzer/wireless intercom"",Washer}",$229.00,1,$0.00,300,365,0.0,f,f,strict_14_with_grace_period
676,f,2.0,-22.96734678987052,-43.185822820740825,Apartment,Private room,2,1.0,1.0,1.0,Real Bed,"{TV,Internet,Wifi,Kitchen,""Smoking allowed"",Elevator,""Family/kid friendly"",Washer,Dryer,""Fire extinguisher"",Essentials}",$179.00,1,$125.00,3,14,17.0,f,f,flexible
677,f,61.0,-22.98573639373509,-43.197227833076056,Apartment,Entire home/apt,6,2.0,3.0,4.0,Real Bed,"{TV,""Cable TV"",Wifi,""Air conditioning"",Pool,Kitchen,""Paid parking off premises"",Doorman,Gym,Elevator,""Free street parking"",""Family/kid friendly"",""Suitable for events"",Washer,Dryer,""Smoke detector"",""Fire extinguisher"",Essentials,Hangers,""Hair dryer"",Iron,""Laptop friendly workspace"",""High chair"",""Pack ’n Play/travel crib"",""Hot water"",""Luggage dropoff allowed"",""Host greets you""}","$1,364.00",1,$0.00,3,90,3.0,f,f,strict_14_with_grace_period
678,t,2.0,-22.98524766643356,-43.19614378221915,Apartment,Entire home/apt,4,1.0,1.0,1.0,Real Bed,"{TV,""Cable TV"",Internet,Wifi,""Air conditioning"",Kitchen,""Paid parking off premises"",Doorman,Elevator,""Buzzer/wireless intercom"",""Family/kid friendly"",Washer,Dryer,Essentials,Hangers,""Hair dryer"",Iron,""Laptop friendly workspace"",""translation missing: en.hosting_amenity_50"",""Self check-in"",""Building staff"",""Hot water"",""Bed linens"",""Extra pillows and blankets"",Microwave,""Coffee maker"",Refrigerator,""Dishes and silverware"",""Cooking basics"",Oven,Stove,""Luggage dropoff allowed"",""Long term stays allowed"",""Cleaning before checkout"",""Wide doorway"",""Well-lit path to entrance"",""Step-free access"",""Step-free access""}",$260.00,1,$0.00,2,365,107.0,f,f,strict_14_with_grace_period
680,f,1.0,-22.982813490048827,-43.2423654856412,Apartment,Private room,2,2.0,1.0,2.0,Real Bed,"{TV,Wifi,""Air conditioning"",""Wheelchair accessible"",Kitchen,""Smoking allowed"",Doorman,Elevator,""Buzzer/wireless intercom"",""Family/kid friendly"",Washer,""Safety card"",Essentials,Shampoo,""24-hour check-in"",Hangers,Iron,""Laptop friendly workspace"",Microwave,Refrigerator,""Dishes and silverware"",""Cooking basics"",Oven,Stove,""Garden or backyard""}",$89.00,1,$0.00,1,1125,19.0,f,f,strict_14_with_grace_period
681,f,61.0,-22.984411293675603,-43.20499653688999,Apartment,Entire home/apt,6,2.0,3.0,5.0,Real Bed,"{TV,""Cable TV"",Wifi,""Air conditioning"",Kitchen,""Free parking on premises"",Doorman,Elevator,""Family/kid friendly"",""Suitable for events"",Washer,Dryer,""Smoke detector"",""Fire extinguisher"",Essentials,Hangers,""Hair dryer"",Iron,""Laptop friendly workspace"",""High chair"",""Pack ’n Play/travel crib"",""Hot water"",""Luggage dropoff allowed"",""Host greets you""}",$894.00,5,$50.00,3,90,2.0,f,f,strict_14_with_grace_period
682,f,61.0,-22.98572201456901,-43.18898674363883,Apartment,Entire home/apt,6,2.5,3.0,3.0,Real Bed,"{TV,""Cable TV"",Wifi,""Air conditioning"",Kitchen,""Paid parking off premises"",Doorman,Elevator,""Free street parking"",""Family/kid friendly"",""Suitable for events"",Washer,""Smoke detector"",""Fire extinguisher"",Essentials,Hangers,""Hair dryer"",Iron,""Laptop friendly workspace"",""High chair"",""Pack ’n Play/travel crib"",""Hot water"",""Luggage dropoff allowed"",""Host greets you""}","$1,193.00",1,$0.00,3,90,2.0,f,f,strict_14_with_grace_period
683,t,3.0,-22.98365801641895,-43.20187332553412,Apartment,Entire home/apt,2,1.0,1.0,1.0,Real Bed,"{TV,""Cable TV"",Internet,Wifi,""Air conditioning"",Kitchen,""Paid parking off premises"",Doorman,""Buzzer/wireless intercom"",""Family/kid friendly"",Washer,Essentials,Shampoo,Hangers,Iron,Crib,""Pack ’n Play/travel crib"",""Hot water"",""Luggage dropoff allowed"",""Long term stays allowed"",""Host greets you""}",$152.00,1,$0.00,2,365,25.0,t,f,moderate
684,f,1.0,-22.961581519955,-43.17450132336493,Apartment,Entire home/apt,4,1.5,1.0,2.0,Real Bed,"{Internet,Wifi,Kitchen,Doorman,Elevator,""Buzzer/wireless intercom"",""Suitable for events"",Essentials,Hangers}",$777.00,2,$194.00,2,1125,10.0,f,f,strict_14_with_grace_period
685,f,6.0,-22.962888979267387,-43.17241737394477,Apartment,Entire home/apt,6,2.0,3.0,4.0,Real Bed,"{TV,""Cable TV"",Internet,Wifi,""Air conditioning"",""Wheelchair accessible"",Kitchen,""Paid parking off premises"",Doorman,Elevator,""Buzzer/wireless intercom"",""Family/kid friendly"",Washer,""Smoke detector"",""First aid kit"",""Fire extinguisher"",Essentials,Hangers,Iron,""Laptop friendly workspace"",""Hot water"",""Long term stays allowed"",""Host greets you""}",$350.00,6,$200.00,3,30,8.0,t,f,strict_14_with_grace_period
686,f,61.0,-22.986848202476807,-43.18860726239669,Loft,Entire home/apt,6,2.5,3.0,4.0,Real Bed,"{TV,""Cable TV"",Wifi,""Air conditioning"",Pool,Kitchen,""Paid parking off premises"",Doorman,Elevator,""Free street parking"",""Family/kid friendly"",""Suitable for events"",Washer,""Smoke detector"",""Fire extinguisher"",Essentials,Hangers,""Hair dryer"",Iron,""Laptop friendly workspace"",""High chair"",""Pack ’n Play/travel crib"",""Hot water"",""Luggage dropoff allowed"",""Host greets you""}","$3,846.00",1,$0.00,7,90,3.0,f,f,strict_14_with_grace_period
687,f,1.0,-22.916708034398585,-43.23046204941951,Apartment,Entire home/apt,4,2.0,1.0,3.0,Real Bed,"{TV,""Cable TV"",Internet,Wifi,""Air conditioning"",Kitchen,""Smoking allowed"",Doorman,Elevator,""Buzzer/wireless intercom"",""Family/kid friendly"",Washer,""First aid kit"",Shampoo}",$198.00,1,$100.00,2,7,1.0,f,f,moderate
688,t,4.0,-22.964289754636503,-43.1758487398976,Apartment,Entire home/apt,4,1.0,1.0,1.0,Real Bed,"{TV,""Cable TV"",Internet,Wifi,""Air conditioning"",Kitchen,Doorman,Elevator,""Buzzer/wireless intercom"",""Family/kid friendly"",Essentials,""24-hour check-in""}",$97.00,2,$25.00,3,30,26.0,f,f,strict_14_with_grace_period
689,f,1.0,-22.966109132112468,-43.18231698621934,Apartment,Entire home/apt,5,1.0,1.0,5.0,Real Bed,"{""Cable TV"",Internet,Wifi,""Air conditioning"",Kitchen,""Pets allowed"",Doorman,Elevator,""Buzzer/wireless intercom"",""Family/kid friendly"",Essentials,""Hair dryer"",Iron}",$163.00,2,$15.00,4,20,8.0,t,f,flexible
690,f,2.0,-23.027395250797483,-43.46699290903588,Apartment,Entire home/apt,16,3.0,5.0,8.0,Real Bed,"{TV,""Cable TV"",Internet,Wifi,""Air conditioning"",""Wheelchair accessible"",Pool,Kitchen,""Free parking on premises"",""Smoking allowed"",Doorman,Gym,""Pets live on this property"",Cat(s),Elevator,""Buzzer/wireless intercom"",""Family/kid friendly"",""Suitable for events"",Washer,Dryer}","$1,943.00",1,$389.00,1,365,0.0,f,f,strict_14_with_grace_period
691,f,2.0,-22.94819146878183,-43.16284666116011,Loft,Entire home/apt,6,3.0,3.0,5.0,Real Bed,"{TV,""Cable TV"",Internet,Wifi,""Air conditioning"",Kitchen,Doorman,Elevator,""Free street parking"",""Buzzer/wireless intercom"",""Family/kid friendly"",""Suitable for events"",""Smoke detector"",Essentials,""Laptop friendly workspace"",""translation missing: en.hosting_amenity_49"",""Hot water"",""Long term stays allowed"",""Host greets you""}",$493.00,4,$179.00,7,90,25.0,f,f,strict_14_with_grace_period
692,f,3.0,-22.98293758132086,-43.196237443111656,Apartment,Entire home/apt,3,1.0,1.0,4.0,Real Bed,"{TV,""Cable TV"",Internet,Wifi,""Air conditioning"",""Wheelchair accessible"",Kitchen,""Paid parking off premises"",Doorman,Elevator,""Buzzer/wireless intercom"",""Family/kid friendly"",Washer,Dryer,""Smoke detector"",""Safety card"",""Fire extinguisher"",Essentials,Shampoo,""24-hour check-in"",Hangers,""Hair dryer"",Iron,""Laptop friendly workspace"",""Hot water"",""Luggage dropoff allowed"",""Long term stays allowed"",""Host greets you""}",$241.00,2,$50.00,2,89,117.0,t,f,strict_14_with_grace_period
693,f,2.0,-22.980977162668093,-43.19558660058252,Apartment,Private room,2,2.0,1.0,1.0,Real Bed,"{""Cable TV"",Wifi,""Air conditioning"",Kitchen,Doorman,Elevator,""Buzzer/wireless intercom"",""Family/kid friendly"",Washer,""Smoke detector"",""First aid kit"",""Fire extinguisher"",Hangers,""Hair dryer"",Iron}",$109.00,1,$0.00,3,180,42.0,f,f,moderate
694,f,3.0,-22.955335886791,-43.19362204786252,Apartment,Private room,2,2.0,2.0,1.0,Real Bed,"{Wifi,Kitchen,Doorman,Elevator,""Buzzer/wireless intercom"",Washer,Essentials,""Hair dryer"",""Self check-in"",""Building staff"",""Hot water""}",$51.00,1,$50.00,7,30,16.0,t,f,strict_14_with_grace_period
695,t,23.0,-22.978149368604974,-43.23015888442893,Apartment,Entire home/apt,10,2.0,3.0,7.0,Real Bed,"{TV,""Cable TV"",Wifi,""Air conditioning"",Kitchen,""Free parking on premises"",Elevator,""Free street parking"",Heating,""Family/kid friendly"",Washer,Dryer,""Smoke detector"",""Carbon monoxide detector"",""First aid kit"",""Fire extinguisher"",Essentials,Shampoo,""Lock on bedroom door"",Hangers,""Hair dryer"",Iron,""Laptop friendly workspace"",""Private living room"",""Private entrance"",Bathtub,""Children’s books and toys"",""Window guards"",""Babysitter recommendations"",""Room-darkening shades"",""Children’s dinnerware"",""Hot water"",""Bed linens"",""Extra pillows and blankets"",""Ethernet connection"",Microwave,""Coffee maker"",Refrigerator,""Dishes and silverware"",""Cooking basics"",Oven,Stove,""EV charger"",""Garden or backyard"",""Beach essentials"",""Luggage dropoff allowed"",""Wide hallway clearance"",""Step-free access"",""Wide clearance to bed"",""Step-free access"",""Handheld shower head""}",$291.00,4,$97.00,2,100,26.0,f,f,strict_14_with_grace_period
696,f,1.0,-22.975408595940856,-43.188576458901416,Loft,Private room,4,2.0,1.0,2.0,Real Bed,"{TV,""Cable TV"",Wifi,""Air conditioning"",""Wheelchair accessible"",Kitchen,""Paid parking off premises"",Doorman,Elevator,""Buzzer/wireless intercom"",""Family/kid friendly"",Washer,""Smoke detector"",""Fire extinguisher"",Essentials,""Lock on bedroom door"",Hangers,Iron,""Laptop friendly workspace"",""Private entrance"",""Hot water"",""Bed linens"",""Extra pillows and blankets"",""Ethernet connection"",""Pocket wifi"",Microwave,""Coffee maker"",Refrigerator,""Dishes and silverware"",""Cooking basics"",Oven,Stove,""Luggage dropoff allowed"",""Long term stays allowed"",""Cleaning before checkout"",""Wide hallway clearance"",""Wide doorway"",""Well-lit path to entrance"",""Step-free access"",""Wide doorway"",""Wide clearance to bed"",""Accessible-height bed"",""Step-free access"",""Wide doorway"",""Accessible-height toilet"",""Wide entryway"",""Host greets you""}",$299.00,7,$50.00,2,365,7.0,t,f,strict_14_with_grace_period
697,f,1.0,-22.972671100337976,-43.18556286393829,Apartment,Entire home/apt,6,3.0,3.0,5.0,Real Bed,"{TV,""Cable TV"",Internet,Wifi,""Air conditioning"",""Wheelchair accessible"",Kitchen,Doorman,Elevator,""Buzzer/wireless intercom"",""Family/kid friendly"",Washer,Dryer,""Smoke detector"",Essentials,""24-hour check-in""}","$1,057.00",2,$220.00,3,30,13.0,f,f,strict_14_with_grace_period
698,f,1.0,-22.934144230217136,-43.18050851035272,House,Private room,2,1.0,1.0,2.0,Real Bed,"{""Cable TV"",Internet,Wifi,""Air conditioning"",Kitchen,Doorman,Breakfast,""Buzzer/wireless intercom"",""Family/kid friendly"",""Smoke detector"",""First aid kit"",""Fire extinguisher"",Essentials,""Lock on bedroom door"",""24-hour check-in""}",$109.00,1,$75.00,1,30,0.0,t,f,strict_14_with_grace_period
699,f,7.0,-22.955936488306712,-43.18349854419837,Apartment,Private room,2,1.0,1.0,1.0,Real Bed,"{TV,""Cable TV"",Internet,Wifi,""Air conditioning"",Kitchen,""Free parking on premises"",Doorman,Gym,Elevator,""Buzzer/wireless intercom"",Washer,Dryer,Essentials,Shampoo,Hangers,""Hair dryer"",Microwave,""Coffee maker"",Refrigerator,Oven,""Luggage dropoff allowed"",""Well-lit path to entrance""}",$109.00,2,$47.00,4,90,8.0,f,f,strict_14_with_grace_period
700,f,5.0,-22.96585814154324,-43.1752770959093,Apartment,Entire home/apt,6,2.0,2.0,2.0,Real Bed,"{""Cable TV"",Wifi,""Air conditioning"",Kitchen,Doorman,Elevator,""Buzzer/wireless intercom"",Washer,Iron,""Host greets you"",Beachfront}",$451.00,1,$0.00,6,1125,0.0,f,f,flexible
701,t,18.0,-22.982619098505253,-43.198187033022144,Apartment,Entire home/apt,6,2.0,3.0,4.0,Real Bed,"{TV,""Cable TV"",Internet,Wifi,""Air conditioning"",Kitchen,""Smoking allowed"",""Pets allowed"",""Buzzer/wireless intercom"",""Family/kid friendly"",Washer,Essentials,Iron}",$381.00,1,$0.00,4,1125,68.0,f,f,strict_14_with_grace_period
702,t,18.0,-22.98498644437868,-43.204833738164005,Apartment,Entire home/apt,6,2.0,3.0,4.0,Real Bed,"{TV,""Cable TV"",Internet,Wifi,""Air conditioning"",Kitchen,""Smoking allowed"",""Pets allowed"",""Buzzer/wireless intercom"",""Family/kid friendly"",Washer,Essentials,Iron}",$381.00,1,$0.00,4,1125,53.0,f,f,strict_14_with_grace_period
703,f,7.0,-22.95792820938164,-43.18197469738054,Apartment,Entire home/apt,4,2.0,2.0,3.0,Real Bed,"{TV,Internet,Wifi,""Air conditioning"",Kitchen,""Free parking on premises"",Doorman,Elevator,""Buzzer/wireless intercom"",""Family/kid friendly"",Washer,Dryer,Essentials,Shampoo,Hangers,""Hair dryer"",Iron,""Laptop friendly workspace"",""Room-darkening shades"",""Hot water"",""Long term stays allowed"",""Host greets you"",""Ski in/Ski out""}",$155.00,4,$78.00,7,180,4.0,f,f,strict_14_with_grace_period
704,t,5.0,-22.98497206250018,-43.20450267121964,House,Private room,1,1.5,1.0,1.0,Real Bed,"{Internet,Wifi,Kitchen,""Pets live on this property"",Dog(s),Cat(s),""Buzzer/wireless intercom"",""Smoke detector"",""Carbon monoxide detector"",""First aid kit"",Essentials,""Lock on bedroom door"",Hangers,""Laptop friendly workspace"",""translation missing: en.hosting_amenity_49"",""translation missing: en.hosting_amenity_50"",""Hot water"",""Bed linens"",""Extra pillows and blankets"",Microwave,""Coffee maker"",Refrigerator,""Dishes and silverware"",""Cooking basics"",Oven,""Garden or backyard"",""Wide hallway clearance"",""Host greets you"",""Paid parking on premises""}",$66.00,1,$150.00,3,50,28.0,f,f,strict_14_with_grace_period
705,t,5.0,-22.98483748861767,-43.20329240413405,House,Private room,2,1.5,1.0,2.0,Real Bed,"{Internet,Wifi,Kitchen,""Pets live on this property"",Dog(s),Cat(s),""Buzzer/wireless intercom"",""Smoke detector"",""Carbon monoxide detector"",""First aid kit"",Essentials,""Lock on bedroom door"",""24-hour check-in"",Hangers,""translation missing: en.hosting_amenity_49"",""translation missing: en.hosting_amenity_50"",""Hot water"",""Bed linens"",""Extra pillows and blankets"",Microwave,""Coffee maker"",Refrigerator,""Dishes and silverware"",""Cooking basics"",Oven,""Garden or backyard"",""Wide hallway clearance"",""Wide doorway"",""Well-lit path to entrance"",""Wide doorway"",""Wide clearance to bed"",""Accessible-height bed"",""Step-free access"",""Wide entryway"",""Host greets you"",""Handheld shower head"",""Paid parking on premises""}",$74.00,1,$150.00,3,40,10.0,f,f,strict_14_with_grace_period
706,t,5.0,-22.984179079045624,-43.20349318918477,House,Private room,2,1.5,1.0,2.0,Real Bed,"{Internet,Wifi,Kitchen,""Pets live on this property"",Dog(s),Cat(s),""Buzzer/wireless intercom"",""Smoke detector"",""Carbon monoxide detector"",""First aid kit"",Essentials,""Lock on bedroom door"",""24-hour check-in"",Hangers,""translation missing: en.hosting_amenity_49"",""translation missing: en.hosting_amenity_50"",""Hot water"",""Bed linens"",""Extra pillows and blankets"",Microwave,""Coffee maker"",Refrigerator,""Dishes and silverware"",""Cooking basics"",Oven,""Garden or backyard"",""Wide hallway clearance"",""Wide doorway"",""Well-lit path to entrance"",""Wide entryway"",""Host greets you"",""Paid parking on premises""}",$74.00,1,$150.00,3,40,22.0,f,f,strict_14_with_grace_period
707,t,5.0,-22.98491057608971,-43.20355493684101,House,Private room,2,1.0,1.0,1.0,Real Bed,"{Internet,Wifi,Kitchen,""Pets live on this property"",Dog(s),Cat(s),""Buzzer/wireless intercom"",""Smoke detector"",""Carbon monoxide detector"",""First aid kit"",Essentials,""Lock on bedroom door"",""24-hour check-in"",Hangers,""translation missing: en.hosting_amenity_49"",""translation missing: en.hosting_amenity_50"",""Hot water"",""Bed linens"",""Extra pillows and blankets"",Microwave,""Coffee maker"",Refrigerator,""Dishes and silverware"",""Cooking basics"",Oven,""Garden or backyard"",""Luggage dropoff allowed"",""Long term stays allowed"",""Host greets you"",""Paid parking on premises""}",$89.00,1,$150.00,3,20,27.0,f,f,strict_14_with_grace_period
708,t,2.0,-22.96510232230977,-43.17944595538171,Apartment,Entire home/apt,6,1.0,1.0,3.0,Real Bed,"{TV,""Cable TV"",Internet,Wifi,""Air conditioning"",""Wheelchair accessible"",Kitchen,""Paid parking off premises"",Doorman,Elevator,""Buzzer/wireless intercom"",""Family/kid friendly"",""Safety card"",Essentials,Hangers,""Hair dryer"",Iron,""Laptop friendly workspace"",""Self check-in"",Keypad,""High chair"",""Hot water"",""Long term stays allowed""}",$140.00,2,$20.00,2,365,234.0,t,f,strict_14_with_grace_period
709,f,2.0,-22.98376234663374,-43.190624197339936,Apartment,Entire home/apt,4,1.0,1.0,2.0,Real Bed,"{TV,""Air conditioning"",Kitchen,""Smoking allowed"",Doorman,Elevator,""Buzzer/wireless intercom"",""Family/kid friendly"",Washer}",$505.00,4,$505.00,1,1125,4.0,f,f,strict_14_with_grace_period
710,f,1.0,-22.95695333650543,-43.20293946428397,Apartment,Entire home/apt,2,2.0,1.0,1.0,Real Bed,"{TV,""Cable TV"",Internet,Wifi,""Air conditioning"",Kitchen,""Free street parking"",""Hot tub"",""Family/kid friendly"",Washer,Dryer,Essentials,Shampoo,Hangers,""Hair dryer"",Iron,""Laptop friendly workspace"",""Hot water"",""Host greets you""}",$431.00,2,$250.00,3,1125,2.0,f,f,flexible
711,t,3.0,-22.982821461554547,-43.18918784594853,Apartment,Entire home/apt,3,1.0,1.0,1.0,Real Bed,"{TV,""Cable TV"",Internet,Wifi,""Air conditioning"",""Wheelchair accessible"",Kitchen,Doorman,Elevator,""Buzzer/wireless intercom"",Heating,""Family/kid friendly"",Washer,Dryer,Essentials,Shampoo,""24-hour check-in"",Hangers,""Hair dryer"",Iron,""Hot water"",""Host greets you""}",$198.00,2,$28.00,3,30,12.0,f,f,strict_14_with_grace_period
712,t,1.0,-22.976242786595268,-43.18817680139422,Apartment,Entire home/apt,4,2.5,2.0,2.0,Real Bed,"{TV,""Cable TV"",Internet,Wifi,""Air conditioning"",""Wheelchair accessible"",Kitchen,""Paid parking off premises"",Doorman,Elevator,""Buzzer/wireless intercom"",""Family/kid friendly"",Washer,Dryer,""Smoke detector"",""Carbon monoxide detector"",""First aid kit"",""Safety card"",Essentials,Shampoo,""24-hour check-in"",Hangers,""Hair dryer"",Iron,""Laptop friendly workspace"",""translation missing: en.hosting_amenity_50"",""Self check-in"",Keypad,""Window guards"",""Hot water"",""Bed linens"",""Extra pillows and blankets"",Microwave,""Coffee maker"",Refrigerator,Dishwasher,""Dishes and silverware"",""Cooking basics"",Oven,Stove,""Luggage dropoff allowed"",""Wide hallway clearance"",""Step-free access"",""Well-lit path to entrance"",""Step-free access"",""Accessible-height bed"",""Step-free access"",""Step-free access"",""Handheld shower head""}",$350.00,6,$0.00,3,10,38.0,f,f,moderate
713,f,3.0,-22.93860127807725,-43.20568309632925,House,Private room,3,1.0,1.0,2.0,Real Bed,"{TV,Internet,Wifi,""Air conditioning"",""Smoking allowed"",Breakfast,""Pets live on this property"",Cat(s),""translation missing: en.hosting_amenity_49"",""translation missing: en.hosting_amenity_50""}",$163.00,1,$117.00,1,1125,68.0,f,f,strict_14_with_grace_period
715,f,8.0,-22.98192094890957,-43.19142611066128,Serviced apartment,Entire home/apt,12,4.5,5.0,8.0,Real Bed,"{TV,""Cable TV"",Internet,Wifi,""Air conditioning"",Kitchen,""Free parking on premises"",""Smoking allowed"",Doorman,Elevator,""Buzzer/wireless intercom"",""Family/kid friendly"",Washer,""Fire extinguisher"",Essentials,""24-hour check-in"",Hangers,Iron,""Laptop friendly workspace"",Crib,""Luggage dropoff allowed"",""Long term stays allowed"",Other}",$998.00,11,$100.00,2,1125,37.0,t,f,strict_14_with_grace_period
716,t,2.0,-22.98566573108657,-43.19520296173703,Apartment,Private room,2,1.0,1.0,1.0,Real Bed,"{TV,Wifi,""Air conditioning"",""Wheelchair accessible"",Doorman,Elevator,""Buzzer/wireless intercom"",Washer,Dryer,""Smoke detector"",""First aid kit"",""Fire extinguisher"",Essentials,""Lock on bedroom door"",Hangers,""Hair dryer"",Iron,""Laptop friendly workspace"",""translation missing: en.hosting_amenity_49"",""translation missing: en.hosting_amenity_50"",""Private entrance"",""Hot water"",""Bed linens"",""Extra pillows and blankets"",""Ethernet connection"",""Wide hallway clearance"",""Step-free access"",""Wide doorway"",""Well-lit path to entrance""}",$89.00,1,$50.00,3,90,59.0,t,f,strict_14_with_grace_period
717,f,1.0,-22.96902651968584,-43.18296742219946,Apartment,Private room,4,1.0,1.0,2.0,Real Bed,"{TV,Wifi,""Air conditioning"",Kitchen,Doorman,Elevator,Washer,""Smoke detector"",""Safety card"",""Fire extinguisher""}",$167.00,1,$0.00,7,15,0.0,f,f,strict_14_with_grace_period
718,f,4.0,-22.97573094088148,-43.1982443711979,Apartment,Entire home/apt,4,1.5,2.0,3.0,Real Bed,"{TV,""Cable TV"",Wifi,""Air conditioning"",Kitchen,Doorman,Elevator,""Free street parking"",""Family/kid friendly"",Washer,Essentials,Hangers,Iron,""Laptop friendly workspace"",""Self check-in"",""Building staff"",""Children’s books and toys"",""Hot water"",""Luggage dropoff allowed"",""Long term stays allowed""}",$657.00,5,$304.00,4,30,1.0,f,f,moderate
720,f,1.0,-22.922837637492524,-43.17644159509964,Guesthouse,Entire home/apt,2,1.0,1.0,1.0,Real Bed,"{TV,""Cable TV"",Internet,Wifi,""Air conditioning"",""Wheelchair accessible"",Kitchen,""Smoking allowed"",Doorman,Elevator,""Buzzer/wireless intercom"",""Family/kid friendly"",""Suitable for events"",Washer,Dryer,""First aid kit"",""Fire extinguisher"",Essentials,Shampoo,""24-hour check-in"",""Hair dryer"",""Laptop friendly workspace"",""translation missing: en.hosting_amenity_50""}",$299.00,4,$0.00,7,30,0.0,t,f,flexible
721,f,2.0,-22.92715057138353,-43.17594834083318,Apartment,Private room,2,3.0,1.0,1.0,Real Bed,"{TV,Internet,Wifi,Kitchen,""Smoking allowed"",Doorman,""Pets live on this property"",Cat(s),Elevator,""Buzzer/wireless intercom"",Washer,""First aid kit"",""Fire extinguisher"",Essentials,Shampoo,""24-hour check-in"",Hangers,""Hair dryer"",Iron}",$51.00,1,$38.00,3,1125,3.0,f,f,moderate
722,f,61.0,-23.005621928021675,-43.32815267786658,Apartment,Entire home/apt,4,1.5,2.0,2.0,Real Bed,"{TV,""Cable TV"",Wifi,""Air conditioning"",Pool,Kitchen,""Paid parking off premises"",Doorman,Gym,Elevator,""Free street parking"",""Hot tub"",""Family/kid friendly"",Washer,""Smoke detector"",""Fire extinguisher"",Essentials,Hangers,""Hair dryer"",Iron,""Laptop friendly workspace"",""High chair"",""Pack ’n Play/travel crib"",""Hot water"",""Luggage dropoff allowed"",""Host greets you""}",$971.00,1,$0.00,4,90,1.0,f,f,strict_14_with_grace_period
723,f,1.0,-22.97805635487111,-43.19111027633554,Apartment,Entire home/apt,4,1.0,1.0,4.0,Real Bed,"{TV,""Cable TV"",Internet,Wifi,""Air conditioning"",""Wheelchair accessible"",Kitchen,""Paid parking off premises"",""Smoking allowed"",Doorman,Elevator,""Buzzer/wireless intercom"",""Family/kid friendly"",""Fire extinguisher"",Essentials,""24-hour check-in"",Hangers,Iron,""Laptop friendly workspace"",""Self check-in"",""Building staff"",""High chair"",""Room-darkening shades"",""Hot water"",Microwave,""Coffee maker"",Refrigerator,""Dishes and silverware"",""Cooking basics"",Stove,""Luggage dropoff allowed"",""Long term stays allowed"",""Paid parking on premises""}",$152.00,2,$16.00,2,1125,125.0,f,f,strict_14_with_grace_period
724,f,11.0,-22.981913739549032,-43.193657010213975,Apartment,Entire home/apt,4,1.0,1.0,2.0,Real Bed,"{TV,Internet,Wifi,""Air conditioning"",Kitchen,""Fire extinguisher"",Essentials,Shampoo,Hangers,""Hair dryer"",Iron,""translation missing: en.hosting_amenity_49"",""translation missing: en.hosting_amenity_50"",""Hot water"",""Luggage dropoff allowed"",""Long term stays allowed"",""Host greets you"",""Paid parking on premises""}",$148.00,2,$70.00,3,90,32.0,t,f,strict_14_with_grace_period
725,f,1.0,-22.98827289734693,-43.19375875489366,Apartment,Entire home/apt,6,3.0,2.0,4.0,Real Bed,"{TV,""Cable TV"",Wifi,""Air conditioning"",Pool,Kitchen,""Free parking on premises"",""Smoking allowed"",Doorman,Gym,Elevator,""Hot tub"",""Buzzer/wireless intercom"",""Family/kid friendly"",Washer,Hangers,Iron,""translation missing: en.hosting_amenity_50""}","$2,331.00",1,$0.00,3,60,8.0,f,f,strict_14_with_grace_period
726,f,12.0,-23.00694807727352,-43.59589356647719,Apartment,Entire home/apt,4,4.0,4.0,4.0,Real Bed,"{TV,""Air conditioning"",""Wheelchair accessible"",Pool,Kitchen,""Free parking on premises"",""Smoking allowed"",""Pets allowed"",Doorman,Gym,Elevator,""Buzzer/wireless intercom"",""Family/kid friendly"",Washer}",$552.00,5,$150.00,3,1125,1.0,f,f,moderate
727,f,2.0,-22.97433634246824,-43.18829729959148,Apartment,Entire home/apt,4,1.0,1.0,1.0,Real Bed,"{TV,""Cable TV"",Internet,Wifi,""Air conditioning"",Kitchen,Doorman,Elevator,""Buzzer/wireless intercom"",""Family/kid friendly"",Washer,Hangers,""Hair dryer"",Iron,""Laptop friendly workspace"",Microwave,""Coffee maker"",Refrigerator,""Dishes and silverware"",""Cooking basics"",Oven,Stove}",$144.00,3,$50.00,2,1125,22.0,f,f,strict_14_with_grace_period
728,f,22.0,-22.91446848620384,-43.18480127763949,Apartment,Entire home/apt,2,1.0,0.0,1.0,Real Bed,"{TV,""Cable TV"",Internet,Wifi,""Air conditioning"",Kitchen,""Pets allowed"",Doorman,Elevator,""Buzzer/wireless intercom"",""Family/kid friendly"",Essentials,""Hair dryer"",Iron,""Self check-in"",Lockbox,""Hot water"",""Bed linens""}",$85.00,2,$0.00,2,60,47.0,t,f,strict_14_with_grace_period
729,f,30.0,-22.96853239153819,-43.183267988183815,Apartment,Entire home/apt,4,1.0,1.0,1.0,Real Bed,"{TV,""Air conditioning"",Kitchen,""Paid parking off premises"",Doorman,Elevator,""Buzzer/wireless intercom"",""Family/kid friendly"",Essentials,Hangers,Iron,""Hot water"",""Host greets you""}",$249.00,2,$0.00,4,30,1.0,f,f,strict_14_with_grace_period
730,f,1.0,-23.004920706787185,-43.30445157322609,House,Entire home/apt,14,7.0,5.0,9.0,Real Bed,"{TV,""Cable TV"",Internet,Wifi,""Air conditioning"",Pool,Kitchen,""Free parking on premises"",""Smoking allowed"",""Pets allowed"",Doorman,""Hot tub"",""Buzzer/wireless intercom"",""Family/kid friendly"",""Suitable for events"",Washer}","$2,001.00",1,$0.00,3,1125,15.0,f,f,strict_14_with_grace_period
731,f,1.0,-22.986015624825693,-43.207513901823646,Apartment,Entire home/apt,6,2.0,3.0,4.0,Real Bed,"{TV,""Cable TV"",Internet,Wifi,""Air conditioning"",Kitchen,""Free parking on premises"",""Smoking allowed"",Doorman,Elevator,""Family/kid friendly"",Washer,Hangers,""Hair dryer"",Iron,""Self check-in"",""Building staff""}",$598.00,4,$0.00,3,14,2.0,f,f,strict_14_with_grace_period
732,f,1.0,-22.960817815468896,-43.16616031623486,Apartment,Entire home/apt,7,2.0,2.0,2.0,Real Bed,"{TV,""Cable TV"",Wifi,""Air conditioning"",Kitchen,Elevator,""Free street parking"",Heating,""Family/kid friendly"",""Smoke detector"",""Carbon monoxide detector"",""First aid kit"",""Fire extinguisher"",Essentials,Shampoo,""Lock on bedroom door"",Hangers,""Hair dryer"",Iron,""Laptop friendly workspace"",""Self check-in"",""Smart lock"",""Private living room"",""Baby monitor"",""Children’s books and toys"",""Window guards"",""Babysitter recommendations"",""Room-darkening shades"",""Children’s dinnerware"",""Hot water"",""Bed linens"",""Extra pillows and blankets"",""Ethernet connection"",Microwave,""Coffee maker"",Refrigerator,Dishwasher,""Dishes and silverware"",""Cooking basics"",Oven,Stove,""Beach essentials"",""Luggage dropoff allowed"",""Long term stays allowed"",""Wide hallway clearance"",""Wide doorway"",""Flat path to front door"",""Well-lit path to entrance"",""Step-free access"",""Step-free access"",""Accessible-height toilet"",""Step-free access"",""Wide entryway"",""Handheld shower head""}","$1,441.00",2,$75.00,1,1125,7.0,f,f,strict_14_with_grace_period
733,f,2.0,-22.95258207593168,-43.19328559239458,Apartment,Entire home/apt,6,3.0,2.0,2.0,Real Bed,"{TV,""Cable TV"",Internet,Wifi,""Air conditioning"",Kitchen,""Family/kid friendly"",Washer}",$995.00,1,$0.00,5,30,1.0,f,f,strict_14_with_grace_period
734,t,4.0,-22.937443166780728,-43.177555708139295,Hostel,Private room,2,1.0,1.0,1.0,Real Bed,"{TV,""Air conditioning"",Elevator,""Fire extinguisher""}",$152.00,1,$0.00,2,30,11.0,f,f,strict_14_with_grace_period
735,f,3.0,-22.963803831190624,-43.17137399121005,Apartment,Entire home/apt,3,1.0,1.0,1.0,Real Bed,"{TV,""Cable TV"",Internet,Wifi,Kitchen,Doorman,Elevator,""Buzzer/wireless intercom"",""Family/kid friendly""}",$299.00,1,$0.00,1,30,4.0,f,f,flexible
736,f,6.0,-22.95963177895721,-43.171022948726375,Bed and breakfast,Private room,5,0.5,1.0,5.0,Real Bed,"{TV,Wifi,Kitchen,""Smoking allowed"",""Pets allowed"",Breakfast,""Pets live on this property"",Dog(s),Cat(s),""Family/kid friendly"",""Suitable for events"",Washer,Hangers,""Hair dryer"",Iron,""Hot water"",""Bed linens"",""Extra pillows and blankets""}",$93.00,2,$75.00,2,60,62.0,f,f,strict_14_with_grace_period
737,f,1.0,-22.93425484025661,-43.17733012689347,Apartment,Private room,2,1.0,1.0,2.0,Real Bed,"{Internet,Wifi,""Air conditioning"",Kitchen,Doorman,""Pets live on this property"",Cat(s),Elevator,""Buzzer/wireless intercom"",Washer,""Lock on bedroom door"",Hangers,""Hair dryer"",Iron}",$249.00,2,$100.00,3,15,7.0,f,f,strict_14_with_grace_period
738,f,1.0,-22.91903260752,-43.18723669355376,Bed and breakfast,Private room,2,1.0,1.0,1.0,Real Bed,"{""Cable TV"",Wifi,""Air conditioning"",""Free parking on premises"",""Smoking allowed"",Breakfast,""Pets live on this property"",Dog(s),""Family/kid friendly""}",$249.00,1,$0.00,1,1125,0.0,f,f,flexible
739,f,3.0,-22.976898741405613,-43.188383002453925,Apartment,Entire home/apt,5,1.0,1.0,2.0,Real Bed,"{TV,""Cable TV"",""Air conditioning"",""Wheelchair accessible"",Kitchen,""Smoking allowed"",Doorman,Elevator,""Buzzer/wireless intercom"",""Family/kid friendly""}",$528.00,1,$0.00,10,365,1.0,f,f,strict_14_with_grace_period
740,f,2.0,-22.97896329922995,-43.20207430227296,Apartment,Entire home/apt,7,3.0,3.0,7.0,Real Bed,"{TV,""Cable TV"",Internet,Wifi,""Air conditioning"",Kitchen,""Smoking allowed"",Doorman,Elevator,""Indoor fireplace"",""Buzzer/wireless intercom"",""Family/kid friendly"",Washer}","$1,554.00",1,$0.00,1,1125,0.0,f,f,strict_14_with_grace_period
741,f,3.0,-22.96231325323149,-43.16671046069005,Apartment,Entire home/apt,4,2.0,2.0,2.0,Real Bed,"{TV,""Cable TV"",Wifi,""Air conditioning"",Kitchen,Doorman,Elevator,Washer,Essentials,Hangers,""Laptop friendly workspace"",""Children’s books and toys"",""Hot water"",""Long term stays allowed"",""Host greets you""}",$350.00,1,$50.00,5,100,17.0,f,f,strict_14_with_grace_period
742,f,41.0,-23.011626272823577,-43.391480840134975,Apartment,Entire home/apt,5,1.0,1.0,2.0,Real Bed,"{TV,""Cable TV"",Internet,""Air conditioning"",Pool,Kitchen,""Free parking on premises"",Doorman,Gym,Elevator,""Family/kid friendly""}",$350.00,1,$0.00,1,1125,3.0,f,f,strict_14_with_grace_period
743,f,1.0,-22.98617018484745,-43.22266966731686,Apartment,Entire home/apt,4,1.0,2.0,2.0,Real Bed,"{TV,""Cable TV"",Wifi,""Air conditioning"",Kitchen,""Paid parking off premises"",""Smoking allowed"",""Pets allowed"",Doorman,Elevator,""Hot tub"",""Buzzer/wireless intercom"",""Family/kid friendly"",Washer,Dryer,""Fire extinguisher"",Shampoo,Hangers,""Hair dryer"",Iron,""Laptop friendly workspace"",""Hot water"",""Luggage dropoff allowed"",""Host greets you""}",$400.00,4,$0.00,5,1125,6.0,f,f,strict_14_with_grace_period
744,f,1.0,-23.005293198451948,-43.36863372261396,Apartment,Entire home/apt,6,2.0,3.0,3.0,Real Bed,"{TV,""Cable TV"",Wifi,""Air conditioning"",""Wheelchair accessible"",Pool,Kitchen,""Free parking on premises"",""Smoking allowed"",Doorman,Elevator,""Buzzer/wireless intercom"",""Family/kid friendly"",Washer,Dryer,Essentials,Shampoo,""24-hour check-in"",Hangers,""Hair dryer"",Iron,""Laptop friendly workspace""}",$975.00,1,$0.00,7,1125,1.0,f,f,strict_14_with_grace_period
745,f,5.0,-22.98015667684893,-43.199279522221616,Apartment,Entire home/apt,12,3.0,3.0,8.0,Real Bed,"{TV,""Cable TV"",Internet,Wifi,""Air conditioning"",""Wheelchair accessible"",Kitchen,""Free parking on premises"",""Smoking allowed"",Doorman,Elevator,""Buzzer/wireless intercom"",""Family/kid friendly"",Washer,Essentials,""24-hour check-in"",Hangers,""Laptop friendly workspace""}",$699.00,1,$0.00,1,1000,17.0,f,f,strict_14_with_grace_period
746,f,1.0,-22.931905936755108,-43.17849823549465,Apartment,Private room,2,1.0,1.0,1.0,Real Bed,"{TV,""Cable TV"",Wifi,""Air conditioning"",""Wheelchair accessible"",Kitchen,""Smoking allowed"",Doorman,Elevator,""Buzzer/wireless intercom"",Washer,Essentials,Shampoo,""Lock on bedroom door"",Iron,""Bed linens""}",$140.00,1,$0.00,1,30,163.0,f,f,strict_14_with_grace_period
747,f,5.0,-22.98469511788779,-43.20500218955082,House,Private room,2,2.0,1.0,1.0,Real Bed,"{TV,""Cable TV"",Wifi,""Air conditioning"",Kitchen,""Smoking allowed"",""Pets allowed"",Breakfast,""Pets live on this property"",Cat(s),""Family/kid friendly"",Washer,""First aid kit"",""Fire extinguisher"",Essentials,Shampoo,""Lock on bedroom door"",Hangers,""Hot water"",""Bed linens"",""Extra pillows and blankets"",Microwave,""Coffee maker"",Refrigerator,""Dishes and silverware"",""Cooking basics"",Stove,""Long term stays allowed""}",$101.00,1,$200.00,2,30,26.0,f,f,moderate
748,t,5.0,-22.981758045316983,-43.204264803764296,Loft,Entire home/apt,2,1.0,1.0,1.0,Pull-out Sofa,"{TV,""Cable TV"",Internet,Wifi,""Air conditioning"",Kitchen,""Paid parking off premises"",Elevator,""Free street parking"",Heating,""Family/kid friendly"",""Smoke detector"",""Carbon monoxide detector"",""First aid kit"",""Fire extinguisher"",Essentials,Shampoo,""Lock on bedroom door"",Hangers,""Hair dryer"",Iron,""Laptop friendly workspace"",""Self check-in"",Lockbox,""Private living room"",""Window guards"",""Fireplace guards"",""Babysitter recommendations"",""Room-darkening shades"",""Hot water"",""Bed linens"",""Extra pillows and blankets"",""Ethernet connection"",Microwave,""Coffee maker"",Refrigerator,""Dishes and silverware"",""Cooking basics"",Stove,""Single level home"",""Long term stays allowed"",""Wide doorway"",""Flat path to front door"",""Well-lit path to entrance"",""Step-free access"",""Step-free access"",""Wide entryway""}",$93.00,2,$91.00,1,365,229.0,t,f,strict_14_with_grace_period
749,f,2.0,-22.98531591481025,-43.22462136375926,Apartment,Entire home/apt,5,2.0,2.0,3.0,Real Bed,"{TV,""Cable TV"",Internet,Wifi,""Air conditioning"",Kitchen,Doorman,Elevator,""Buzzer/wireless intercom"",""Family/kid friendly"",Washer,Dryer,Essentials,Shampoo,""24-hour check-in"",Hangers,""Hair dryer"",Iron,""Laptop friendly workspace""}",$299.00,1,$0.00,2,90,21.0,f,f,moderate
750,f,6.0,-22.96035260691905,-43.1709126478554,Bed and breakfast,Private room,2,0.5,1.0,1.0,Real Bed,"{TV,Wifi,Kitchen,""Smoking allowed"",""Pets allowed"",Breakfast,""Pets live on this property"",Dog(s),Cat(s),""Family/kid friendly"",""Suitable for events"",Washer,Essentials,Hangers,""Hair dryer"",Iron,""Hot water"",""Bed linens"",""Extra pillows and blankets""}",$93.00,1,$0.00,2,60,153.0,f,f,strict_14_with_grace_period
751,f,3.0,-22.97019920064321,-43.18700086762209,Apartment,Entire home/apt,3,1.0,1.0,1.0,Real Bed,"{TV,""Cable TV"",Internet,Wifi,""Air conditioning"",Kitchen,""Pets allowed"",Doorman,""Family/kid friendly""}",$152.00,1,$0.00,3,100,4.0,f,f,strict_14_with_grace_period
752,f,3.0,-22.967599051832757,-43.18377527046577,Apartment,Entire home/apt,4,1.0,1.0,1.0,Real Bed,"{TV,""Cable TV"",Internet,Wifi,""Air conditioning"",Kitchen,Doorman,Elevator,""Buzzer/wireless intercom"",""Family/kid friendly"",Essentials,""Hair dryer"",""Hot water"",""Host greets you"",""Paid parking on premises""}",$171.00,2,$30.00,5,26,11.0,f,f,strict_14_with_grace_period
753,f,7.0,-22.957351203615502,-43.18212493681053,Apartment,Private room,2,1.0,1.0,1.0,Real Bed,"{TV,Internet,Wifi,Kitchen,""Free parking on premises"",Doorman,Elevator,""Hot tub"",""Buzzer/wireless intercom"",Washer,Dryer}",$136.00,2,$19.00,5,90,8.0,f,f,strict_14_with_grace_period
754,f,5.0,-22.935821064622303,-43.19833006453685,Bed and breakfast,Private room,4,1.0,1.0,1.0,Real Bed,"{TV,""Cable TV"",Internet,Wifi,Kitchen,""Free parking on premises"",Breakfast,""Family/kid friendly""}",$225.00,2,$82.00,1,1125,57.0,f,f,strict_14_with_grace_period
755,t,2.0,-22.98261276789659,-43.22565475392028,Apartment,Entire home/apt,2,1.0,1.0,1.0,Real Bed,"{TV,""Cable TV"",Wifi,""Air conditioning"",""Smoking allowed"",""Pets allowed"",""Family/kid friendly"",""Suitable for events"",""Luggage dropoff allowed"",""Long term stays allowed"",""Host greets you""}",$190.00,2,$50.00,2,1125,41.0,f,f,strict_14_with_grace_period
756,f,1.0,-22.918683904067173,-43.18692607493666,House,Entire home/apt,3,1.0,1.0,2.0,Real Bed,"{""Cable TV"",Internet,Wifi,Kitchen,""Smoking allowed"",""Pets allowed"",Washer}",$152.00,1,$50.00,7,30,0.0,f,f,strict_14_with_grace_period
757,f,4.0,-22.96565906709948,-43.18711964896524,Apartment,Private room,2,2.0,1.0,2.0,Real Bed,"{TV,""Cable TV"",Wifi,Kitchen,""Smoking allowed"",Doorman,Elevator,""Buzzer/wireless intercom"",Washer}",$120.00,1,$0.00,3,60,1.0,f,f,strict_14_with_grace_period
758,t,3.0,-22.974360694801888,-43.189653627225326,Apartment,Entire home/apt,5,1.5,2.0,4.0,Real Bed,"{TV,""Cable TV"",Internet,Wifi,""Air conditioning"",""Wheelchair accessible"",Kitchen,""Paid parking off premises"",Doorman,""Buzzer/wireless intercom"",""Family/kid friendly"",Washer,""Smoke detector"",""Carbon monoxide detector"",""First aid kit"",""Fire extinguisher"",Essentials,Shampoo,""24-hour check-in"",Hangers,""Hair dryer"",Iron,""Laptop friendly workspace"",""Private entrance"",""Room-darkening shades"",""Hot water"",""Bed linens"",""Extra pillows and blankets"",""Ethernet connection"",""Pocket wifi"",Microwave,""Coffee maker"",Refrigerator,""Dishes and silverware"",""Cooking basics"",Oven,Stove,""Long term stays allowed"",""Cleaning before checkout"",""Host greets you""}",$148.00,2,$20.00,3,1124,43.0,f,f,strict_14_with_grace_period
759,f,6.0,-22.91939667297624,-43.188280800341616,Bed and breakfast,Private room,3,2.0,1.0,1.0,Real Bed,"{Internet,Wifi,""Smoking allowed"",Breakfast,""Family/kid friendly"",Washer}",$85.00,1,$40.00,1,180,30.0,f,f,strict_14_with_grace_period
760,f,4.0,-22.97375229553033,-43.19997119875581,Apartment,Private room,2,1.0,1.0,1.0,Real Bed,"{TV,""Cable TV"",Wifi,""Air conditioning"",Kitchen,Doorman,Elevator,""Free street parking"",""Buzzer/wireless intercom"",""Family/kid friendly"",Washer,Essentials,Shampoo,""Hair dryer"",Iron,""Self check-in"",""Building staff"",""Private entrance"",""Hot water""}",$423.00,2,$222.00,2,10,0.0,f,f,moderate
761,f,4.0,-22.97406568107249,-43.199763359276034,Apartment,Private room,2,1.5,1.0,1.0,Real Bed,"{TV,""Cable TV"",Wifi,""Air conditioning"",Kitchen,Doorman,Elevator,""Buzzer/wireless intercom"",Washer,Shampoo}",$591.00,2,$152.00,3,30,1.0,f,f,moderate
762,f,1.0,-22.974945084626217,-43.22555975041441,Apartment,Private room,1,1.0,1.0,1.0,Real Bed,"{TV,""Cable TV"",Internet,Wifi,""Air conditioning"",Kitchen,""Smoking allowed"",Washer,Essentials}",$291.00,1,$0.00,1,1125,0.0,f,f,flexible
763,t,1.0,-22.986456742762908,-43.19865813052844,Apartment,Entire home/apt,3,1.0,1.0,2.0,Real Bed,"{TV,""Cable TV"",Internet,Wifi,""Air conditioning"",Kitchen,""Paid parking off premises"",Doorman,Elevator,""Buzzer/wireless intercom"",Essentials,Hangers,""Hair dryer"",""Laptop friendly workspace"",""Self check-in"",""Building staff"",""Hot water"",Microwave,""Coffee maker"",Refrigerator,""Dishes and silverware"",""Cooking basics"",Stove,""Luggage dropoff allowed""}",$202.00,1,$0.00,3,90,136.0,f,f,strict_14_with_grace_period
765,t,8.0,-22.98625885576056,-43.19006033035018,Apartment,Entire home/apt,9,3.0,3.0,8.0,Real Bed,"{TV,""Cable TV"",Internet,Wifi,""Air conditioning"",Kitchen,""Paid parking off premises"",Doorman,Elevator,""Family/kid friendly"",Washer,""Smoke detector"",""Carbon monoxide detector"",""Fire extinguisher"",Essentials,Shampoo,""24-hour check-in"",Hangers,""Hair dryer"",Iron,""Laptop friendly workspace"",""Self check-in"",""Building staff"",""Pack ’n Play/travel crib"",""Room-darkening shades"",""Hot water"",""Bed linens"",""Extra pillows and blankets"",Microwave,""Coffee maker"",Refrigerator,""Dishes and silverware"",""Cooking basics"",Oven,Stove,""Luggage dropoff allowed""}",$346.00,4,$52.00,3,1125,122.0,t,f,moderate
766,f,4.0,-22.985275794186144,-43.20506006465334,Apartment,Entire home/apt,4,1.5,2.0,4.0,Real Bed,"{TV,""Cable TV"",Internet,Wifi,""Air conditioning"",Kitchen,""Paid parking off premises"",""Smoking allowed"",Doorman,Elevator,""Free street parking"",""Buzzer/wireless intercom"",""Family/kid friendly"",Washer,Essentials,Shampoo,Hangers,""Hair dryer"",Iron,""Laptop friendly workspace"",""Self check-in"",""Building staff"",""Private entrance"",""Hot water"",""Bed linens"",""Extra pillows and blankets"",Microwave,""Coffee maker"",Refrigerator,""Dishes and silverware"",""Cooking basics"",Oven,Stove,""Luggage dropoff allowed"",""Long term stays allowed""}",$284.00,3,$50.00,3,89,143.0,t,f,strict_14_with_grace_period
767,f,3.0,-22.9358373939737,-43.2012125189223,House,Private room,3,1.0,1.0,2.0,Real Bed,"{Internet,Wifi,""Air conditioning"",""Smoking allowed"",Breakfast,""Family/kid friendly""}",$163.00,1,$155.00,1,1125,0.0,f,f,strict_14_with_grace_period
768,f,3.0,-22.93896871760821,-43.206338442083776,House,Private room,3,1.0,1.0,2.0,Real Bed,"{Internet,Wifi,""Smoking allowed"",Breakfast,""Pets live on this property"",Cat(s),""Family/kid friendly"",""Suitable for events""}",$163.00,1,$117.00,1,1125,29.0,f,f,strict_14_with_grace_period
769,f,1.0,-23.01180956279059,-43.3029626652824,Apartment,Entire home/apt,2,1.0,1.0,1.0,Real Bed,"{TV,""Cable TV"",Internet,Wifi,""Air conditioning"",Kitchen,""Free parking on premises"",Doorman,Elevator,""Buzzer/wireless intercom"",Washer}",$400.00,1,$0.00,3,365,15.0,f,f,moderate
770,f,3.0,-22.923981099522447,-43.17404154100255,House,Entire home/apt,4,1.0,2.0,4.0,Real Bed,"{""Cable TV"",Wifi,""Air conditioning"",""Wheelchair accessible"",Pool,Kitchen,""Smoking allowed"",""Family/kid friendly"",Washer}",$385.00,5,$233.00,3,5,5.0,t,f,strict_14_with_grace_period
771,f,1.0,-22.98366117428239,-43.21729685165905,Apartment,Entire home/apt,8,1.5,3.0,4.0,Real Bed,"{TV,""Cable TV"",Internet,Wifi,""Air conditioning"",""Wheelchair accessible"",Kitchen,""Paid parking off premises"",""Smoking allowed"",Doorman,Elevator,""Free street parking"",""Buzzer/wireless intercom"",""Family/kid friendly"",Washer,""Hair dryer"",Iron,""Self check-in"",""Building staff"",""Hot water""}",$692.00,6,$150.00,3,90,20.0,f,f,strict_14_with_grace_period
772,t,1.0,-22.9799446740592,-43.190468288793575,Apartment,Entire home/apt,4,2.5,2.0,2.0,Real Bed,"{TV,""Cable TV"",Internet,Wifi,""Air conditioning"",Kitchen,""Paid parking off premises"",""Smoking allowed"",Doorman,Elevator,""Buzzer/wireless intercom"",""Family/kid friendly"",Washer,""Smoke detector"",""First aid kit"",""Safety card"",Essentials,Shampoo,Hangers,""Hair dryer"",Iron,""Laptop friendly workspace"",""translation missing: en.hosting_amenity_49"",""Self check-in"",""Building staff"",""Hot water"",""Bed linens"",""Extra pillows and blankets"",""Ethernet connection"",Microwave,""Coffee maker"",Refrigerator,""Dishes and silverware"",""Cooking basics"",Oven,Stove,""Luggage dropoff allowed"",""Long term stays allowed"",""Host greets you"",Beachfront}",$330.00,4,$0.00,7,60,43.0,f,f,moderate
773,f,4.0,-22.94046635067171,-43.20417424681109,House,Entire home/apt,4,1.0,1.0,2.0,Real Bed,"{TV,""Cable TV"",Wifi,""Air conditioning"",Kitchen,""Free parking on premises"",""Pets live on this property"",""Family/kid friendly"",Washer,""Smoke detector"",""Carbon monoxide detector"",""First aid kit"",""Safety card"",Essentials,Shampoo,Hangers,""Hair dryer"",""Laptop friendly workspace""}",$93.00,2,$85.00,2,9999,40.0,f,f,strict_14_with_grace_period
774,f,3.0,-22.943520378098462,-43.20530877167033,Bungalow,Entire home/apt,2,1.0,1.0,1.0,Real Bed,"{Wifi,Kitchen,""Free parking on premises"",""Smoking allowed"",""Pets live on this property"",Dog(s),Essentials,""24-hour check-in"",Hangers,Iron,""Laptop friendly workspace"",""translation missing: en.hosting_amenity_49"",""translation missing: en.hosting_amenity_50"",""Hot water"",""Long term stays allowed"",""Host greets you""}",$109.00,2,$30.00,3,1124,1.0,f,f,flexible
775,f,1.0,-22.96511969559235,-43.17608398236767,Apartment,Entire home/apt,4,1.0,1.0,2.0,Real Bed,"{TV,""Cable TV"",Internet,Wifi,""Air conditioning"",Kitchen,Doorman,Elevator,""Buzzer/wireless intercom"",""Family/kid friendly"",Washer,Dryer,Hangers,""Hair dryer"",Iron,""Laptop friendly workspace"",""Self check-in"",""Building staff""}",$152.00,2,$0.00,2,1125,36.0,f,f,strict_14_with_grace_period
776,t,2.0,-22.985005464416044,-43.19060896271906,Apartment,Private room,2,1.0,1.0,2.0,Real Bed,"{""Cable TV"",Wifi,""Air conditioning"",Kitchen,Doorman,Elevator,Essentials,Hangers,""Hair dryer"",""Laptop friendly workspace"",""translation missing: en.hosting_amenity_49"",""translation missing: en.hosting_amenity_50""}",$82.00,1,$50.00,3,365,47.0,f,f,moderate
777,t,3.0,-22.95193274906541,-43.16765352145583,House,Entire home/apt,6,1.0,2.0,5.0,Real Bed,"{TV,""Cable TV"",Internet,Wifi,""Air conditioning"",Kitchen,""Smoking allowed"",""Free street parking"",""Buzzer/wireless intercom"",""Family/kid friendly"",Washer,Essentials,""24-hour check-in"",Hangers,""Hair dryer"",Iron,""Laptop friendly workspace"",""Hot water"",""Bed linens"",""Extra pillows and blankets"",Microwave,""Coffee maker"",Refrigerator,Dishwasher,""Dishes and silverware"",""Cooking basics"",Oven,Stove,""Single level home"",""BBQ grill"",""Garden or backyard"",""Luggage dropoff allowed"",""Long term stays allowed"",""Host greets you""}",$268.00,4,$117.00,4,360,16.0,f,f,strict_14_with_grace_period
778,t,5.0,-22.9630618388922,-43.171432832377626,Apartment,Entire home/apt,4,1.0,2.0,3.0,Real Bed,"{TV,""Cable TV"",Wifi,""Air conditioning"",Kitchen,""Paid parking off premises"",""Smoking allowed"",Doorman,Elevator,""Free street parking"",""Buzzer/wireless intercom"",""Family/kid friendly"",Essentials,Hangers,""Hair dryer"",Iron,""Laptop friendly workspace"",""Hot water"",""Luggage dropoff allowed"",""Host greets you""}",$699.00,4,$100.00,5,800,0.0,f,f,strict_14_with_grace_period
779,t,3.0,-22.982259671014383,-43.19391374053648,Apartment,Entire home/apt,3,1.0,0.0,1.0,Real Bed,"{TV,""Cable TV"",Internet,Wifi,""Air conditioning"",Kitchen,Doorman,Elevator,""Buzzer/wireless intercom"",""Family/kid friendly"",Essentials,Iron}",$105.00,1,$0.00,4,90,65.0,t,f,strict_14_with_grace_period
780,f,1.0,-22.984992040751557,-43.22166036306546,Apartment,Entire home/apt,4,1.5,1.0,2.0,Real Bed,"{TV,""Cable TV"",Internet,Wifi,""Air conditioning"",""Wheelchair accessible"",Kitchen,""Smoking allowed"",Doorman,Elevator,""Buzzer/wireless intercom"",""Family/kid friendly"",Washer,Essentials}","$1,146.00",2,$389.00,3,90,1.0,f,f,strict_14_with_grace_period
781,t,5.0,-22.96236348966097,-43.17118230739118,Apartment,Entire home/apt,6,1.5,3.0,5.0,Real Bed,"{TV,""Cable TV"",Wifi,""Air conditioning"",""Wheelchair accessible"",Kitchen,Doorman,Elevator,""Free street parking"",""Buzzer/wireless intercom"",""Family/kid friendly"",Washer,Dryer,""Smoke detector"",""First aid kit"",""Fire extinguisher"",Essentials,Shampoo,""24-hour check-in"",Hangers,""Hair dryer"",Iron,""Laptop friendly workspace"",""Self check-in"",""Building staff"",""Pack ’n Play/travel crib"",""Hot water"",""Luggage dropoff allowed"",""Long term stays allowed""}",$377.00,6,$0.00,3,180,96.0,f,f,moderate
782,f,1.0,-22.918848243577624,-43.18177606694152,Apartment,Entire home/apt,4,1.0,1.0,1.0,Real Bed,"{""Cable TV"",Wifi,""Air conditioning"",Kitchen,Doorman,Elevator,""Buzzer/wireless intercom"",""Family/kid friendly"",Washer,Essentials,Shampoo,Iron,""Laptop friendly workspace"",""translation missing: en.hosting_amenity_50""}",$280.00,2,$75.00,3,25,2.0,f,f,strict_14_with_grace_period
783,f,6.0,-22.91548649595666,-43.190106259710895,Boutique hotel,Private room,2,1.0,1.0,1.0,Real Bed,"{""Cable TV"",Wifi,""Air conditioning"",""Paid parking off premises"",""Smoking allowed"",""Pets allowed"",Breakfast,""Pets live on this property"",Dog(s),""Free street parking"",""Hot tub"",""Suitable for events"",Washer,Essentials,Shampoo,Hangers,""Hair dryer"",Iron,""Hot water"",""Host greets you""}",$221.00,1,$154.00,3,20,4.0,f,f,strict_14_with_grace_period
784,f,3.0,-22.936784432983718,-43.18454300266258,Apartment,Private room,1,2.0,1.0,1.0,Real Bed,"{TV,""Cable TV"",Internet,Wifi,""Air conditioning"",""Wheelchair accessible"",Kitchen,""Smoking allowed"",""Pets allowed"",Doorman,Breakfast,Elevator,""Buzzer/wireless intercom"",""Family/kid friendly"",Washer,""Fire extinguisher"",Essentials,Shampoo,""Lock on bedroom door"",""Hair dryer"",Iron,""Laptop friendly workspace"",""Private entrance"",""Hot water"",""Host greets you""}",$39.00,1,$0.00,3,1125,38.0,f,f,flexible
785,f,2.0,-22.980711710567945,-43.22170652360285,Apartment,Entire home/apt,6,2.0,3.0,3.0,Real Bed,"{Internet,Wifi,""Air conditioning"",""Wheelchair accessible"",Kitchen,""Free parking on premises"",""Smoking allowed"",Doorman,Elevator,""Buzzer/wireless intercom"",""Family/kid friendly"",""Fire extinguisher"",Essentials,Hangers,""Laptop friendly workspace"",""translation missing: en.hosting_amenity_50""}",$190.00,6,$20.00,2,60,19.0,f,f,moderate
786,f,1.0,-22.91182938537289,-43.183366797160254,Apartment,Entire home/apt,2,1.0,1.0,1.0,Pull-out Sofa,{},$800.00,1,$0.00,1,1125,0.0,f,f,flexible
787,f,1.0,-22.98440066292016,-43.211316233188974,Apartment,Entire home/apt,4,2.0,2.0,2.0,Real Bed,"{TV,""Cable TV"",Internet,Wifi,""Air conditioning"",""Wheelchair accessible"",Kitchen,Doorman,Elevator,""Buzzer/wireless intercom"",""Family/kid friendly"",Washer,Dryer}",$816.00,4,$194.00,2,30,34.0,f,f,strict_14_with_grace_period
788,f,5.0,-22.910430248556757,-43.17339182254721,Apartment,Entire home/apt,4,1.0,0.0,2.0,Real Bed,"{TV,""Cable TV"",Internet,Wifi,""Air conditioning"",Kitchen,""Smoking allowed"",Doorman,Elevator,Washer,""Fire extinguisher"",Essentials,""24-hour check-in"",Hangers,""Hair dryer"",Iron,""Laptop friendly workspace""}",$280.00,4,$140.00,3,180,5.0,f,f,moderate
789,f,1.0,-22.9621239677198,-43.1697228480027,Apartment,Entire home/apt,2,1.0,0.0,2.0,Real Bed,"{TV,""Cable TV"",Internet,Wifi,""Air conditioning"",Kitchen,Doorman,Elevator}",$249.00,1,$0.00,1,1825,4.0,t,f,strict_14_with_grace_period
790,f,1.0,-22.916158605368803,-43.17612766933071,Apartment,Entire home/apt,3,1.0,1.0,2.0,Real Bed,"{TV,""Cable TV"",Internet,Wifi,""Wheelchair accessible"",Kitchen,Doorman,Breakfast,Elevator,""Buzzer/wireless intercom"",Washer,""First aid kit"",""Fire extinguisher"",Essentials,Hangers,Iron,""Bed linens"",""Extra pillows and blankets""}",$155.00,2,$44.00,3,15,7.0,f,f,moderate
791,f,54.0,-22.96663558570228,-43.187207859474825,Apartment,Entire home/apt,6,2.0,3.0,4.0,Real Bed,"{TV,""Cable TV"",Internet,Wifi,""Air conditioning"",""Wheelchair accessible"",Kitchen,""Free parking on premises"",Doorman,Elevator,""Buzzer/wireless intercom"",""Family/kid friendly"",Washer,Dryer,Essentials,Shampoo,""24-hour check-in"",Hangers,""Hair dryer"",Iron,""Laptop friendly workspace"",""translation missing: en.hosting_amenity_49"",""Self check-in"",Lockbox,""Private entrance"",""Window guards"",""Room-darkening shades"",""Hot water"",""Bed linens"",""Extra pillows and blankets"",""Ethernet connection"",Microwave,""Coffee maker"",Refrigerator,Dishwasher,""Dishes and silverware"",""Cooking basics"",Oven,Stove,""Luggage dropoff allowed"",""Long term stays allowed""}","$1,119.00",2,$80.00,3,89,0.0,f,f,strict_14_with_grace_period
792,f,30.0,-22.962047119550995,-43.17680485104074,Apartment,Entire home/apt,4,1.0,1.0,3.0,Real Bed,"{TV,Wifi,""Air conditioning"",Kitchen,""Smoking allowed"",Doorman,Elevator,""Buzzer/wireless intercom"",""Family/kid friendly"",Washer,Essentials,Hangers,Iron,""Laptop friendly workspace"",""Hot water"",""Bed linens"",""Extra pillows and blankets"",""Pocket wifi"",""Luggage dropoff allowed"",""Long term stays allowed"",""Host greets you""}",$163.00,4,$0.00,2,90,4.0,f,f,moderate
793,t,3.0,-22.97759160603789,-43.18928432115586,Apartment,Entire home/apt,4,1.0,1.0,3.0,Real Bed,"{TV,""Cable TV"",Internet,Wifi,""Air conditioning"",Kitchen,""Paid parking off premises"",Doorman,Elevator,""Buzzer/wireless intercom"",""Family/kid friendly"",Washer,Dryer,""Smoke detector"",""Carbon monoxide detector"",""First aid kit"",""Safety card"",""Fire extinguisher"",Essentials,Shampoo,""24-hour check-in"",Hangers,""Hair dryer"",Iron,""Laptop friendly workspace"",""Private entrance"",""Hot water"",""Bed linens"",""Extra pillows and blankets"",""Ethernet connection"",""Pocket wifi"",Microwave,""Coffee maker"",Refrigerator,""Dishes and silverware"",""Cooking basics"",Stove,""Long term stays allowed"",""Cleaning before checkout"",""Host greets you""}",$148.00,2,$20.00,3,1000,52.0,f,f,strict_14_with_grace_period
794,f,2.0,-22.97424218696499,-43.2277648963629,Apartment,Private room,2,2.0,1.0,1.0,Real Bed,"{TV,""Cable TV"",Internet,Wifi,""Air conditioning"",Kitchen,Gym,""Buzzer/wireless intercom"",Washer,Essentials,Shampoo,""Lock on bedroom door"",""translation missing: en.hosting_amenity_49"",""translation missing: en.hosting_amenity_50""}",$97.00,1,$49.00,4,360,8.0,t,f,strict_14_with_grace_period
795,f,22.0,-22.913761453053063,-43.185129152810696,Apartment,Entire home/apt,2,1.0,0.0,1.0,Real Bed,"{TV,""Cable TV"",Internet,Wifi,""Air conditioning"",Kitchen,""Pets allowed"",Doorman,Elevator,""Buzzer/wireless intercom"",""Family/kid friendly"",Essentials,Iron,""Self check-in"",Lockbox}",$85.00,2,$0.00,2,60,24.0,t,f,strict_14_with_grace_period
796,f,1.0,-22.983025214963742,-43.191867798438,Apartment,Entire home/apt,3,1.0,1.0,3.0,Real Bed,"{TV,""Cable TV"",Internet,Wifi,""Air conditioning"",Kitchen,""Smoking allowed"",Doorman,Elevator,""Buzzer/wireless intercom"",""Family/kid friendly""}",$179.00,1,$0.00,2,1125,101.0,f,f,strict_14_with_grace_period
797,f,2.0,-22.95763139041686,-43.204487099091104,Apartment,Entire home/apt,6,3.0,2.0,6.0,Real Bed,"{TV,""Cable TV"",Internet,Wifi,""Air conditioning"",""Wheelchair accessible"",Kitchen,""Free parking on premises"",""Smoking allowed"",Doorman,Elevator,""Buzzer/wireless intercom"",""Family/kid friendly"",Washer,Dryer,""Fire extinguisher"",Essentials,""24-hour check-in"",Hangers,""Hair dryer"",Iron,""Laptop friendly workspace"",""Hot water"",""Bed linens"",""Extra pillows and blankets"",Microwave,""Coffee maker"",Refrigerator,""Dishes and silverware"",""Cooking basics"",Oven,Stove,""Single level home"",""Garden or backyard"",""Wide hallway clearance"",""Step-free access"",""Flat path to front door"",""Well-lit path to entrance"",""Step-free access"",""Wide doorway"",""Step-free access"",""Accessible-height toilet"",""Step-free access"",""Wide entryway""}",$528.00,1,$0.00,3,30,2.0,f,f,strict_14_with_grace_period
798,f,2.0,-22.94804482170534,-43.18471811058478,Apartment,Entire home/apt,3,2.0,2.0,2.0,Real Bed,"{TV,""Cable TV"",Wifi,""Air conditioning"",Kitchen,Doorman,""Buzzer/wireless intercom"",Washer,Iron,""Laptop friendly workspace""}",$932.00,3,$0.00,5,14,1.0,f,f,strict_14_with_grace_period
799,f,1.0,-22.942400530374183,-43.192982841721545,Apartment,Entire home/apt,4,2.0,2.0,2.0,Real Bed,"{""Cable TV"",Wifi,Kitchen,Doorman,""Pets live on this property"",Dog(s),Elevator,""Buzzer/wireless intercom"",Washer,Shampoo}",$400.00,1,$250.00,7,14,0.0,f,f,moderate
800,f,3.0,-22.97643937505445,-43.231030262673976,Apartment,Entire home/apt,6,2.0,3.0,6.0,Real Bed,"{TV,""Cable TV"",Internet,Wifi,""Air conditioning"",Kitchen,""Smoking allowed"",""Pets allowed"",Doorman,""Buzzer/wireless intercom"",Heating,""Family/kid friendly"",Washer,""First aid kit"",""Fire extinguisher"",Essentials,Shampoo,Hangers,""Hair dryer"",Iron,""Laptop friendly workspace""}",$901.00,4,$120.00,5,365,10.0,f,f,strict_14_with_grace_period
801,f,1.0,-22.986832327407647,-43.21120698488225,Loft,Entire home/apt,2,1.0,1.0,1.0,Real Bed,"{TV,""Cable TV"",Internet,Wifi,""Air conditioning"",Kitchen,""Paid parking off premises"",Doorman,Elevator,""Free street parking"",""Buzzer/wireless intercom"",Washer,Essentials,Hangers,""Hair dryer"",Iron,""Laptop friendly workspace"",""Hot water"",""Luggage dropoff allowed"",""Long term stays allowed"",""Host greets you""}",$505.00,2,$389.00,3,30,40.0,f,f,strict_14_with_grace_period
802,f,1.0,-22.84074614729656,-43.32617542919565,Apartment,Entire home/apt,2,1.0,2.0,1.0,Pull-out Sofa,"{""Cable TV"",Internet,Wifi,Kitchen,""Smoking allowed"",Breakfast,""Pets live on this property"",Cat(s),""Suitable for events"",Washer}",$58.00,1,$0.00,4,1125,0.0,f,f,flexible
803,t,4.0,-22.982011183426696,-43.194706840690834,Apartment,Private room,3,1.0,1.0,2.0,Real Bed,"{TV,""Cable TV"",Internet,Wifi,""Air conditioning"",Kitchen,""Smoking allowed"",Doorman,""Pets live on this property"",Elevator,""Buzzer/wireless intercom"",""Family/kid friendly"",Washer,""Smoke detector"",""Carbon monoxide detector"",""First aid kit"",""Fire extinguisher"",Essentials,""Lock on bedroom door"",""24-hour check-in"",Hangers,Iron,""Laptop friendly workspace"",""Self check-in"",""Building staff"",""Hot water"",""Bed linens"",""Extra pillows and blankets"",""Ethernet connection"",""Pocket wifi"",Microwave,""Coffee maker"",Refrigerator,""Dishes and silverware"",""Cooking basics"",Oven,Stove,""Single level home"",""Luggage dropoff allowed"",""Long term stays allowed"",""Paid parking on premises""}",$101.00,1,$95.00,2,1125,2.0,t,f,strict_14_with_grace_period
804,f,1.0,-22.98307068026585,-43.2222020426367,Apartment,Entire home/apt,2,1.0,1.0,1.0,Real Bed,"{TV,""Cable TV"",Internet,Wifi,""Air conditioning"",Kitchen,""Paid parking off premises"",Doorman,Washer,Essentials,""24-hour check-in"",Hangers,Iron,""Laptop friendly workspace"",""Self check-in"",""Building staff"",""Hot water"",""Luggage dropoff allowed"",""Long term stays allowed""}",$175.00,1,$0.00,2,7,10.0,f,f,strict_14_with_grace_period
805,f,1.0,-23.0081369785022,-43.42854774993268,Apartment,Entire home/apt,5,1.0,2.0,5.0,Real Bed,"{TV,""Cable TV"",Internet,Wifi,""Air conditioning"",""Wheelchair accessible"",Pool,Kitchen,""Free parking on premises"",""Smoking allowed"",""Pets allowed"",Doorman,Gym,Elevator,""Buzzer/wireless intercom"",""Family/kid friendly"",""Suitable for events"",Washer,Dryer,""First aid kit"",""Safety card"",""Fire extinguisher"",""24-hour check-in"",Hangers,""Hair dryer"",Iron}",$198.00,1,$100.00,3,30,0.0,f,f,strict_14_with_grace_period
806,t,6.0,-22.984567115685238,-43.20041768477985,Apartment,Entire home/apt,2,1.0,1.0,1.0,Real Bed,"{TV,""Cable TV"",Internet,Wifi,""Air conditioning"",Kitchen,Doorman,Washer,Essentials,Hangers,""Hair dryer"",Iron,""Laptop friendly workspace"",""Hot water"",""Host greets you""}",$233.00,2,$39.00,4,365,121.0,t,f,strict_14_with_grace_period
807,f,43.0,-22.970112700305062,-43.18822162768543,Apartment,Entire home/apt,3,1.0,1.0,1.0,Real Bed,"{""Cable TV"",Wifi,""Air conditioning"",Kitchen,Doorman,Elevator,""Buzzer/wireless intercom""}",$136.00,3,$80.00,4,90,101.0,t,f,strict_14_with_grace_period
808,f,1.0,-22.98278506531869,-43.21996326842267,Apartment,Entire home/apt,4,1.0,2.0,2.0,Real Bed,"{TV,""Cable TV"",Wifi,""Air conditioning"",Kitchen,Doorman,""Buzzer/wireless intercom"",Washer}",$998.00,1,$0.00,7,14,0.0,f,f,moderate
809,f,61.0,-22.984204201948124,-43.21119930135803,Apartment,Entire home/apt,5,1.0,2.0,3.0,Real Bed,"{TV,""Cable TV"",Internet,Wifi,""Air conditioning"",Kitchen,""Free parking on premises"",""Smoking allowed"",""Pets allowed"",Doorman,Elevator,""Buzzer/wireless intercom"",""Family/kid friendly"",""Suitable for events"",Washer,Dryer,""Smoke detector"",""Fire extinguisher"",Essentials,Hangers,""Hair dryer"",Iron,""Laptop friendly workspace"",""High chair"",""Pack ’n Play/travel crib"",""Hot water"",""Luggage dropoff allowed"",""Long term stays allowed"",""Host greets you""}",$253.00,3,$58.00,1,1125,3.0,f,f,strict_14_with_grace_period
810,f,3.0,-22.98451724659957,-43.193905052138405,Apartment,Private room,2,1.0,1.0,1.0,Real Bed,"{Internet,Wifi,""Air conditioning"",Kitchen,Doorman,Elevator,""Buzzer/wireless intercom"",Washer}",$528.00,1,$0.00,4,10,2.0,f,f,strict_14_with_grace_period
811,f,2.0,-22.98597538331624,-43.197399258142426,Apartment,Entire home/apt,2,2.0,0.0,1.0,Real Bed,"{TV,Internet,Wifi,""Air conditioning"",Kitchen,""Paid parking off premises"",Doorman,Elevator,""Smoke detector"",""First aid kit"",Essentials,Shampoo,Hangers,""Hair dryer"",Iron,""Laptop friendly workspace"",""translation missing: en.hosting_amenity_49"",""translation missing: en.hosting_amenity_50"",""Self check-in"",""Building staff"",""Table corner guards"",""Hot water"",""Bed linens"",Microwave,""Coffee maker"",Refrigerator,""Dishes and silverware"",""Cooking basics"",Oven,Stove,""Long term stays allowed"",Other}",$171.00,1,$0.00,4,60,50.0,f,f,strict_14_with_grace_period
812,f,5.0,-22.979804907270104,-43.19235063247798,Apartment,Private room,3,1.0,1.0,2.0,Real Bed,"{TV,""Cable TV"",Internet,Wifi,""Air conditioning"",""Smoking allowed"",Doorman,Elevator,""Buzzer/wireless intercom"",""Family/kid friendly""}",$198.00,1,$150.00,1,30,53.0,t,f,strict_14_with_grace_period
813,f,4.0,-22.93871825574732,-43.19853035400549,Bed and breakfast,Private room,5,1.0,1.0,3.0,Real Bed,"{TV,""Cable TV"",Wifi,""Air conditioning"",Breakfast,""Pets live on this property"",Dog(s),Cat(s),""Hot tub"",Washer}",$385.00,2,$115.00,1,30,0.0,f,f,moderate
814,f,4.0,-22.93849819755964,-43.19717432773281,House,Private room,5,1.0,1.0,4.0,Real Bed,"{TV,""Cable TV"",Wifi,""Air conditioning"",Breakfast,""Pets live on this property"",Dog(s),Cat(s),Essentials}",$315.00,1,$0.00,1,1125,0.0,f,f,moderate
815,f,4.0,-22.938379832459677,-43.19801100431425,House,Shared room,4,1.0,1.0,4.0,Real Bed,"{Wifi,""Air conditioning"",Breakfast,""Pets live on this property"",Dog(s),Cat(s)}",$97.00,1,$98.00,1,30,0.0,f,f,moderate
816,f,2.0,-22.98398575343709,-43.208398838001706,Apartment,Entire home/apt,6,3.0,2.0,2.0,Real Bed,"{""Cable TV"",Wifi,""Air conditioning"",Kitchen,""Free parking on premises"",Doorman,Elevator,""Buzzer/wireless intercom"",""Family/kid friendly"",Washer,Dryer,Essentials,Hangers,""Hair dryer"",Iron,""Laptop friendly workspace"",""Bed linens"",""Extra pillows and blankets""}",$501.00,4,$100.00,3,365,8.0,f,f,strict_14_with_grace_period
817,f,3.0,-22.988156664040734,-43.19384487296515,Apartment,Entire home/apt,3,1.0,1.0,1.0,Real Bed,"{TV,""Cable TV"",Internet,Wifi,""Air conditioning"",""Wheelchair accessible"",Kitchen,""Smoking allowed"",Doorman,Elevator,""Family/kid friendly"",""Host greets you""}",$451.00,2,$100.00,1,15,17.0,f,f,strict_14_with_grace_period
818,f,10.0,-22.96447367211873,-43.19010783588077,Apartment,Entire home/apt,8,1.0,2.0,6.0,Real Bed,"{TV,Internet,Wifi,""Air conditioning"",Kitchen,""Free parking on premises"",""Pets allowed"",Doorman,Gym,Elevator,""Family/kid friendly"",Washer}",$249.00,1,$0.00,1,180,0.0,f,f,strict_14_with_grace_period
819,f,10.0,-22.982063624902125,-43.18994044556551,Apartment,Entire home/apt,4,1.0,1.0,2.0,Real Bed,"{TV,Internet,Wifi,""Air conditioning"",Kitchen,Doorman,Elevator,""Buzzer/wireless intercom"",""Family/kid friendly"",Hangers,""Hair dryer"",Iron}",$163.00,2,$38.00,3,365,15.0,f,f,strict_14_with_grace_period
820,f,2.0,-22.954231843478123,-43.19316854383665,Apartment,Entire home/apt,2,1.0,1.0,1.0,Real Bed,"{TV,""Cable TV"",Internet,Wifi,""Air conditioning"",Kitchen,""Family/kid friendly"",Washer,""First aid kit"",Essentials}",$245.00,1,$0.00,3,14,2.0,f,f,strict_14_with_grace_period
821,f,2.0,-22.976330533496327,-43.2271971160144,Apartment,Entire home/apt,4,2.0,2.0,2.0,Real Bed,"{TV,""Cable TV"",Internet,Wifi,""Air conditioning"",Kitchen,""Free parking on premises"",Doorman,Elevator,""Buzzer/wireless intercom"",Washer,Dryer,Essentials,Shampoo,Hangers,""Hair dryer"",Iron,""Laptop friendly workspace"",""Self check-in"",""Building staff""}",$501.00,1,$0.00,2,1125,13.0,f,f,strict_14_with_grace_period
822,f,1.0,-22.93750389211936,-43.19215368177885,Apartment,Private room,2,1.0,1.0,1.0,Real Bed,"{TV,""Cable TV"",Wifi,""Air conditioning"",Pool,Kitchen,Elevator,Essentials,Shampoo,Hangers,""Hair dryer"",Microwave,""Coffee maker"",Refrigerator,""Dishes and silverware"",""Cooking basics"",Oven,Stove,""Long term stays allowed""}",$163.00,1,$50.00,3,90,0.0,t,f,flexible
823,f,55.0,-22.985426686675773,-43.20643998325731,Apartment,Private room,2,1.0,1.0,1.0,Real Bed,"{""Cable TV"",Internet,""Air conditioning""}",$311.00,1,$0.00,1,1125,0.0,f,f,strict_14_with_grace_period
824,f,55.0,-22.98592768004423,-43.205388151476,Apartment,Entire home/apt,2,1.0,1.0,1.0,Real Bed,"{""Cable TV"",Internet,""Air conditioning""}",$311.00,1,$0.00,3,1125,8.0,f,f,strict_14_with_grace_period
825,f,1.0,-22.96376909190832,-43.17862530656665,Apartment,Entire home/apt,4,1.0,1.0,3.0,Real Bed,"{TV,""Cable TV"",Wifi,""Air conditioning"",Kitchen,""Paid parking off premises"",Elevator,""Family/kid friendly"",Washer,Essentials,Shampoo,Hangers,""Hair dryer"",Iron,""Laptop friendly workspace"",""translation missing: en.hosting_amenity_50"",""Hot water"",""Bed linens"",""Extra pillows and blankets"",Microwave,""Coffee maker"",Refrigerator,""Dishes and silverware"",""Cooking basics"",Oven,Stove,""Luggage dropoff allowed"",""Long term stays allowed"",""Wide hallway clearance"",""Step-free access"",""Step-free access"",""Wide clearance to bed"",""Step-free access"",""Wide clearance to shower, toilet"",""Host greets you"",Beachfront,""Fixed grab bars for shower"",""Roll-in shower""}",$148.00,4,$20.00,3,365,60.0,t,f,strict_14_with_grace_period
826,f,55.0,-22.98610699145286,-43.20631239213007,Apartment,Entire home/apt,2,1.0,1.0,1.0,Real Bed,"{""Cable TV"",Internet,""Air conditioning""}",$505.00,1,$0.00,1,1125,1.0,f,f,flexible
827,f,1.0,-22.952930928194327,-43.19250846608509,Apartment,Entire home/apt,3,1.0,0.0,1.0,Real Bed,"{TV,Wifi,""Air conditioning"",Kitchen,""Buzzer/wireless intercom"",""Family/kid friendly"",Washer,""24-hour check-in""}",$74.00,1,$25.00,1,365,22.0,t,f,moderate
828,f,55.0,-22.986175381523815,-43.206372798874575,Apartment,Private room,2,1.0,1.0,1.0,Real Bed,"{TV,""Cable TV"",Internet,Wifi,""Air conditioning"",Kitchen,Hangers,Iron,""Self check-in"",""Building staff"",""Hot water"",""Long term stays allowed""}",$272.00,1,$0.00,2,1125,3.0,f,f,strict_14_with_grace_period
829,t,1.0,-22.981182786299748,-43.195886117525546,Apartment,Entire home/apt,3,1.0,1.0,2.0,Real Bed,"{Internet,Wifi,""Air conditioning"",Kitchen,Doorman,Elevator,Essentials,""24-hour check-in"",Hangers,""translation missing: en.hosting_amenity_49"",""translation missing: en.hosting_amenity_50"",""Hot water"",""Bed linens"",Refrigerator,""Dishes and silverware"",""Cooking basics"",Oven,Stove,""Long term stays allowed"",""Host greets you""}",$175.00,2,$39.00,3,150,55.0,f,f,strict_14_with_grace_period
830,f,2.0,-22.984787167944933,-43.22729176062113,Apartment,Entire home/apt,3,1.0,1.0,2.0,Real Bed,"{TV,Internet,Wifi,""Air conditioning"",Kitchen,""Free parking on premises"",Doorman,Elevator,""Buzzer/wireless intercom"",Essentials,Shampoo}",$660.00,2,$233.00,4,365,11.0,f,f,strict_14_with_grace_period
831,f,1.0,-22.9800600419771,-43.22466004451479,Apartment,Entire home/apt,4,1.0,1.0,2.0,Real Bed,"{TV,""Cable TV"",Internet,Wifi,""Air conditioning"",Kitchen,""Paid parking off premises"",Doorman,Elevator,""Buzzer/wireless intercom"",Essentials,Shampoo,Iron,""Pack ’n Play/travel crib"",""Hot water"",""Luggage dropoff allowed"",""Long term stays allowed"",""Host greets you""}",$567.00,1,$75.00,1,1125,2.0,t,f,flexible
832,f,11.0,-22.98020746364658,-43.19280003235436,Apartment,Entire home/apt,2,1.0,0.0,1.0,Real Bed,"{TV,Internet,Wifi,""Air conditioning"",Kitchen,""Fire extinguisher"",Essentials,Shampoo,Hangers,""Hair dryer"",Iron,""translation missing: en.hosting_amenity_49"",""translation missing: en.hosting_amenity_50"",""Luggage dropoff allowed"",""Long term stays allowed"",""Host greets you"",""Paid parking on premises""}",$148.00,1,$0.00,3,90,18.0,t,f,strict_14_with_grace_period
833,f,2.0,-22.97624963108075,-43.18949831277948,Apartment,Entire home/apt,2,1.0,1.0,1.0,Real Bed,"{TV,""Cable TV"",Wifi,""Air conditioning"",Kitchen,""Paid parking off premises"",Washer,""Fire extinguisher"",Essentials,""Lock on bedroom door"",Hangers,""Hair dryer"",Iron,""Laptop friendly workspace"",""translation missing: en.hosting_amenity_49"",""translation missing: en.hosting_amenity_50"",""Self check-in"",""Smart lock"",""Hot water"",""Bed linens"",""Extra pillows and blankets"",""Long term stays allowed"",""Wide doorway""}",$128.00,2,$60.00,3,30,71.0,t,f,flexible
834,f,1.0,-22.970074146426988,-43.1889640170953,Apartment,Private room,2,1.0,1.0,1.0,Real Bed,"{TV,""Cable TV"",Wifi,Kitchen,""Smoking allowed"",Doorman,Breakfast,Elevator,Washer}",$334.00,1,$70.00,7,7,0.0,f,f,strict_14_with_grace_period
835,f,1.0,-22.944282592343807,-43.1837797114423,Loft,Entire home/apt,4,1.0,1.0,2.0,Real Bed,"{Internet,Wifi,""Air conditioning"",""Wheelchair accessible"",Kitchen,""Smoking allowed"",""Pets allowed"",Doorman,Elevator,""Buzzer/wireless intercom"",""Family/kid friendly"",Essentials,Shampoo}",$179.00,1,$47.00,3,1125,7.0,t,f,moderate
836,f,41.0,-23.01351398036094,-43.391459415981615,Apartment,Entire home/apt,5,1.0,1.0,1.0,Real Bed,"{""Cable TV"",Wifi,""Air conditioning"",Pool,Kitchen,""Free parking on premises"",Doorman,Elevator,""Buzzer/wireless intercom"",""24-hour check-in""}",$385.00,1,$0.00,1,1125,7.0,t,f,strict_14_with_grace_period
837,f,3.0,-22.959551925556926,-43.16566278233434,Apartment,Entire home/apt,4,1.0,1.0,2.0,Real Bed,"{TV,Internet,Wifi,""Air conditioning"",Kitchen,Doorman,Elevator,""Buzzer/wireless intercom"",Washer,Dryer}",$350.00,1,$0.00,4,1125,8.0,f,f,strict_14_with_grace_period
838,f,3.0,-22.963351963571547,-43.17683674356453,Apartment,Entire home/apt,4,1.0,1.0,3.0,Real Bed,"{TV,Internet,Wifi,Kitchen,Doorman,Elevator}",$233.00,1,$0.00,1,1125,3.0,f,f,strict_14_with_grace_period
839,f,1.0,-22.936749426554552,-43.19398217900428,Apartment,Private room,6,8.0,1.0,8.0,Real Bed,"{TV,Kitchen,""Smoking allowed"",""Pets allowed"",""Buzzer/wireless intercom"",Washer}",$97.00,1,$100.00,5,1125,0.0,f,f,strict_14_with_grace_period
840,f,1.0,-22.972249687184075,-43.35652055412283,Apartment,Entire home/apt,2,1.0,1.0,1.0,Real Bed,"{Internet,Wifi,""Air conditioning"",Pool,Kitchen,""Free parking on premises"",Doorman,Gym,Elevator,""Buzzer/wireless intercom"",""Family/kid friendly"",Washer,Dryer,""translation missing: en.hosting_amenity_50""}",$524.00,3,$220.00,2,1125,2.0,f,f,flexible
841,f,2.0,-22.967337614199025,-43.18162559712907,Apartment,Entire home/apt,2,1.0,1.0,1.0,Real Bed,"{""Cable TV"",Internet,Wifi,""Air conditioning"",Kitchen,""Smoking allowed"",Doorman,Elevator,""Buzzer/wireless intercom"",Washer}",$214.00,1,$0.00,7,60,1.0,f,f,strict_14_with_grace_period
842,t,2.0,-22.98357437706064,-43.226110999203605,Apartment,Entire home/apt,5,2.0,2.0,2.0,Real Bed,"{TV,""Cable TV"",Wifi,""Air conditioning"",Kitchen,Elevator,""Family/kid friendly"",Washer,Dryer,""Smoke detector"",""Carbon monoxide detector"",Essentials,Shampoo,""Lock on bedroom door"",Hangers,""Hair dryer"",Iron,""Laptop friendly workspace"",""Self check-in"",""Building staff"",""Room-darkening shades"",""Game console"",""Hot water"",""Bed linens"",""Extra pillows and blankets"",""Ethernet connection"",""Coffee maker"",Refrigerator,""Dishes and silverware"",""Cooking basics"",Oven,Stove,""Luggage dropoff allowed"",""Long term stays allowed""}",$268.00,1,$0.00,2,1125,55.0,t,f,moderate
843,f,2.0,-22.981657534087,-43.20217566067141,Apartment,Private room,2,1.0,1.0,1.0,Pull-out Sofa,"{TV,""Cable TV"",Internet,Wifi,""Air conditioning"",Kitchen,Doorman,""Buzzer/wireless intercom"",Washer,""First aid kit"",""Safety card"",""Fire extinguisher"",Essentials,Shampoo,Hangers,""Hair dryer"",Iron}",$120.00,1,$0.00,2,15,1.0,f,f,flexible
844,f,1.0,-22.94973477548781,-43.1922556479581,Apartment,Private room,2,1.5,1.0,1.0,Real Bed,"{TV,""Cable TV"",Internet,Wifi,""Air conditioning"",Kitchen,""Smoking allowed"",""Buzzer/wireless intercom"",Washer,""Fire extinguisher"",Essentials,""Lock on bedroom door"",Hangers,""Hair dryer"",""translation missing: en.hosting_amenity_49"",""translation missing: en.hosting_amenity_50"",""Hot water"",""Bed linens""}",$120.00,2,$0.00,2,30,4.0,f,f,moderate
845,f,13.0,-22.99076352299891,-43.229113079498426,Apartment,Entire home/apt,2,1.0,1.0,2.0,Real Bed,"{TV,Internet,Wifi,""Air conditioning"",Kitchen,""Smoking allowed"",""Pets allowed"",""Pets live on this property"",Dog(s),Cat(s),""Free street parking"",""Suitable for events"",Essentials,""Hot water"",Other}",$272.00,1,$0.00,7,1125,3.0,f,f,strict_14_with_grace_period
846,f,41.0,-22.96513820284829,-43.172465639628776,Apartment,Entire home/apt,8,2.0,3.0,5.0,Real Bed,"{TV,""Cable TV"",Internet,Wifi,""Air conditioning"",Kitchen,Doorman,Elevator,""Free street parking"",Washer,Dryer,Essentials,""Hot water"",""Host greets you""}",$761.00,1,$0.00,1,1125,3.0,f,f,strict_14_with_grace_period
847,t,4.0,-22.91926046842708,-43.17670834540164,House,Entire home/apt,5,1.0,1.0,2.0,Real Bed,"{Wifi,Kitchen,""Smoking allowed"",""Family/kid friendly"",Washer,Essentials,Hangers,""Hair dryer"",""Laptop friendly workspace"",Refrigerator,""Dishes and silverware"",""Cooking basics"",Oven,Stove,""Garden or backyard"",""Luggage dropoff allowed"",""Long term stays allowed""}",$101.00,2,$50.00,1,60,89.0,f,f,strict_14_with_grace_period
848,t,1.0,-22.96888418568997,-43.189751328594646,Apartment,Entire home/apt,2,1.0,1.0,1.0,Real Bed,"{TV,""Cable TV"",Internet,Wifi,""Air conditioning"",""Wheelchair accessible"",Kitchen,Doorman,Elevator,""Buzzer/wireless intercom"",""Family/kid friendly"",Essentials,Shampoo,Hangers,""Hair dryer"",Iron,""Laptop friendly workspace"",""Hot water"",""Host greets you""}",$152.00,1,$0.00,3,1125,83.0,t,f,strict_14_with_grace_period
849,f,5.0,-23.029932056465768,-43.471196439521954,Apartment,Entire home/apt,4,1.0,2.0,3.0,Real Bed,"{""Cable TV"",Wifi,""Air conditioning"",Kitchen,""Pets allowed"",""Family/kid friendly"",Washer,Essentials,Shampoo,""24-hour check-in"",Hangers,""Hair dryer"",Iron,""Laptop friendly workspace""}",$124.00,2,$125.00,5,90,3.0,f,f,strict_14_with_grace_period
850,f,2.0,-22.985753200973768,-43.19156213328567,Apartment,Entire home/apt,6,3.0,3.0,3.0,Real Bed,"{TV,""Cable TV"",Internet,Wifi,""Air conditioning"",Kitchen,""Paid parking off premises"",Doorman,Elevator,""Hot tub"",""Buzzer/wireless intercom"",""Family/kid friendly"",Washer,Essentials,Shampoo,Hangers,""Hair dryer"",Iron,Bathtub,""Baby bath"",""Children’s books and toys"",""Pack ’n Play/travel crib"",""Children’s dinnerware"",""Game console"",""Hot water"",""Host greets you""}",$497.00,1,$0.00,2,15,50.0,f,f,strict_14_with_grace_period
851,f,1.0,-22.94028078676108,-43.17077448292987,Apartment,Entire home/apt,5,3.0,3.0,4.0,Real Bed,"{TV,""Cable TV"",Internet,Wifi,""Air conditioning"",""Wheelchair accessible"",Kitchen,""Free parking on premises"",""Smoking allowed"",""Pets allowed"",Doorman,Elevator,""Hot tub"",""Buzzer/wireless intercom"",""Family/kid friendly"",Washer}",$284.00,8,$80.00,3,365,2.0,f,f,strict_14_with_grace_period
852,t,4.0,-22.913435718732508,-43.18495225079396,Apartment,Entire home/apt,2,1.0,1.0,1.0,Real Bed,"{TV,""Cable TV"",Wifi,""Air conditioning"",Kitchen,""Paid parking off premises"",Elevator,""Free street parking"",""Family/kid friendly"",""Fire extinguisher"",Essentials,Shampoo,Hangers,Iron,""Laptop friendly workspace"",""Hot water"",""Bed linens"",""Pocket wifi"",""Luggage dropoff allowed"",""Long term stays allowed"",""Cleaning before checkout"",Other}",$70.00,1,$50.00,3,300,63.0,t,f,flexible
853,f,3.0,-22.98122317838035,-43.19988994067975,Apartment,Private room,2,1.0,1.0,1.0,Real Bed,"{TV,""Cable TV"",Internet,Wifi,""Air conditioning"",""Wheelchair accessible"",Kitchen,""Paid parking off premises"",Doorman,""Pets live on this property"",Dog(s),Elevator,""Buzzer/wireless intercom"",""Family/kid friendly"",Washer,""First aid kit"",Essentials,Shampoo,""Lock on bedroom door"",Hangers,""Hair dryer"",Iron,""translation missing: en.hosting_amenity_49"",""Hot water"",""Bed linens"",""Luggage dropoff allowed"",""Long term stays allowed"",""Host greets you""}",$140.00,2,$0.00,3,30,2.0,t,f,strict_14_with_grace_period
854,f,3.0,-22.946224593468568,-43.336051182657854,House,Private room,2,1.0,1.0,1.0,Real Bed,"{""Cable TV"",Wifi,""Air conditioning"",Pool,""Free parking on premises"",Breakfast,""Pets live on this property"",Cat(s),Washer,Dryer,Essentials,""Hot water"",""Bed linens""}",$179.00,2,$100.00,3,6,9.0,f,f,strict_14_with_grace_period
855,f,3.0,-22.948055102146142,-43.335490414739226,House,Private room,2,1.0,1.0,1.0,Real Bed,"{Wifi,""Air conditioning"",Pool,""Free parking on premises"",Breakfast,Washer,Dryer,""Fire extinguisher""}",$179.00,2,$100.00,3,6,6.0,f,f,strict_14_with_grace_period
856,f,1.0,-22.98371456409675,-43.212593502262536,Apartment,Entire home/apt,4,2.5,2.0,2.0,Real Bed,"{TV,""Cable TV"",Internet,Wifi,""Air conditioning"",Pool,Kitchen,""Free parking on premises"",Doorman,Gym,Elevator,""Buzzer/wireless intercom"",Washer,Dryer}","$2,137.00",1,$0.00,3,30,0.0,f,f,strict_14_with_grace_period
857,f,1.0,-23.00768671022494,-43.428817966920455,Apartment,Entire home/apt,4,1.0,2.0,1.0,Real Bed,"{TV,""Cable TV"",Internet,Wifi,""Air conditioning"",Pool,Kitchen,""Free parking on premises"",""Smoking allowed"",Doorman,Gym,Elevator,""Buzzer/wireless intercom""}",$152.00,1,$0.00,2,365,9.0,f,f,strict_14_with_grace_period
858,f,1.0,-22.98528153296876,-43.20522641970814,Apartment,Entire home/apt,4,1.0,2.0,2.0,Real Bed,"{""Cable TV"",Internet,Wifi,""Air conditioning"",Doorman,Elevator,""Buzzer/wireless intercom"",Washer,Dryer}","$1,632.00",1,"$1,166.00",20,30,1.0,f,f,flexible
859,f,1.0,-22.944803514221373,-43.18649503049165,Apartment,Private room,2,2.0,1.0,1.0,Futon,"{TV,""Cable TV"",Internet,Wifi,Kitchen,""Buzzer/wireless intercom"",Washer}",$249.00,1,$0.00,1,1125,0.0,f,f,flexible
860,f,55.0,-22.98567266104001,-43.20827943061844,Apartment,Private room,3,1.0,1.0,1.0,Real Bed,"{""Cable TV"",Internet,""Air conditioning""}",$311.00,1,$0.00,3,1125,2.0,f,f,strict_14_with_grace_period
861,f,1.0,-22.903043797496792,-43.18238020094185,Apartment,Private room,4,1.0,1.0,1.0,Real Bed,"{TV,""Cable TV"",Internet,Wifi,""Air conditioning"",Kitchen,""Smoking allowed"",""Pets allowed"",Doorman,""Pets live on this property"",Cat(s),Elevator,Washer}",$350.00,2,$194.00,1,1125,1.0,t,f,flexible
862,f,1.0,-22.993149586854788,-43.30206272937136,House,Private room,2,1.0,1.0,2.0,Real Bed,"{TV,""Cable TV"",Internet,Wifi,""Air conditioning"",Pool,Kitchen,""Free parking on premises"",Breakfast,""Pets live on this property"",Dog(s),""Buzzer/wireless intercom"",""Family/kid friendly"",Washer}",$971.00,1,$0.00,3,90,0.0,f,f,flexible
863,f,1.0,-22.96743750841736,-43.18454145619256,Guest suite,Entire home/apt,4,1.0,2.0,2.0,Real Bed,"{TV,Wifi,""Wheelchair accessible"",Kitchen,""Paid parking off premises"",""Pets live on this property"",Dog(s),Cat(s),""Other pet(s)"",""Family/kid friendly"",""Fire extinguisher"",Essentials,Hangers,""Hot water"",""Host greets you""}",$361.00,1,$0.00,3,15,10.0,f,f,flexible
864,f,1.0,-22.919889287457096,-43.18810214697565,House,Private room,3,1.0,1.0,2.0,Real Bed,"{Internet,Wifi,""Free parking on premises"",""Pets live on this property"",Dog(s),Cat(s),""Family/kid friendly"",Washer,Essentials,""24-hour check-in"",""Hair dryer"",Iron,""Laptop friendly workspace""}",$159.00,2,$110.00,2,365,10.0,f,f,strict_14_with_grace_period
865,t,6.0,-22.985783163486825,-43.18970678820153,Apartment,Entire home/apt,6,2.0,3.0,3.0,Real Bed,"{TV,""Cable TV"",Internet,Wifi,""Air conditioning"",""Wheelchair accessible"",Kitchen,""Pets allowed"",Doorman,Elevator,""Buzzer/wireless intercom"",""Family/kid friendly"",Washer,Dryer}",$497.00,6,$199.00,2,365,69.0,f,f,strict_14_with_grace_period
866,f,1.0,-22.94316134795925,-43.190895949965,Apartment,Private room,1,1.0,0.0,1.0,Real Bed,"{Wifi,Kitchen,Doorman,Elevator,""Buzzer/wireless intercom"",""Family/kid friendly"",Washer,""Laptop friendly workspace""}",$82.00,1,$23.00,1,15,0.0,f,f,flexible
867,f,1.0,-22.97113499268798,-43.184151632961054,Apartment,Private room,2,1.0,1.0,1.0,Real Bed,"{TV,Internet,Wifi,""Air conditioning"",Kitchen,""Smoking allowed"",Doorman,""Pets live on this property"",Dog(s),Elevator,""Buzzer/wireless intercom"",""Family/kid friendly"",Shampoo,Hangers,""Hair dryer"",""Laptop friendly workspace""}",$171.00,1,$0.00,2,10,19.0,f,f,moderate
868,f,1.0,-22.981923700570768,-43.194170309696986,Apartment,Entire home/apt,12,3.0,3.0,9.0,Real Bed,"{TV,""Cable TV"",Wifi,""Air conditioning"",Kitchen,""Free parking on premises"",Elevator,""Free street parking"",""Family/kid friendly"",Washer,""Smoke detector"",""Carbon monoxide detector"",""First aid kit"",Essentials,Hangers,""Hair dryer"",Iron,""Laptop friendly workspace"",""Self check-in"",""Building staff"",""Hot water"",""Bed linens"",Microwave,""Coffee maker"",Refrigerator,""Dishes and silverware"",Oven,Stove,""Luggage dropoff allowed"",""Long term stays allowed"",""Well-lit path to entrance""}",$194.00,2,$58.00,2,90,42.0,t,f,strict_14_with_grace_period
869,f,2.0,-22.96507332353909,-43.17458867231096,Apartment,Private room,3,1.0,1.0,2.0,Real Bed,"{TV,Internet,Wifi,""Air conditioning"",Kitchen,""Smoking allowed"",""Pets allowed"",Doorman,Elevator,""Buzzer/wireless intercom"",""Family/kid friendly"",""24-hour check-in"",Hangers,Iron,""Private entrance""}",$152.00,1,$0.00,3,1125,22.0,f,f,flexible
870,f,61.0,-22.983223633396054,-43.199934065139615,Apartment,Entire home/apt,6,2.0,3.0,3.0,Real Bed,"{TV,""Cable TV"",Wifi,Kitchen,""Paid parking off premises"",Doorman,Elevator,""Free street parking"",""Family/kid friendly"",""Suitable for events"",Washer,""Smoke detector"",""Fire extinguisher"",Essentials,Hangers,""Hair dryer"",Iron,""Laptop friendly workspace"",""High chair"",""Pack ’n Play/travel crib"",""Hot water"",""Luggage dropoff allowed"",""Host greets you""}","$1,535.00",1,$0.00,3,90,1.0,f,f,strict_14_with_grace_period
871,f,61.0,-22.9830856662183,-43.22447420262739,Apartment,Entire home/apt,4,1.0,2.0,3.0,Real Bed,"{TV,""Cable TV"",Wifi,""Air conditioning"",Kitchen,Doorman,Elevator,""Free street parking"",""Family/kid friendly"",""Suitable for events"",""Smoke detector"",""Fire extinguisher"",Essentials,Hangers,""Hair dryer"",Iron,""Laptop friendly workspace"",""Hot water"",""Luggage dropoff allowed"",""Host greets you""}",$758.00,1,$0.00,7,90,1.0,f,f,strict_14_with_grace_period
873,f,4.0,-23.010788953929328,-43.29421628859976,Apartment,Entire home/apt,2,1.0,1.0,1.0,Pull-out Sofa,"{""Cable TV"",Wifi,""Air conditioning"",Kitchen,""Pets live on this property"",Dog(s)}",$101.00,1,$0.00,2,90,0.0,f,f,strict_14_with_grace_period
874,f,1.0,-22.95237263422429,-43.17937221751469,Apartment,Private room,2,3.0,1.0,1.0,Real Bed,"{TV,""Cable TV"",Internet,Wifi,""Air conditioning"",""Wheelchair accessible"",Kitchen,Doorman,Breakfast,""Pets live on this property"",Cat(s),Elevator,""Buzzer/wireless intercom"",Washer,""Smoke detector"",""First aid kit"",""Safety card"",""Fire extinguisher"",Essentials,Shampoo,""24-hour check-in"",Hangers,""Hair dryer"",Iron,""Laptop friendly workspace"",""translation missing: en.hosting_amenity_49"",""translation missing: en.hosting_amenity_50"",""Room-darkening shades"",Microwave,""Coffee maker"",Refrigerator,Dishwasher,""Dishes and silverware"",""Beach essentials"",""Wide hallway clearance"",""Wide doorway"",""Well-lit path to entrance"",""Step-free access"",""Wide doorway"",""Step-free access"",""Accessible-height toilet"",""Step-free access"",""Wide entryway"",""Handheld shower head""}",$152.00,2,$0.00,2,10,34.0,f,f,moderate
875,f,1.0,-22.94710392912805,-43.18387848767055,Apartment,Entire home/apt,6,1.0,1.0,4.0,Real Bed,"{TV,""Cable TV"",Internet,Wifi,""Air conditioning"",Kitchen,""Paid parking off premises"",""Smoking allowed"",""Pets allowed"",Doorman,""Buzzer/wireless intercom"",Heating,""Family/kid friendly"",Washer,""Fire extinguisher"",Essentials,Hangers,""Hot water"",""Extra pillows and blankets"",Microwave,""Coffee maker"",Refrigerator,""Cooking basics"",Oven,Stove,""Garden or backyard"",""Luggage dropoff allowed"",""Long term stays allowed"",""Host greets you""}",$101.00,1,$19.00,2,365,5.0,f,f,strict_14_with_grace_period
876,f,20.0,-23.016699851346825,-43.45291597624912,Apartment,Entire home/apt,10,2.5,3.0,6.0,Real Bed,"{TV,""Cable TV"",Internet,Wifi,""Air conditioning"",Kitchen,""Free parking on premises"",""Smoking allowed"",Elevator,""Family/kid friendly"",Washer,Dryer,Essentials,Hangers,""Hair dryer"",Iron,""High chair"",""Stair gates"",""Window guards"",Crib,""Children’s dinnerware"",""Game console"",""Hot water"",""Bed linens"",""Ethernet connection"",Microwave,""Coffee maker"",Refrigerator,Dishwasher,""Dishes and silverware"",""Cooking basics"",Oven,Stove,""Patio or balcony"",""Step-free access"",""Wide doorway"",""Flat path to front door"",""Well-lit path to entrance"",""Step-free access"",""Accessible-height bed"",""Step-free access"",""Step-free access"",""Wide entryway"",""Host greets you""}",$249.00,6,$29.00,3,1125,13.0,f,f,strict_14_with_grace_period
877,t,4.0,-22.982738721442143,-43.195568158350646,Apartment,Entire home/apt,2,1.0,0.0,1.0,Real Bed,"{TV,""Cable TV"",Internet,Wifi,""Air conditioning"",Kitchen,""Paid parking off premises"",Doorman,Elevator,""Buzzer/wireless intercom"",Essentials,Shampoo,Hangers,""Hair dryer"",""Laptop friendly workspace"",""translation missing: en.hosting_amenity_49"",""translation missing: en.hosting_amenity_50"",""Hot water"",""Long term stays allowed"",""Host greets you""}",$159.00,1,$0.00,3,365,216.0,t,f,strict_14_with_grace_period
878,t,2.0,-22.967089327220783,-43.180197322533296,Apartment,Entire home/apt,2,1.0,1.0,2.0,Real Bed,"{TV,Internet,Wifi,""Air conditioning"",Kitchen,""Paid parking off premises"",Doorman,""Buzzer/wireless intercom"",""Family/kid friendly"",Essentials,Shampoo,""24-hour check-in"",Hangers,""Hair dryer"",""Laptop friendly workspace"",""translation missing: en.hosting_amenity_50"",""Hot water"",""Bed linens"",Microwave,""Coffee maker"",Refrigerator,""Dishes and silverware"",""Cooking basics"",Stove,""Long term stays allowed"",""Host greets you"",Beachfront}",$229.00,2,$0.00,3,90,149.0,t,f,strict_14_with_grace_period
879,f,1.0,-22.966935038340047,-43.18869287365612,Apartment,Entire home/apt,3,1.0,1.0,2.0,Real Bed,"{TV,Internet,Wifi,""Air conditioning"",""Wheelchair accessible"",Kitchen,""Smoking allowed"",Elevator,""Family/kid friendly""}",$699.00,1,$150.00,10,20,0.0,f,f,strict_14_with_grace_period
880,f,1.0,-22.98127817905592,-43.20027932746728,Apartment,Entire home/apt,3,1.5,2.0,2.0,Real Bed,"{TV,""Cable TV"",Internet,Wifi,""Air conditioning"",Kitchen,""Free parking on premises"",Doorman,Elevator,""Buzzer/wireless intercom"",Washer,Essentials,Iron,""Laptop friendly workspace""}",$377.00,1,$0.00,5,89,0.0,f,f,strict_14_with_grace_period
881,t,7.0,-22.98381503563817,-43.197168548661054,Apartment,Entire home/apt,6,1.5,2.0,4.0,Real Bed,"{TV,""Cable TV"",Internet,Wifi,""Air conditioning"",Kitchen,Doorman,Elevator,""Buzzer/wireless intercom"",""Family/kid friendly"",Washer,""Smoke detector"",""First aid kit"",""Safety card"",""Fire extinguisher"",Essentials}",$330.00,4,$25.00,4,40,33.0,f,f,strict_14_with_grace_period
882,f,12.0,-22.97750371431171,-43.19235271994435,Apartment,Private room,2,1.0,1.0,1.0,Real Bed,"{TV,""Cable TV"",Internet,Wifi,Doorman,Elevator,""Buzzer/wireless intercom"",""Fire extinguisher"",Essentials}",$101.00,1,$60.00,3,31,1.0,f,f,strict_14_with_grace_period
883,f,1.0,-22.93032486218685,-43.180280573681486,Apartment,Entire home/apt,2,1.0,1.0,1.0,Real Bed,"{TV,""Cable TV"",Internet,Wifi,""Air conditioning"",Kitchen,""Smoking allowed"",Doorman,Elevator,""Buzzer/wireless intercom"",Shampoo,""translation missing: en.hosting_amenity_49"",""translation missing: en.hosting_amenity_50""}",$198.00,1,$0.00,3,90,10.0,f,f,strict_14_with_grace_period
885,f,12.0,-22.977612307565646,-43.19116420287864,Apartment,Private room,2,1.0,1.0,1.0,Real Bed,"{TV,""Cable TV"",Internet,Wifi,Doorman,Elevator,""Buzzer/wireless intercom"",""Fire extinguisher"",Essentials}",$152.00,1,$60.00,3,31,6.0,f,f,strict_14_with_grace_period
886,t,6.0,-22.985550938254384,-43.19968799677784,Apartment,Entire home/apt,2,1.0,1.0,1.0,Real Bed,"{TV,""Cable TV"",Internet,Wifi,""Air conditioning"",Kitchen,""Paid parking off premises"",Doorman,Washer,Essentials,Hangers,""Hair dryer"",Iron,""Laptop friendly workspace"",""Hot water"",""Bed linens"",""Extra pillows and blankets"",""Host greets you""}",$229.00,2,$39.00,4,90,139.0,t,f,strict_14_with_grace_period
887,t,6.0,-22.9833533446673,-43.20961153580215,Apartment,Entire home/apt,4,1.0,2.0,2.0,Real Bed,"{TV,""Cable TV"",Internet,Wifi,""Air conditioning"",Kitchen,""Paid parking off premises"",Doorman,""Buzzer/wireless intercom"",""Family/kid friendly"",Washer,Essentials,Hangers,""Hair dryer"",Iron,""Laptop friendly workspace"",""Hot water"",""Host greets you""}",$280.00,1,$0.00,4,90,141.0,t,f,strict_14_with_grace_period
888,f,1.0,-22.973656153156448,-43.22819561135349,House,Entire home/apt,8,3.5,1.0,4.0,Real Bed,{},"$3,885.00",1,$0.00,3,30,0.0,f,f,moderate
889,t,6.0,-22.98028611377977,-43.20003333901351,Apartment,Entire home/apt,2,1.0,1.0,1.0,Real Bed,"{TV,""Cable TV"",Internet,Wifi,""Air conditioning"",Kitchen,""Smoking allowed"",""Pets allowed"",Doorman,""Pets live on this property"",Dog(s),Cat(s),Elevator,""Buzzer/wireless intercom"",Washer,Essentials,Hangers,""Hair dryer"",Iron,""Laptop friendly workspace"",""translation missing: en.hosting_amenity_49"",""translation missing: en.hosting_amenity_50"",""Hot water"",""Host greets you""}",$194.00,1,$0.00,4,90,134.0,t,f,strict_14_with_grace_period
890,t,5.0,-22.98456326726072,-43.204973393184574,House,Private room,1,1.5,1.0,1.0,Real Bed,"{Internet,Wifi,Kitchen,""Pets live on this property"",Dog(s),Cat(s),""Buzzer/wireless intercom"",""Smoke detector"",""Carbon monoxide detector"",""First aid kit"",Essentials,""Lock on bedroom door"",""24-hour check-in"",Hangers,""translation missing: en.hosting_amenity_49"",""translation missing: en.hosting_amenity_50"",""Hot water"",""Bed linens"",""Extra pillows and blankets"",Microwave,""Coffee maker"",Refrigerator,""Dishes and silverware"",""Cooking basics"",Oven,""Garden or backyard"",""Host greets you"",""Paid parking on premises""}",$97.00,1,$0.00,2,30,18.0,f,f,strict_14_with_grace_period
891,f,2.0,-22.95638885504988,-43.1937092543881,Apartment,Entire home/apt,6,1.0,1.0,1.0,Real Bed,"{TV,Internet,Wifi,Kitchen,""Smoking allowed"",""Pets allowed"",""Buzzer/wireless intercom"",""Family/kid friendly"",Washer,Iron}",$400.00,1,$0.00,5,30,0.0,f,f,moderate
892,f,1.0,-22.985420311743468,-43.19050619581867,Apartment,Entire home/apt,4,1.0,1.0,1.0,Real Bed,"{""Cable TV"",Internet,Wifi,""Air conditioning"",Kitchen,Elevator,""Buzzer/wireless intercom"",""Family/kid friendly"",Washer}",$299.00,4,$0.00,3,30,8.0,f,f,strict_14_with_grace_period
893,f,2.0,-22.976946288641148,-43.19085882592182,Apartment,Entire home/apt,4,2.5,2.0,2.0,Real Bed,"{TV,""Cable TV"",Internet,Wifi,""Air conditioning"",Kitchen,""Smoking allowed"",""Pets allowed"",Doorman,Elevator,""Buzzer/wireless intercom"",""Family/kid friendly"",Washer,""translation missing: en.hosting_amenity_50""}",$253.00,1,$194.00,5,60,0.0,f,f,flexible
894,f,22.0,-22.913088714667296,-43.181649945923226,Apartment,Entire home/apt,3,1.0,0.0,2.0,Real Bed,"{TV,""Cable TV"",Internet,Wifi,""Air conditioning"",Kitchen,""Pets allowed"",Doorman,Elevator,""Buzzer/wireless intercom"",""Family/kid friendly"",Essentials,Iron,""Self check-in"",Lockbox,""Bed linens""}",$93.00,2,$30.00,2,60,38.0,t,f,strict_14_with_grace_period
895,f,4.0,-22.90632270183353,-43.19309688584912,Apartment,Shared room,2,0.5,1.0,1.0,Pull-out Sofa,"{Wifi,Kitchen,Doorman,Breakfast,Elevator,""Buzzer/wireless intercom"",Washer,""Fire extinguisher"",Essentials}",$198.00,1,$80.00,2,200,18.0,f,f,strict_14_with_grace_period
896,t,2.0,-22.997432751669503,-43.23927315056231,House,Entire home/apt,11,3.0,5.0,9.0,Real Bed,"{TV,""Cable TV"",Internet,Wifi,""Air conditioning"",Kitchen,""Free parking on premises"",""Smoking allowed"",""Family/kid friendly"",Washer,Essentials,""Hair dryer"",""Laptop friendly workspace"",""translation missing: en.hosting_amenity_50""}",$249.00,4,$65.00,2,1125,74.0,t,f,strict_14_with_grace_period
897,f,3.0,-22.98481202652792,-43.191536803746175,Apartment,Private room,2,2.0,1.0,5.0,Real Bed,"{""Cable TV"",Internet,Wifi,""Air conditioning"",""Wheelchair accessible"",Kitchen,""Smoking allowed"",Doorman,""Pets live on this property"",Cat(s),Elevator,""Buzzer/wireless intercom"",""Family/kid friendly"",""Suitable for events"",""Fire extinguisher"",Essentials,""Lock on bedroom door"",Hangers,Iron,""Laptop friendly workspace""}",$299.00,1,$70.00,1,1125,6.0,f,f,strict_14_with_grace_period
898,f,3.0,-22.983141334805108,-43.21084750438895,Apartment,Entire home/apt,2,2.0,1.0,3.0,Real Bed,"{TV,""Cable TV"",Wifi,Kitchen,""Paid parking off premises"",""Pets live on this property"",Cat(s),Elevator,Washer,""Smoke detector"",""Carbon monoxide detector"",""First aid kit"",""Fire extinguisher"",Essentials,Hangers,""Hair dryer"",Iron,""Laptop friendly workspace"",""translation missing: en.hosting_amenity_49"",""translation missing: en.hosting_amenity_50"",""Room-darkening shades"",""Hot water"",""Bed linens"",""Extra pillows and blankets"",""Pocket wifi"",Microwave,""Coffee maker"",Refrigerator,""Dishes and silverware"",""Cooking basics"",Oven,Stove,""Long term stays allowed"",""Cleaning before checkout"",""Wide hallway clearance"",""Step-free access"",""Wide doorway"",""Flat path to front door"",""Well-lit path to entrance"",""Step-free access"",""Accessible-height bed"",""Step-free access"",""Wide doorway"",""Accessible-height toilet"",""Wide clearance to shower, toilet"",""Step-free access"",""Wide entryway"",""Host greets you"",""Handheld shower head""}",$89.00,1,$100.00,2,90,36.0,f,f,moderate
899,f,1.0,-22.98516262992971,-43.19089398091055,Apartment,Entire home/apt,3,1.0,1.0,1.0,Real Bed,"{TV,""Cable TV"",Internet,Wifi,""Air conditioning"",Kitchen,""Smoking allowed"",""Pets allowed"",Doorman,Elevator,""Buzzer/wireless intercom"",""Family/kid friendly""}",$128.00,1,$0.00,1,28,204.0,f,f,strict_14_with_grace_period
900,f,2.0,-22.99283946665226,-43.23285118329733,Apartment,Entire home/apt,6,1.5,3.0,4.0,Real Bed,"{TV,""Cable TV"",Wifi,""Air conditioning"",Kitchen,""Free parking on premises"",Elevator,""Hot tub"",""Family/kid friendly"",Washer,Dryer,Essentials,Hangers,""Hot water"",""Bed linens""}","$1,030.00",4,$194.00,3,30,0.0,f,f,strict_14_with_grace_period
901,f,2.0,-22.965691540683565,-43.186856746768,Apartment,Entire home/apt,6,2.0,3.0,4.0,Real Bed,"{TV,""Cable TV"",Internet,Wifi,""Air conditioning"",Kitchen,""Free parking on premises"",Elevator,Heating,""Family/kid friendly"",Washer,Dryer,Essentials}",$952.00,4,$194.00,3,28,0.0,f,f,flexible
902,f,2.0,-22.96368268750248,-43.17499520396012,Apartment,Entire home/apt,3,1.0,1.0,2.0,Real Bed,"{TV,Internet,Wifi,""Air conditioning"",Kitchen,""Smoking allowed"",""Pets allowed"",Doorman,Elevator,""Buzzer/wireless intercom"",""Family/kid friendly"",""24-hour check-in"",Hangers,Iron,""Laptop friendly workspace""}",$171.00,1,$0.00,3,1125,4.0,t,f,flexible
903,f,2.0,-22.937528654378408,-43.19051246635149,House,Entire home/apt,4,1.0,1.0,2.0,Real Bed,"{TV,Internet,Wifi,""Air conditioning"",Kitchen,""Smoking allowed"",""Family/kid friendly"",Washer}",$229.00,2,$117.00,4,30,1.0,f,f,strict_14_with_grace_period
904,f,2.0,-22.916131365460725,-43.17840644861972,Apartment,Shared room,3,1.0,1.0,3.0,Real Bed,"{""Cable TV"",Internet,Wifi,""Air conditioning"",""Pets live on this property"",Dog(s),Elevator,""Buzzer/wireless intercom"",Washer}",$62.00,1,$62.00,2,360,4.0,f,f,strict_14_with_grace_period
905,f,1.0,-22.921303754442174,-43.17946331070375,Apartment,Entire home/apt,3,1.0,1.0,2.0,Real Bed,"{Internet,Wifi,""Air conditioning"",""Wheelchair accessible"",Kitchen,""Smoking allowed"",Doorman,Elevator,""Buzzer/wireless intercom"",""Family/kid friendly"",Essentials,""Laptop friendly workspace""}",$120.00,2,$90.00,4,90,0.0,f,f,strict_14_with_grace_period
906,f,1.0,-22.925157989347657,-43.17857867002935,Apartment,Entire home/apt,3,1.0,1.0,1.0,Airbed,"{TV,""Air conditioning"",Kitchen,""Smoking allowed"",""Pets allowed"",Doorman,Elevator,""Buzzer/wireless intercom""}",$128.00,2,$0.00,7,90,1.0,f,f,strict_14_with_grace_period
907,f,1.0,-22.963367910766927,-43.21945790746282,Loft,Entire home/apt,6,2.0,2.0,2.0,Real Bed,"{TV,Internet,Wifi,""Air conditioning"",Kitchen,Elevator,""Family/kid friendly"",""Suitable for events"",Washer,Essentials,Shampoo,Hangers,""Hair dryer"",Iron,""Laptop friendly workspace""}",$800.00,1,$0.00,5,1125,4.0,f,f,moderate
908,f,1.0,-22.96781573073296,-43.18001154455975,Apartment,Entire home/apt,4,1.5,2.0,2.0,Real Bed,"{""Cable TV"",Internet,Wifi,""Air conditioning"",Kitchen,Doorman,Elevator,""Buzzer/wireless intercom"",Washer,""translation missing: en.hosting_amenity_49"",""translation missing: en.hosting_amenity_50""}",$501.00,1,$0.00,3,7,3.0,f,f,moderate
909,f,1.0,-22.99955466167954,-43.340502016626,House,Entire home/apt,12,8.0,6.0,14.0,Real Bed,"{TV,""Cable TV"",Internet,Wifi,""Air conditioning"",Pool,Kitchen,""Free parking on premises"",""Hot tub"",""Indoor fireplace"",""Family/kid friendly"",Washer,Dryer,""Laptop friendly workspace""}","$4,499.00",1,$0.00,7,1125,0.0,f,f,strict_14_with_grace_period
910,f,2.0,-23.01060100815245,-43.355683306601655,Serviced apartment,Entire home/apt,4,1.0,1.0,1.0,Real Bed,"{TV,""Cable TV"",Internet,Wifi,""Air conditioning"",Pool,Kitchen,""Free parking on premises"",""Smoking allowed"",Doorman,Elevator,""Buzzer/wireless intercom"",Essentials,Hangers,""Laptop friendly workspace"",""Self check-in"",""Building staff"",""Hot water"",""Bed linens"",Microwave,""Coffee maker"",Refrigerator,""Dishes and silverware"",""Cooking basics"",Oven,Stove,""Patio or balcony"",""Cleaning before checkout"",Waterfront,Beachfront}",$97.00,2,$25.00,2,10,1.0,f,f,moderate
911,f,2.0,-23.010861209185663,-43.34948665293286,Apartment,Entire home/apt,4,1.0,1.0,1.0,Real Bed,"{TV,""Cable TV"",Internet,Wifi,""Air conditioning"",Pool,Kitchen,""Free parking on premises"",""Smoking allowed"",Doorman,Gym,Elevator,""Buzzer/wireless intercom"",""Family/kid friendly""}",$299.00,2,$30.00,2,365,0.0,f,f,strict_14_with_grace_period
912,f,4.0,-22.94697729596218,-43.16221345491686,Bed and breakfast,Shared room,16,3.0,1.0,16.0,Airbed,"{TV,""Cable TV"",Internet,Wifi,""Air conditioning"",Pool,Kitchen,""Smoking allowed"",""Pets allowed"",Breakfast,""Pets live on this property"",Dog(s),""Family/kid friendly"",Washer}",$109.00,1,$0.00,4,1125,1.0,f,f,flexible
913,f,3.0,-22.983575481359768,-43.19522989213604,Apartment,Private room,1,2.0,1.0,1.0,Real Bed,"{Internet,Wifi,Kitchen,Doorman,Elevator,""Buzzer/wireless intercom"",Washer,Essentials}",$109.00,1,$0.00,3,1125,1.0,f,f,strict_14_with_grace_period
914,f,5.0,-22.911130199475068,-43.187041857756405,Apartment,Entire home/apt,4,1.0,1.0,4.0,Real Bed,"{TV,""Air conditioning"",Kitchen,""Smoking allowed"",Doorman,Elevator,""Buzzer/wireless intercom"",Washer,Essentials,Hangers,Iron,""translation missing: en.hosting_amenity_49"",""translation missing: en.hosting_amenity_50""}",$109.00,1,$50.00,3,1125,6.0,f,f,strict_14_with_grace_period
915,f,1.0,-22.96585356730886,-43.290746583205525,Treehouse,Private room,2,1.0,1.0,1.0,Real Bed,"{TV,Wifi,Pool,Kitchen,""Free parking on premises"",""Pets live on this property"",Dog(s),Cat(s),""Family/kid friendly"",""Suitable for events"",Washer}",$583.00,1,$0.00,1,14,0.0,t,f,strict_14_with_grace_period
916,t,23.0,-22.98249023031611,-43.1985545721578,Guest suite,Private room,2,1.0,1.0,1.0,Real Bed,"{TV,""Cable TV"",Internet,Wifi,""Air conditioning"",Kitchen,Doorman,Gym,Elevator,""Buzzer/wireless intercom"",Essentials,Shampoo,""Lock on bedroom door"",Hangers,""Hair dryer"",Iron,""Laptop friendly workspace"",""translation missing: en.hosting_amenity_49"",""translation missing: en.hosting_amenity_50"",""Self check-in"",""Smart lock"",""Private entrance"",""Hot water"",""Bed linens"",Microwave,""Coffee maker"",Refrigerator,""Dishes and silverware"",""Cooking basics"",Oven,Stove,""Step-free access"",""Wide doorway"",""Well-lit path to entrance"",""Step-free access"",""Step-free access"",""Step-free access"",""Paid parking on premises""}",$109.00,2,$0.00,2,1124,11.0,t,f,strict_14_with_grace_period
917,f,2.0,-22.923051270940363,-43.17445323777774,House,Entire home/apt,3,1.0,1.0,2.0,Real Bed,"{""Cable TV"",Wifi,Kitchen,""Buzzer/wireless intercom"",""Family/kid friendly"",""Suitable for events"",Washer,""Smoke detector"",Essentials,Shampoo}",$117.00,2,$50.00,7,80,15.0,f,f,strict_14_with_grace_period
918,f,3.0,-22.983287122281716,-43.2114840734309,Apartment,Private room,2,1.0,1.0,1.0,Real Bed,"{TV,""Cable TV"",Internet,Wifi,Kitchen,Doorman,Breakfast,""Pets live on this property"",Cat(s),Elevator,""Buzzer/wireless intercom"",""Suitable for events"",Washer,""Smoke detector"",""Carbon monoxide detector"",""First aid kit"",""Fire extinguisher"",Essentials,Shampoo,""24-hour check-in"",Hangers,""Hair dryer"",Iron,""Laptop friendly workspace"",""translation missing: en.hosting_amenity_49"",""translation missing: en.hosting_amenity_50""}",$120.00,1,$120.00,2,1125,35.0,f,f,moderate
919,f,3.0,-22.98493168362016,-43.2108122839977,Apartment,Private room,1,1.0,1.0,1.0,Real Bed,"{TV,""Cable TV"",Wifi,Kitchen,""Paid parking off premises"",Elevator,""Family/kid friendly"",Washer,""Smoke detector"",""Carbon monoxide detector"",""First aid kit"",""Fire extinguisher"",Essentials,Shampoo,Hangers,""Hair dryer"",Iron,""Laptop friendly workspace"",""Window guards"",""Hot water"",""Bed linens"",""Extra pillows and blankets"",""Ethernet connection"",""Pocket wifi"",Microwave,""Coffee maker"",Refrigerator,""Dishes and silverware"",""Cooking basics"",Oven,Stove,""Luggage dropoff allowed"",""Long term stays allowed"",""Cleaning before checkout"",""Step-free access"",""Wide doorway"",""Flat path to front door"",""Well-lit path to entrance"",""Step-free access"",""Accessible-height toilet"",""Step-free access"",""Wide entryway""}",$85.00,1,$0.00,2,365,51.0,f,f,moderate
920,f,3.0,-22.984477550001596,-43.194097496459726,Apartment,Private room,1,2.0,1.0,1.0,Real Bed,"{Internet,Wifi,Kitchen,Doorman,Elevator,""Buzzer/wireless intercom"",Washer}",$117.00,1,$0.00,3,1125,0.0,f,f,strict_14_with_grace_period
921,f,2.0,-22.96569137432516,-43.180706533108456,Apartment,Entire home/apt,2,1.0,1.0,1.0,Futon,"{TV,""Cable TV"",Internet,Wifi,""Air conditioning"",Kitchen,Doorman,Elevator,Washer,Dryer,Essentials,""translation missing: en.hosting_amenity_49"",""translation missing: en.hosting_amenity_50""}",$120.00,2,$45.00,5,31,67.0,t,f,moderate
922,t,3.0,-22.984357738918792,-43.19391220599,Apartment,Entire home/apt,11,2.0,3.0,9.0,Real Bed,"{TV,""Cable TV"",Wifi,""Air conditioning"",Kitchen,""Paid parking off premises"",Elevator,""Free street parking"",""Family/kid friendly"",Washer,""First aid kit"",Essentials,Shampoo,Hangers,""Hair dryer"",Iron,""Laptop friendly workspace"",""Self check-in"",""Building staff"",""Room-darkening shades"",""Hot water"",""Bed linens"",""Extra pillows and blankets"",""Ethernet connection"",Microwave,""Coffee maker"",Refrigerator,""Dishes and silverware"",""Cooking basics"",Oven,Stove,""Long term stays allowed"",""Wide hallway clearance"",""Wide doorway"",""Well-lit path to entrance"",""Step-free access"",""Wide clearance to bed"",""Accessible-height bed"",""Step-free access"",""Accessible-height toilet"",""Paid parking on premises""}",$260.00,1,$54.00,2,90,109.0,t,f,moderate
923,f,1.0,-22.97609034377398,-43.23600076772357,House,Entire home/apt,8,2.0,3.0,3.0,Real Bed,"{""Cable TV"",Wifi,""Air conditioning"",Kitchen,""Free parking on premises"",""Smoking allowed"",""Pets allowed"",Doorman,""Pets live on this property"",Cat(s),Washer}","$1,200.00",6,$100.00,4,30,3.0,f,f,strict_14_with_grace_period
924,f,2.0,-22.92079513485149,-43.18613605593098,Apartment,Private room,5,2.0,1.0,3.0,Real Bed,"{TV,""Cable TV"",Internet,""Wheelchair accessible"",Kitchen,""Smoking allowed"",Doorman,""Pets live on this property"",Cat(s),Elevator,""Buzzer/wireless intercom"",""Family/kid friendly"",Washer,Dryer}",$241.00,1,$120.00,2,30,3.0,f,f,strict_14_with_grace_period
925,f,4.0,-22.83999040719639,-43.29774324795096,Apartment,Private room,10,1.0,1.0,3.0,Futon,"{TV,Kitchen,""Paid parking off premises"",Breakfast,""Free street parking"",""Buzzer/wireless intercom"",Washer,""Safety card"",Essentials,Shampoo,""24-hour check-in"",Hangers,Iron,""Laptop friendly workspace"",""translation missing: en.hosting_amenity_49"",""translation missing: en.hosting_amenity_50"",""Room-darkening shades"",""Hot water"",""Bed linens"",""Extra pillows and blankets"",Refrigerator,""Cooking basics"",Stove,""Patio or balcony"",""Luggage dropoff allowed"",""Long term stays allowed"",""Cleaning before checkout"",""Well-lit path to entrance"",""Step-free access"",""Wide clearance to bed"",""Step-free access"",""Accessible-height toilet"",""Wide clearance to shower, toilet"",""Host greets you""}",$58.00,1,$60.00,1,365,8.0,t,f,strict_14_with_grace_period
926,f,4.0,-22.92364687411833,-43.172522330634216,Apartment,Entire home/apt,2,1.0,1.0,1.0,Real Bed,"{TV,""Cable TV"",Internet,Wifi,""Air conditioning"",Kitchen,Doorman,Elevator,""Buzzer/wireless intercom"",Essentials,Shampoo,Hangers,""Hair dryer"",Iron,""Laptop friendly workspace"",Other}",$109.00,1,$0.00,1,1125,1.0,f,f,flexible
927,t,2.0,-22.98180626674706,-43.19262566838697,Apartment,Private room,2,1.0,1.0,1.0,Real Bed,"{TV,""Cable TV"",Wifi,Doorman,Elevator,""Free street parking"",""Buzzer/wireless intercom"",""Family/kid friendly"",Essentials,Shampoo,""Lock on bedroom door"",""Hair dryer"",""translation missing: en.hosting_amenity_50"",""Self check-in"",""Building staff"",""Hot water"",Refrigerator,""Dishes and silverware"",Oven,Stove}",$89.00,2,$0.00,3,30,68.0,t,f,strict_14_with_grace_period
928,f,1.0,-22.91562707288393,-43.189761639897526,Apartment,Entire home/apt,9,2.0,3.0,6.0,Real Bed,"{""Cable TV"",Internet,Wifi,""Air conditioning"",Kitchen,""Smoking allowed"",Doorman,Elevator,""Buzzer/wireless intercom"",Washer,Iron,""Laptop friendly workspace"",""translation missing: en.hosting_amenity_49"",""translation missing: en.hosting_amenity_50""}",$451.00,1,$80.00,3,90,0.0,f,f,flexible
929,f,55.0,-22.98345903310548,-43.203053648655775,Apartment,Private room,2,1.0,1.0,1.0,Futon,"{""Cable TV"",Internet,""Air conditioning""}",$544.00,1,$0.00,1,1125,0.0,f,f,strict_14_with_grace_period
930,f,1.0,-22.933404954821743,-43.17944702484681,Apartment,Entire home/apt,3,1.0,1.0,2.0,Real Bed,"{Internet,Wifi,""Air conditioning"",Kitchen,""Smoking allowed"",""Buzzer/wireless intercom"",""Family/kid friendly"",Washer,Essentials,""24-hour check-in"",Hangers,Iron}",$89.00,1,$0.00,2,1125,3.0,f,f,strict_14_with_grace_period
931,f,1.0,-22.967616774021423,-43.18947911697807,Apartment,Entire home/apt,4,1.0,1.0,2.0,Real Bed,"{TV,""Cable TV"",Internet,Wifi,""Air conditioning"",Kitchen,""Smoking allowed"",Doorman,""Buzzer/wireless intercom"",""Family/kid friendly"",""Fire extinguisher"",Shampoo,""24-hour check-in"",Hangers,""Hair dryer"",Iron,""Laptop friendly workspace""}",$210.00,2,$80.00,3,30,19.0,f,f,strict_14_with_grace_period
932,f,2.0,-22.982695669322517,-43.2005937702789,Apartment,Private room,2,2.0,1.0,1.0,Real Bed,"{Internet,Wifi,Kitchen,""Pets live on this property"",Dog(s)}",$249.00,2,$100.00,2,1125,3.0,t,f,strict_14_with_grace_period
933,f,3.0,-22.97322509378959,-43.18642579166133,Apartment,Entire home/apt,4,1.0,1.0,1.0,Real Bed,"{TV,""Cable TV"",Wifi,""Air conditioning"",""Wheelchair accessible"",Kitchen,""Smoking allowed"",Doorman,Elevator,""Buzzer/wireless intercom"",""Family/kid friendly""}",$159.00,1,$150.00,1,21,7.0,f,f,strict_14_with_grace_period
934,f,2.0,-22.98652142289157,-43.19287525737916,Apartment,Entire home/apt,4,2.0,2.0,4.0,Real Bed,"{TV,""Cable TV"",Wifi,""Air conditioning"",Kitchen,Doorman,Elevator,""Hot tub"",""Buzzer/wireless intercom"",Heating,""Family/kid friendly"",""Fire extinguisher"",Essentials,Hangers,""Hair dryer"",Bathtub,""Hot water"",""Bed linens"",""Extra pillows and blankets""}",$536.00,4,$329.00,7,30,5.0,f,f,strict_14_with_grace_period
935,f,1.0,-22.971427540863484,-43.191344827633344,Apartment,Entire home/apt,4,1.0,1.0,2.0,Real Bed,"{TV,""Cable TV"",Internet,Wifi,""Air conditioning"",""Wheelchair accessible"",Kitchen,""Paid parking off premises"",Doorman,Elevator,""Free street parking"",""Buzzer/wireless intercom"",""Family/kid friendly"",""Suitable for events"",Washer,""Smoke detector"",""Carbon monoxide detector"",""First aid kit"",""Fire extinguisher"",Essentials,Shampoo,""24-hour check-in"",Hangers,""Hair dryer"",Iron,""Self check-in"",""Building staff"",""Hot water"",""Luggage dropoff allowed"",""Long term stays allowed""}",$155.00,2,$20.00,3,365,3.0,f,f,strict_14_with_grace_period
936,f,1.0,-22.91448543102127,-43.23480468248728,Apartment,Entire home/apt,7,3.0,3.0,4.0,Real Bed,"{TV,Internet,Wifi,""Air conditioning"",""Wheelchair accessible"",Pool,Kitchen,""Free parking on premises"",Elevator,""Family/kid friendly"",Washer}","$1,554.00",1,$0.00,1,1125,0.0,f,f,flexible
937,f,1.0,-22.96054419330101,-43.17313036595808,Apartment,Entire home/apt,5,2.0,2.0,1.0,Real Bed,"{TV,""Cable TV"",Wifi,""Air conditioning"",Kitchen,""Paid parking off premises"",Doorman,Elevator,""Free street parking"",Washer,Dryer,""Fire extinguisher"",Essentials,Hangers,Iron,""Laptop friendly workspace"",""Hot water"",""Host greets you"",""Paid parking on premises""}",$315.00,1,$20.00,3,15,6.0,f,f,strict_14_with_grace_period
938,f,1.0,-22.983418437239337,-43.21352234620167,Apartment,Entire home/apt,4,2.0,2.0,2.0,Real Bed,"{TV,Internet,Wifi,""Air conditioning"",Kitchen,Doorman,Elevator,""Buzzer/wireless intercom"",""Family/kid friendly"",Washer,""Smoke detector"",""Carbon monoxide detector"",Essentials,Shampoo,Hangers,""Hair dryer"",Iron,""Laptop friendly workspace"",""Self check-in"",""Building staff""}",$528.00,2,$0.00,5,1125,12.0,f,f,strict_14_with_grace_period
939,f,1.0,-22.922958834789128,-43.22929831925919,Apartment,Private room,4,1.0,1.0,1.0,Real Bed,"{TV,""Cable TV"",Wifi,""Air conditioning"",Kitchen,""Free parking on premises"",Doorman,Elevator,""Buzzer/wireless intercom"",""Family/kid friendly"",Washer,Dryer}",$998.00,1,$0.00,7,40,0.0,f,f,moderate
940,f,1.0,-22.965481876094078,-43.231898107461845,House,Private room,1,1.0,1.0,2.0,Real Bed,"{""Cable TV"",Wifi,Kitchen,""Pets allowed"",""Pets live on this property"",Cat(s),Washer}",$389.00,1,$389.00,3,1825,0.0,f,f,strict_14_with_grace_period
941,f,2.0,-22.92264953645048,-43.185863749216175,Apartment,Private room,2,1.0,1.0,2.0,Real Bed,"{TV,""Cable TV"",Internet,Wifi,""Wheelchair accessible"",Kitchen,""Smoking allowed"",Doorman,""Pets live on this property"",Cat(s),Elevator,""Buzzer/wireless intercom"",""Family/kid friendly"",Washer,Hangers,""Hair dryer"",Iron,""Laptop friendly workspace""}",$179.00,1,$0.00,1,1125,4.0,f,f,flexible
942,t,5.0,-22.923545955043465,-43.18968670687483,Bed and breakfast,Private room,2,1.0,1.0,2.0,Real Bed,"{Internet,Wifi,Pool,""Smoking allowed"",Breakfast,""Pets live on this property"",Dog(s),""Other pet(s)"",""Smoke detector"",""Fire extinguisher"",Essentials,Shampoo,Hangers,""Hair dryer"",""Laptop friendly workspace"",""translation missing: en.hosting_amenity_49"",""translation missing: en.hosting_amenity_50""}",$268.00,1,$0.00,2,14,18.0,f,f,strict_14_with_grace_period
943,f,1.0,-23.001332423585666,-43.648763950534494,Hostel,Entire home/apt,5,3.0,3.0,5.0,Real Bed,"{""Cable TV"",Internet,Wifi,""Air conditioning"",""Smoking allowed"",Breakfast,""Pets live on this property"",Dog(s),""Family/kid friendly"",""First aid kit"",""Lock on bedroom door""}",$163.00,2,$70.00,1,1125,0.0,f,f,strict_14_with_grace_period
944,f,8.0,-22.98150588956955,-43.19075832110533,Apartment,Entire home/apt,8,4.0,4.0,4.0,Real Bed,"{TV,""Cable TV"",Internet,Wifi,""Air conditioning"",Pool,Kitchen,""Smoking allowed"",Doorman,Elevator,""Family/kid friendly""}","$1,134.00",9,$0.00,3,1125,6.0,t,f,flexible
945,f,7.0,-22.9784674012298,-43.1917443564512,Apartment,Entire home/apt,5,1.5,1.0,1.0,Real Bed,"{TV,""Cable TV"",Internet,Wifi,""Air conditioning"",Kitchen,Doorman,Elevator,""Free street parking"",""Buzzer/wireless intercom"",""Family/kid friendly"",Washer,Dryer,Essentials,Hangers,""Hair dryer"",Iron,""translation missing: en.hosting_amenity_50"",""Self check-in"",Lockbox,""Hot water"",""Bed linens"",Microwave,""Coffee maker"",Refrigerator,""Dishes and silverware"",""Cooking basics"",Stove,""Long term stays allowed"",""Paid parking on premises""}",$190.00,3,$50.00,2,365,90.0,t,f,strict_14_with_grace_period
946,t,2.0,-22.98192367337661,-43.19318266282632,Apartment,Private room,2,1.0,1.0,1.0,Real Bed,"{TV,Internet,Wifi,""Paid parking off premises"",Doorman,""Pets live on this property"",Cat(s),""Buzzer/wireless intercom"",Washer,Essentials,Shampoo,""Lock on bedroom door"",Hangers,""Hair dryer"",Iron,""Laptop friendly workspace"",""translation missing: en.hosting_amenity_49"",""translation missing: en.hosting_amenity_50"",""Private entrance"",""Window guards"",""Room-darkening shades"",""Hot water"",""Bed linens"",Microwave,""Coffee maker"",""Luggage dropoff allowed"",""Host greets you""}",$82.00,1,$0.00,3,29,161.0,f,f,strict_14_with_grace_period
947,f,3.0,-22.96783662328464,-43.18576293306239,Apartment,Entire home/apt,7,3.0,3.0,5.0,Real Bed,"{TV,""Cable TV"",Internet,Wifi,""Air conditioning"",""Wheelchair accessible"",Kitchen,""Smoking allowed"",Doorman,Elevator,""Indoor fireplace"",""Buzzer/wireless intercom"",""Family/kid friendly"",Washer,Essentials,Hangers,Iron,""Laptop friendly workspace"",""High chair"",""Hot water"",""Luggage dropoff allowed"",""Long term stays allowed"",""Host greets you"",""Paid parking on premises""}",$280.00,6,$30.00,2,88,46.0,f,f,strict_14_with_grace_period
948,f,1.0,-22.98446981598189,-43.19239443360339,Apartment,Entire home/apt,4,1.0,2.0,3.0,Real Bed,"{TV,""Cable TV"",Internet,Wifi,""Air conditioning"",""Wheelchair accessible"",Kitchen,""Paid parking off premises"",Doorman,Elevator,""Free street parking"",""Buzzer/wireless intercom"",Washer,Dryer,""Smoke detector"",""Carbon monoxide detector"",""First aid kit"",""Fire extinguisher"",Essentials,Shampoo,Hangers,""Hair dryer"",Iron,""Laptop friendly workspace"",""translation missing: en.hosting_amenity_49"",""translation missing: en.hosting_amenity_50"",""Private entrance"",""Hot water"",""Bed linens"",""Extra pillows and blankets"",""Ethernet connection"",Microwave,""Coffee maker"",""Dishes and silverware"",""Cooking basics"",Oven,Stove,""Luggage dropoff allowed"",""Long term stays allowed"",""Host greets you""}",$241.00,2,$0.00,2,90,7.0,t,f,strict_14_with_grace_period
949,t,3.0,-22.97931751892861,-43.18992799822156,Apartment,Entire home/apt,3,1.0,1.0,1.0,Real Bed,"{""Cable TV"",Wifi,""Air conditioning"",Kitchen,Doorman,Elevator,""Buzzer/wireless intercom"",Washer,Hangers,""Hair dryer"",Iron}",$148.00,2,$30.00,3,1125,124.0,f,f,strict_14_with_grace_period
950,f,1.0,-22.979186443032173,-43.19186208445719,Apartment,Entire home/apt,4,1.0,2.0,2.0,Real Bed,"{TV,Wifi,""Air conditioning"",Kitchen,""Free parking on premises"",Elevator,""Family/kid friendly"",Washer,""Hair dryer"",Iron,""Laptop friendly workspace""}",$800.00,1,$0.00,5,10,0.0,f,f,flexible
951,f,1.0,-22.95723722417507,-43.18057801354839,Apartment,Entire home/apt,4,1.0,1.0,2.0,Real Bed,"{TV,""Air conditioning"",Kitchen,""Free parking on premises"",""Smoking allowed"",""Pets allowed"",Washer,Essentials,""translation missing: en.hosting_amenity_49"",""translation missing: en.hosting_amenity_50""}",$249.00,4,$100.00,5,1125,0.0,f,f,moderate
952,f,2.0,-22.91264020993401,-43.183103355382535,Apartment,Entire home/apt,2,1.0,1.0,1.0,Real Bed,"{TV,Internet,Wifi,""Air conditioning"",Kitchen,Doorman,Elevator,""First aid kit"",""Fire extinguisher"",Essentials,Shampoo,""24-hour check-in"",Hangers,""Hair dryer"",""translation missing: en.hosting_amenity_49"",""translation missing: en.hosting_amenity_50"",Microwave,""Coffee maker"",Refrigerator,""Dishes and silverware"",""Cooking basics"",""Luggage dropoff allowed"",""Long term stays allowed"",""Wide hallway clearance"",""Wide doorway"",""Well-lit path to entrance"",""Step-free access"",""Accessible-height bed"",""Step-free access"",""Accessible-height toilet""}",$109.00,2,$40.00,2,90,74.0,t,f,strict_14_with_grace_period
953,f,1.0,-22.960400144341577,-43.21531429476335,Hostel,Shared room,4,1.0,1.0,3.0,Real Bed,"{TV,Wifi,Kitchen,Breakfast,""First aid kit"",Essentials,Shampoo,Iron}",$140.00,1,$140.00,3,45,1.0,f,f,strict_14_with_grace_period
954,f,6.0,-22.985071907544647,-43.19568749147897,Apartment,Entire home/apt,5,2.0,2.0,5.0,Real Bed,"{TV,""Cable TV"",Wifi,Kitchen,""Paid parking off premises"",""Smoking allowed"",Elevator,""Free street parking"",""Family/kid friendly"",Washer,""Smoke detector"",""Carbon monoxide detector"",""First aid kit"",""Fire extinguisher"",Essentials,Shampoo,Hangers,Iron,""Laptop friendly workspace"",""Self check-in"",""Building staff"",""Private entrance"",""Outlet covers"",""Baby bath"",""Room-darkening shades"",""Children’s dinnerware"",""Hot water"",""Bed linens"",""Extra pillows and blankets"",Microwave,""Coffee maker"",Refrigerator,""Dishes and silverware"",""Cooking basics"",Oven,Stove,""Beach essentials"",""Luggage dropoff allowed"",""Long term stays allowed"",""Wide hallway clearance"",""Step-free access"",""Wide doorway"",""Well-lit path to entrance"",""Step-free access"",""Wide clearance to bed"",""Accessible-height bed"",""Step-free access"",""Accessible-height toilet"",""Wide entryway"",""Handheld shower head""}",$97.00,2,$78.00,4,1125,72.0,f,f,strict_14_with_grace_period
955,f,1.0,-22.96957643520474,-43.18888244898157,Apartment,Entire home/apt,3,1.5,2.0,2.0,Real Bed,"{TV,""Cable TV"",Wifi,""Air conditioning"",""Wheelchair accessible"",Pool,Kitchen,""Free parking on premises"",Elevator,""Family/kid friendly"",Washer,Essentials,Hangers,Iron,""Laptop friendly workspace"",""translation missing: en.hosting_amenity_50"",""Hot water"",""Bed linens"",Microwave,""Coffee maker"",Refrigerator,""Dishes and silverware"",""Cooking basics"",Oven,Stove,""Patio or balcony"",""Long term stays allowed"",""Step-free access"",""Step-free access"",""Step-free access"",""Host greets you"",""Fixed grab bars for shower""}",$299.00,1,$0.00,6,40,15.0,f,f,strict_14_with_grace_period
956,f,3.0,-22.97084598474328,-43.18575865101919,Apartment,Entire home/apt,3,1.0,1.0,1.0,Real Bed,"{TV,Internet,""Air conditioning"",Kitchen,Doorman,Elevator,""Buzzer/wireless intercom"",Washer,""translation missing: en.hosting_amenity_49"",""translation missing: en.hosting_amenity_50""}",$148.00,2,$40.00,5,30,8.0,t,f,strict_14_with_grace_period
957,f,1.0,-22.982427652724983,-43.21329084608335,Apartment,Entire home/apt,4,3.0,2.0,2.0,Real Bed,"{""Cable TV"",Internet,Wifi,""Air conditioning"",Kitchen,""Smoking allowed"",Doorman,""Pets live on this property"",Cat(s),Elevator,""Buzzer/wireless intercom"",Washer,Shampoo,Hangers,Iron}","$2,001.00",1,$100.00,2,15,9.0,f,f,moderate
958,t,3.0,-22.873930315478496,-43.56541215948565,House,Entire home/apt,5,1.5,2.0,4.0,Real Bed,"{TV,""Cable TV"",Internet,Wifi,""Air conditioning"",Kitchen,""Pets live on this property"",Dog(s),Cat(s),""Other pet(s)"",""Free street parking"",""Family/kid friendly"",Washer,""First aid kit"",Essentials,Shampoo,Hangers,""Hair dryer"",Iron,""Laptop friendly workspace"",""Hot water"",""Luggage dropoff allowed"",""Long term stays allowed"",""Host greets you""}",$78.00,1,$54.00,1,90,21.0,f,f,moderate
959,t,7.0,-22.98220568774715,-43.19538321904557,Apartment,Entire home/apt,4,2.5,2.0,4.0,Real Bed,"{TV,""Cable TV"",Internet,Wifi,""Air conditioning"",Kitchen,Doorman,Elevator,""Buzzer/wireless intercom"",""Family/kid friendly"",Washer,Essentials,""24-hour check-in"",Iron,""Laptop friendly workspace""}",$521.00,4,$0.00,10,30,3.0,f,f,strict_14_with_grace_period
960,t,1.0,-22.984064324510875,-43.208947252933214,Apartment,Entire home/apt,5,1.0,1.0,2.0,Real Bed,"{TV,""Cable TV"",Wifi,""Air conditioning"",Kitchen,""Paid parking off premises"",""Pets allowed"",Elevator,""Free street parking"",""Family/kid friendly"",Washer,Dryer,""Smoke detector"",""Carbon monoxide detector"",""Fire extinguisher"",Essentials,Shampoo,""Lock on bedroom door"",Hangers,""Hair dryer"",Iron,""Laptop friendly workspace"",""Self check-in"",""Building staff"",Crib,""Pack ’n Play/travel crib"",""Room-darkening shades"",""Hot water"",""Bed linens"",""Extra pillows and blankets"",""Ethernet connection"",""Pocket wifi"",Microwave,""Coffee maker"",Refrigerator,""Dishes and silverware"",""Cooking basics"",Oven,Stove,""Well-lit path to entrance"",""Handheld shower head""}",$190.00,2,$30.00,1,25,126.0,t,f,flexible
961,t,5.0,-22.98405799249609,-43.19390705806564,Loft,Entire home/apt,2,1.0,1.0,2.0,Real Bed,"{TV,""Cable TV"",Internet,Wifi,""Air conditioning"",Kitchen,Doorman,Elevator,""Buzzer/wireless intercom"",""Family/kid friendly"",Essentials,""24-hour check-in"",Hangers,""Hair dryer"",Iron,""Laptop friendly workspace"",Other}",$140.00,1,$0.00,3,180,77.0,f,f,strict_14_with_grace_period
962,f,3.0,-22.97867127270077,-43.1892490524404,Apartment,Entire home/apt,6,2.0,3.0,3.0,Real Bed,"{""Cable TV"",Internet,Kitchen,Doorman,Elevator,""Buzzer/wireless intercom"",""Family/kid friendly"",Washer}",$198.00,1,$0.00,5,30,4.0,t,f,strict_14_with_grace_period
963,f,1.0,-22.91762027730588,-43.17711891778839,Loft,Entire home/apt,2,1.0,1.0,1.0,Real Bed,"{Internet,Wifi,""Wheelchair accessible"",Kitchen,""Smoking allowed"",Doorman,""Family/kid friendly"",Washer}",$307.00,2,$74.00,5,15,1.0,f,f,strict_14_with_grace_period
965,f,1.0,-22.927344685762787,-43.2096334085181,Apartment,Private room,2,2.0,1.0,1.0,Real Bed,"{Internet,Wifi,""Air conditioning"",""Wheelchair accessible"",Kitchen,Doorman,Breakfast,Elevator,""Buzzer/wireless intercom"",Washer}",$291.00,2,$0.00,3,7,1.0,f,f,moderate
966,f,3.0,-22.98506232090019,-43.19629842809661,Apartment,Entire home/apt,4,1.5,1.0,1.0,Real Bed,"{TV,""Cable TV"",Internet,Wifi,""Air conditioning"",Kitchen,""Paid parking off premises"",Doorman,Elevator,""Buzzer/wireless intercom"",""Family/kid friendly"",Washer,Dryer,Essentials,Shampoo,""24-hour check-in"",Hangers,""Hair dryer"",Iron,""Laptop friendly workspace"",""translation missing: en.hosting_amenity_49"",""Hot water"",""Bed linens"",""Luggage dropoff allowed"",""Long term stays allowed"",""Host greets you""}",$179.00,1,$50.00,2,365,6.0,f,f,strict_14_with_grace_period
967,f,19.0,-22.981564552874648,-43.18993555699829,Apartment,Entire home/apt,5,1.0,1.0,2.0,Real Bed,"{TV,""Cable TV"",Internet,Wifi,""Air conditioning"",Kitchen,""Pets allowed"",Doorman,Elevator,""Buzzer/wireless intercom"",""Family/kid friendly"",Essentials,""24-hour check-in"",Hangers,""Hair dryer"",Iron,""translation missing: en.hosting_amenity_50"",""Hot water"",""Luggage dropoff allowed"",""Long term stays allowed"",""Host greets you""}",$140.00,2,$0.00,3,1125,63.0,f,f,strict_14_with_grace_period
968,f,19.0,-22.980060392428022,-43.1915360414395,Apartment,Entire home/apt,5,1.0,1.0,2.0,Real Bed,"{TV,""Cable TV"",Internet,Wifi,""Air conditioning"",Kitchen,""Pets allowed"",Doorman,Elevator,""Buzzer/wireless intercom"",Essentials,""Hair dryer"",Iron,""Laptop friendly workspace"",""translation missing: en.hosting_amenity_49"",""translation missing: en.hosting_amenity_50"",""Hot water"",""Luggage dropoff allowed"",""Long term stays allowed"",""Host greets you""}",$140.00,1,$0.00,3,365,32.0,f,f,strict_14_with_grace_period
969,f,19.0,-22.98094271177684,-43.19160883421871,Apartment,Entire home/apt,5,1.0,1.0,2.0,Real Bed,"{TV,""Cable TV"",Internet,Wifi,""Air conditioning"",Kitchen,""Pets allowed"",Doorman,Elevator,""Buzzer/wireless intercom"",Essentials,Hangers,""Hair dryer"",Iron,""translation missing: en.hosting_amenity_49"",""translation missing: en.hosting_amenity_50"",""Hot water"",""Luggage dropoff allowed"",""Long term stays allowed"",""Host greets you""}",$159.00,1,$0.00,3,180,30.0,f,f,strict_14_with_grace_period
970,f,3.0,-22.9740063916888,-43.19223355249299,Apartment,Entire home/apt,4,1.0,0.0,1.0,Real Bed,"{TV,Internet,Wifi,""Air conditioning"",Kitchen,""Paid parking off premises"",""Smoking allowed"",Hangers,""translation missing: en.hosting_amenity_49"",""translation missing: en.hosting_amenity_50"",""Hot water"",""Long term stays allowed"",""Host greets you""}",$152.00,2,$80.00,1,1125,3.0,f,f,strict_14_with_grace_period
971,f,32.0,-22.937537209194325,-43.17294969874192,Apartment,Entire home/apt,7,3.5,4.0,8.0,Real Bed,"{TV,""Cable TV"",Internet,Wifi,""Air conditioning"",Kitchen,""Smoking allowed"",Doorman,Elevator,""Buzzer/wireless intercom"",""Family/kid friendly"",Washer,Essentials,""24-hour check-in"",Hangers,""Hair dryer"",Iron,""Laptop friendly workspace""}",$583.00,4,$78.00,2,1125,17.0,t,f,strict_14_with_grace_period
972,f,1.0,-22.94865688948937,-43.19018586360773,Apartment,Shared room,1,1.0,1.0,1.0,Real Bed,"{""Cable TV"",Wifi,Kitchen,""Smoking allowed"",Elevator}",$466.00,1,$0.00,1,1125,0.0,f,f,flexible
973,f,1.0,-22.913392850073013,-43.21243766475165,Apartment,Private room,4,2.0,1.0,2.0,Real Bed,"{TV,""Cable TV"",Internet,""Air conditioning"",Kitchen,""Free parking on premises"",""Smoking allowed"",Doorman,Elevator,""Buzzer/wireless intercom"",""Family/kid friendly"",Washer}",$971.00,1,$0.00,1,30,0.0,f,f,flexible
974,t,3.0,-22.98111076482311,-43.201818122329854,Apartment,Entire home/apt,4,2.0,2.0,2.0,Real Bed,"{TV,""Cable TV"",Internet,Wifi,""Air conditioning"",Pool,Kitchen,""Smoking allowed"",Doorman,Gym,Elevator,""Free street parking"",""Hot tub"",""Buzzer/wireless intercom"",Washer,Dryer,Shampoo,Hangers,""Hair dryer"",Iron,""Laptop friendly workspace"",""Hot water"",""Luggage dropoff allowed"",""Long term stays allowed"",""Host greets you""}","$1,550.00",4,"$1,166.00",1,1125,20.0,f,f,strict_14_with_grace_period
975,f,2.0,-22.981881835982183,-43.19286448466576,Apartment,Private room,2,2.0,1.0,1.0,Real Bed,"{""Cable TV"",Internet,Wifi,""Air conditioning"",Kitchen,""Smoking allowed"",Doorman,Elevator,""Buzzer/wireless intercom"",""Family/kid friendly"",Washer,""Smoke detector"",""First aid kit"",""Fire extinguisher"",""Lock on bedroom door"",""24-hour check-in"",Hangers,""Hair dryer"",Iron}",$120.00,1,$0.00,3,180,29.0,f,f,moderate
976,f,2.0,-22.97221162659328,-43.18968957532279,Apartment,Private room,4,1.0,1.0,2.0,Real Bed,"{TV,Internet,Wifi,""Air conditioning"",Kitchen,Doorman,Elevator,""Buzzer/wireless intercom"",""Family/kid friendly"",Washer}",$198.00,1,$200.00,2,270,1.0,f,f,strict_14_with_grace_period
977,f,1.0,-22.89001233797548,-43.30273346195421,Apartment,Shared room,2,1.0,1.0,1.0,Airbed,"{TV,""Cable TV"",Internet,""Air conditioning""}",$202.00,1,$200.00,3,180,0.0,f,f,strict_14_with_grace_period
978,f,4.0,-22.995758369198647,-43.27004019048572,Other,Private room,2,1.0,1.0,1.0,Real Bed,"{Internet,Wifi,Kitchen,Breakfast,""Suitable for events"",Washer}",$120.00,1,$50.00,2,1125,1.0,f,f,strict_14_with_grace_period
979,f,1.0,-22.96897507564624,-43.18947324627519,Apartment,Entire home/apt,6,2.0,2.0,2.0,Real Bed,"{TV,""Cable TV"",Wifi,""Air conditioning"",Kitchen,""Paid parking off premises"",""Smoking allowed"",Elevator,""Family/kid friendly"",Washer,Essentials,Hangers,""Hair dryer"",Iron,""Laptop friendly workspace"",""Room-darkening shades"",""Hot water"",""Bed linens"",""Extra pillows and blankets"",""Coffee maker"",Refrigerator,""Dishes and silverware"",""Cooking basics"",Oven,Stove,""Long term stays allowed"",""Paid parking on premises""}",$229.00,4,$39.00,3,60,33.0,t,f,strict_14_with_grace_period
980,t,1.0,-22.953856748856072,-43.16838698616849,Apartment,Entire home/apt,5,1.5,2.0,2.0,Real Bed,"{TV,""Cable TV"",Internet,Wifi,""Air conditioning"",""Free street parking"",""Buzzer/wireless intercom"",""Smoke detector"",""Carbon monoxide detector"",""Fire extinguisher"",Essentials,Shampoo,""24-hour check-in"",Hangers,""Hair dryer"",Iron,""Laptop friendly workspace"",""translation missing: en.hosting_amenity_49"",""translation missing: en.hosting_amenity_50"",""Private entrance"",""Hot water"",""Bed linens"",""Extra pillows and blankets"",Microwave,""Coffee maker"",Refrigerator,""Dishes and silverware"",""Patio or balcony"",""Luggage dropoff allowed"",""Long term stays allowed"",""Host greets you""}",$175.00,2,$50.00,2,270,166.0,f,f,moderate
981,f,2.0,-22.91967177837448,-43.18614551109297,Chalet,Private room,2,1.0,1.0,1.0,Real Bed,"{Internet,Wifi,""Smoking allowed""}",$152.00,1,$0.00,2,1125,0.0,f,f,flexible
985,f,2.0,-22.91459941134368,-43.18562002129478,Apartment,Entire home/apt,4,1.0,1.0,2.0,Real Bed,"{TV,Internet,Wifi,""Air conditioning"",Kitchen,""Paid parking off premises"",Elevator,""Family/kid friendly"",""Suitable for events"",""Smoke detector"",""Fire extinguisher"",Essentials,Shampoo,Hangers,Iron,""Laptop friendly workspace"",""Hot water"",""Long term stays allowed"",""Host greets you""}",$97.00,1,$0.00,2,250,97.0,t,f,strict_14_with_grace_period
986,f,1.0,-22.91341675902976,-43.192925214291286,Apartment,Private room,2,1.0,1.0,1.0,Real Bed,"{TV,""Cable TV"",Internet,Wifi,Kitchen,""Free parking on premises"",""Smoking allowed"",""Pets allowed"",Washer,Essentials,Microwave,""Dishes and silverware"",""Cooking basics"",Oven,Stove,""Long term stays allowed""}",$70.00,1,$0.00,2,90,6.0,f,f,strict_14_with_grace_period
987,f,1.0,-22.96249153955668,-43.1666755660389,Apartment,Entire home/apt,4,2.0,2.0,4.0,Real Bed,"{TV,""Cable TV"",Internet,Wifi,""Air conditioning"",""Wheelchair accessible"",Kitchen,""Free parking on premises"",""Smoking allowed"",Doorman,Breakfast,Elevator,""Indoor fireplace"",""Buzzer/wireless intercom"",""Family/kid friendly"",Washer,Dryer,""Smoke detector"",""Carbon monoxide detector"",""First aid kit"",""Fire extinguisher"",Essentials,Shampoo}",$451.00,3,$300.00,3,7,15.0,f,f,strict_14_with_grace_period
988,f,1.0,-23.01332073808632,-43.445870901430666,Apartment,Entire home/apt,4,3.0,2.0,2.0,Real Bed,"{TV,""Cable TV"",Internet,Wifi,""Air conditioning"",Pool,Kitchen,""Free parking on premises"",Doorman,Gym,Elevator,""Buzzer/wireless intercom"",""Family/kid friendly"",Washer,Dryer,""Smoke detector"",""Carbon monoxide detector"",""First aid kit"",""Safety card"",""Fire extinguisher"",Essentials,Shampoo,""24-hour check-in"",Hangers,""Hair dryer"",Iron,""Laptop friendly workspace"",""translation missing: en.hosting_amenity_50"",""Self check-in"",""Building staff"",""Hot water"",""Bed linens"",""Extra pillows and blankets""}",$221.00,1,$50.00,2,15,16.0,f,f,moderate
989,f,3.0,-22.978991584589966,-43.20149651554521,Apartment,Private room,2,1.0,1.0,1.0,Pull-out Sofa,"{TV,""Cable TV"",Internet,""Air conditioning"",Doorman,Elevator,""Buzzer/wireless intercom"",Essentials,Shampoo,""Lock on bedroom door"",Hangers,""Hair dryer"",Iron,""translation missing: en.hosting_amenity_49"",""translation missing: en.hosting_amenity_50"",""Hot water"",""Bed linens"",""Extra pillows and blankets""}",$233.00,1,$0.00,2,15,2.0,t,f,strict_14_with_grace_period
990,f,2.0,-22.979886040343253,-43.22345091414006,Apartment,Entire home/apt,6,1.5,2.0,2.0,Real Bed,"{TV,""Cable TV"",Wifi,""Air conditioning"",Kitchen,""Free parking on premises"",""Paid parking off premises"",""Pets allowed"",""Free street parking"",""Family/kid friendly"",Washer,""Fire extinguisher"",Essentials,""Lock on bedroom door"",Hangers,Iron,""Laptop friendly workspace"",""Private living room"",""Children’s books and toys"",""Babysitter recommendations"",""Children’s dinnerware"",""Hot water"",""Bed linens"",""Extra pillows and blankets"",""Ethernet connection"",Microwave,Refrigerator,Dishwasher,""Dishes and silverware"",""Cooking basics"",Oven,Stove,""Luggage dropoff allowed"",""Long term stays allowed"",""Wide entryway"",""Host greets you""}",$256.00,4,$80.00,2,1125,61.0,f,f,strict_14_with_grace_period
991,f,2.0,-22.93622692748908,-43.17785395329657,Apartment,Private room,1,1.0,1.0,1.0,Real Bed,"{""Cable TV"",Internet,Wifi,""Air conditioning"",Kitchen,Doorman,Elevator,""Buzzer/wireless intercom"",Essentials}",$136.00,1,$0.00,1,3,3.0,t,f,strict_14_with_grace_period
992,f,1.0,-22.95804932028431,-43.2006366771594,Apartment,Entire home/apt,2,2.0,1.0,1.0,Real Bed,"{Wifi,""Air conditioning"",Kitchen,""Smoking allowed"",""Buzzer/wireless intercom"",Washer,Dryer}",$400.00,2,$150.00,4,1125,2.0,f,f,moderate
993,t,1.0,-22.97236321622264,-43.18418604032259,Apartment,Entire home/apt,6,2.0,3.0,4.0,Real Bed,"{TV,""Cable TV"",Internet,Wifi,""Air conditioning"",""Wheelchair accessible"",Kitchen,Doorman,Elevator,""Buzzer/wireless intercom"",Washer,Essentials,""Hair dryer"",Iron,""Laptop friendly workspace"",""translation missing: en.hosting_amenity_49"",""translation missing: en.hosting_amenity_50""}",$330.00,4,$48.00,3,90,44.0,f,f,strict_14_with_grace_period
994,f,45.0,-22.983802841609453,-43.19878571671934,Apartment,Entire home/apt,3,1.0,1.0,1.0,Real Bed,"{TV,""Cable TV"",Internet,Wifi,""Air conditioning"",Kitchen,""Paid parking off premises"",""Smoking allowed"",Doorman,Elevator,""Family/kid friendly"",""Suitable for events"",Washer,""Fire extinguisher"",Essentials,Shampoo,Hangers,""Hair dryer"",Iron,""Laptop friendly workspace"",""High chair"",Crib,""Pack ’n Play/travel crib"",""Hot water"",""Luggage dropoff allowed"",""Long term stays allowed"",""Host greets you""}",$528.00,1,$0.00,3,1124,5.0,f,f,strict_14_with_grace_period
995,t,2.0,-22.98027327807277,-43.19416056615228,Apartment,Private room,3,1.0,1.0,2.0,Real Bed,"{""Cable TV"",Wifi,Doorman,Elevator,""Free street parking"",""Buzzer/wireless intercom"",""Family/kid friendly"",""First aid kit"",Essentials,Shampoo,""Lock on bedroom door"",Hangers,""Hair dryer"",""Self check-in"",""Building staff"",""Hot water"",""Bed linens"",""Extra pillows and blankets""}",$82.00,2,$50.00,3,1125,80.0,t,f,strict_14_with_grace_period
996,f,1.0,-22.986987914709182,-43.19285210956075,Apartment,Entire home/apt,4,1.5,3.0,2.0,Real Bed,"{TV,""Cable TV"",Wifi,""Air conditioning"",Kitchen,""Free parking on premises"",Elevator,""Family/kid friendly"",Washer,Essentials,Shampoo,Hangers,""Hair dryer"",Iron,""Hot water"",""Bed linens"",""Extra pillows and blankets"",Microwave,""Coffee maker"",""Dishes and silverware"",""Cooking basics"",Oven,Stove,""Luggage dropoff allowed"",Other}",$400.00,1,$0.00,4,60,20.0,f,f,strict_14_with_grace_period
997,f,2.0,-23.01097205689489,-43.342360696333024,Apartment,Private room,2,1.0,1.0,1.0,Real Bed,"{TV,""Cable TV"",Internet,Wifi,""Air conditioning"",""Wheelchair accessible"",Pool,Kitchen,""Free parking on premises"",Doorman,Elevator,""Buzzer/wireless intercom"",Heating,Washer,Dryer,""First aid kit"",""Fire extinguisher"",Essentials,Hangers,Iron,""Hot water"",""Bed linens"",""Extra pillows and blankets""}",$198.00,1,$100.00,2,30,3.0,f,f,strict_14_with_grace_period
998,f,1.0,-22.970257015596797,-43.39484100673243,Apartment,Entire home/apt,5,1.0,2.0,2.0,Real Bed,"{TV,""Cable TV"",Internet,Wifi,""Air conditioning"",""Wheelchair accessible"",Pool,Kitchen,""Smoking allowed"",""Pets allowed"",Doorman,Gym,Elevator,""Free street parking"",""Buzzer/wireless intercom"",""Family/kid friendly"",Washer,Essentials,Microwave,Refrigerator,""Dishes and silverware"",""Cooking basics"",Oven,Stove,""Long term stays allowed"",""Wide hallway clearance"",""Step-free access"",""Wide doorway"",""Flat path to front door"",""Well-lit path to entrance""}",$299.00,1,$0.00,1,30,2.0,f,f,flexible
999,f,11.0,-22.980323321882576,-43.19298277926956,House,Entire home/apt,16,5.0,5.0,9.0,Real Bed,"{TV,""Cable TV"",Internet,Wifi,""Air conditioning"",Kitchen,""Free parking on premises"",""Paid parking off premises"",Breakfast,""Pets live on this property"",Dog(s),Cat(s),""Free street parking"",""Buzzer/wireless intercom"",Washer,""Fire extinguisher"",Essentials,Shampoo,Hangers,""Hair dryer"",Iron,""Laptop friendly workspace"",""Hot water"",""Luggage dropoff allowed"",""Long term stays allowed"",""Host greets you""}","$1,702.00",15,$200.00,15,30,0.0,f,f,strict_14_with_grace_period
1000,f,1.0,-22.949477943676104,-43.34903371920685,Apartment,Private room,2,1.0,1.0,2.0,Real Bed,"{""Cable TV"",Wifi,Kitchen,Doorman,Elevator,""Buzzer/wireless intercom"",Washer}",$82.00,1,$60.00,2,7,0.0,f,f,moderate
1001,f,1.0,-22.97313077627441,-43.39267230108058,Apartment,Entire home/apt,6,2.0,2.0,6.0,Real Bed,"{TV,""Cable TV"",Internet,Wifi,""Air conditioning"",Kitchen,""Smoking allowed"",Doorman,Elevator,""Buzzer/wireless intercom"",""Family/kid friendly"",Washer,""translation missing: en.hosting_amenity_50""}",$800.00,1,$0.00,15,30,0.0,f,f,flexible
1002,f,1.0,-22.96012731907007,-43.27024264702776,House,Entire home/apt,6,3.0,2.0,2.0,Real Bed,"{TV,""Cable TV"",Internet,Wifi,""Air conditioning"",Kitchen,""Free parking on premises"",""Smoking allowed"",""Pets allowed"",""Family/kid friendly"",""Suitable for events"",Washer,Essentials,Shampoo,""24-hour check-in"",Hangers,""Hair dryer"",Iron,""Laptop friendly workspace""}",$101.00,1,$100.00,7,30,0.0,f,f,flexible
1003,f,2.0,-22.98233267984641,-43.193177059317264,Condominium,Private room,2,2.0,1.0,2.0,Real Bed,"{TV,Internet,Wifi,""Air conditioning"",Kitchen,Doorman,Elevator,Washer,Dryer}",$206.00,1,$0.00,7,8,0.0,f,f,flexible
1004,f,3.0,-22.970610537662303,-43.18282974026364,Apartment,Entire home/apt,4,1.0,1.0,2.0,Real Bed,"{TV,Wifi,""Air conditioning"",""Wheelchair accessible"",Kitchen,""Smoking allowed"",Doorman,Elevator,""Buzzer/wireless intercom""}",$140.00,2,$50.00,4,90,4.0,f,f,strict_14_with_grace_period
1005,f,2.0,-22.97670384990548,-43.194785877866224,Apartment,Private room,1,1.0,1.0,1.0,Real Bed,"{Wifi,""Air conditioning"",Doorman,Breakfast,Elevator,""Buzzer/wireless intercom"",Washer,Dryer}",$622.00,1,$0.00,1,1125,3.0,f,f,flexible
1006,f,2.0,-22.92180258350457,-43.18617945548277,House,Private room,4,1.0,1.0,3.0,Real Bed,"{Internet,Wifi,Kitchen,""Smoking allowed""}",$152.00,1,$0.00,2,1125,2.0,f,f,moderate
1007,t,2.0,-22.98160506720536,-43.19168635551132,Apartment,Private room,2,1.0,1.0,2.0,Real Bed,"{TV,Wifi,""Air conditioning"",""Pets live on this property"",Dog(s),Elevator,""First aid kit"",Essentials,""Lock on bedroom door"",Hangers,""Laptop friendly workspace"",""translation missing: en.hosting_amenity_49"",""translation missing: en.hosting_amenity_50"",""Hot water"",""Bed linens"",""Extra pillows and blankets"",""Host greets you""}",$82.00,2,$50.00,3,15,81.0,t,f,strict_14_with_grace_period
1008,t,2.0,-22.980511488220447,-43.193609601141866,Apartment,Private room,2,1.0,1.0,1.0,Real Bed,"{""Cable TV"",Internet,Wifi,Doorman,""Pets live on this property"",Dog(s),Elevator,""Buzzer/wireless intercom"",""First aid kit"",""Fire extinguisher"",Essentials,""Lock on bedroom door"",Hangers,""translation missing: en.hosting_amenity_49"",""translation missing: en.hosting_amenity_50"",""Hot water"",""Host greets you""}",$101.00,2,$50.00,3,10,19.0,f,f,strict_14_with_grace_period
1009,f,3.0,-22.91764069160369,-43.18150437444036,Bed and breakfast,Private room,2,1.0,1.0,1.0,Real Bed,"{TV,""Cable TV"",Wifi,""Air conditioning"",Pool,Breakfast,""Pets live on this property"",Dog(s),""Buzzer/wireless intercom"",""Fire extinguisher"",Shampoo,Hangers,""Hair dryer"",""Laptop friendly workspace""}",$556.00,1,$0.00,2,1125,16.0,f,f,strict_14_with_grace_period
1010,f,1.0,-22.975804181967927,-43.19379387107091,Apartment,Entire home/apt,7,1.5,3.0,3.0,Real Bed,"{TV,""Cable TV"",Internet,Wifi,""Air conditioning"",Kitchen,""Free parking on premises"",Doorman,Elevator,""Buzzer/wireless intercom"",""Family/kid friendly"",Washer,""Smoke detector"",""Carbon monoxide detector"",""First aid kit"",""Safety card"",""Fire extinguisher"",Essentials,Shampoo,""24-hour check-in"",Hangers,""Hair dryer"",Iron,""Laptop friendly workspace"",""Hot water"",""Host greets you""}",$198.00,1,$0.00,2,90,43.0,t,f,flexible
1011,f,1.0,-22.92222370113361,-43.18299014079426,Apartment,Entire home/apt,2,1.0,1.0,1.0,Real Bed,"{TV,Internet,Wifi,""Air conditioning"",Kitchen,Doorman,""Free street parking"",""Buzzer/wireless intercom"",Washer,Essentials,Hangers,""Hair dryer"",""High chair"",""Hot water"",""Long term stays allowed"",""Host greets you""}",$124.00,1,$0.00,4,1125,5.0,f,f,strict_14_with_grace_period
1012,f,8.0,-22.97583639949057,-43.18951296094615,Apartment,Private room,4,2.0,1.0,1.0,Real Bed,"{TV,""Cable TV"",Internet,Wifi,""Air conditioning"",""Wheelchair accessible"",Kitchen,""Smoking allowed"",Doorman,""Pets live on this property"",Dog(s),Elevator,""Buzzer/wireless intercom"",""Family/kid friendly"",Washer,""Smoke detector"",""Fire extinguisher"",Essentials,Shampoo,""Lock on bedroom door"",""24-hour check-in"",Hangers,""Hair dryer"",Iron,""Hot water"",""Bed linens"",""Extra pillows and blankets"",""Pocket wifi""}",$97.00,2,$149.00,1,30,74.0,f,f,strict_14_with_grace_period
1013,f,1.0,-22.96293430778573,-43.16855305920053,Apartment,Entire home/apt,6,2.0,3.0,6.0,Real Bed,"{TV,""Cable TV"",Internet,Wifi,""Air conditioning"",""Wheelchair accessible"",Kitchen,""Free parking on premises"",Doorman,Elevator,""Buzzer/wireless intercom"",""Family/kid friendly"",Washer}","$1,671.00",6,$0.00,1,1125,0.0,f,f,strict_14_with_grace_period
1014,f,1.0,-22.956167374973283,-43.19539310484348,Apartment,Entire home/apt,4,2.0,1.0,1.0,Real Bed,"{TV,""Cable TV"",Internet,Wifi,""Air conditioning"",""Wheelchair accessible"",Kitchen,""Smoking allowed"",Doorman,Elevator,""Buzzer/wireless intercom"",""Family/kid friendly"",Washer}",$501.00,4,$200.00,4,60,0.0,f,f,strict_14_with_grace_period
1015,f,55.0,-22.984427812547693,-43.19280518448269,Apartment,Entire home/apt,2,1.0,1.0,1.0,Real Bed,"{""Cable TV"",Internet}",$544.00,1,$0.00,5,1125,0.0,f,f,strict_14_with_grace_period
1016,t,2.0,-22.99505136727525,-43.257157468151576,Apartment,Private room,2,1.0,2.0,1.0,Pull-out Sofa,"{TV,Internet,Wifi,""Air conditioning"",Kitchen,Doorman,""Pets live on this property"",Cat(s),Elevator,""Free street parking"",""Buzzer/wireless intercom"",Washer,Dryer,Essentials,Shampoo,Hangers,Iron,""Laptop friendly workspace"",""Self check-in"",""Building staff"",""Hot water"",""Luggage dropoff allowed""}",$152.00,1,$0.00,3,30,11.0,t,f,moderate
1017,f,1.0,-22.94277954949694,-43.33080956805559,Apartment,Shared room,1,1.0,1.0,2.0,Pull-out Sofa,"{TV,""Cable TV"",Internet,Wifi,""Air conditioning"",Pool,Kitchen,""Free parking on premises"",""Pets allowed"",Doorman,Breakfast,""Pets live on this property"",Dog(s),Elevator,""Buzzer/wireless intercom"",Washer,""First aid kit"",""Fire extinguisher"",""24-hour check-in"",Hangers,""Hair dryer"",Iron,""Laptop friendly workspace"",""translation missing: en.hosting_amenity_49"",""translation missing: en.hosting_amenity_50""}",$70.00,1,$100.00,1,30,0.0,t,f,moderate
1018,f,1.0,-22.98017584084347,-43.19527192469211,Apartment,Entire home/apt,2,1.0,1.0,1.0,Real Bed,"{TV,Wifi,""Air conditioning"",Doorman,Elevator,""Buzzer/wireless intercom"",Hangers,Iron,""Laptop friendly workspace"",""Private entrance""}",$221.00,1,$150.00,3,90,1.0,f,f,strict_14_with_grace_period
1019,f,1.0,-23.030627918801827,-43.47613880177314,Apartment,Entire home/apt,6,2.0,2.0,1.0,Real Bed,"{TV,""Air conditioning"",""Wheelchair accessible"",Pool,Kitchen,""Free parking on premises"",Doorman,Gym,Elevator,""Family/kid friendly""}",$777.00,1,$0.00,7,90,0.0,f,f,strict_14_with_grace_period
1020,t,1.0,-22.98696910545876,-43.19633848566336,Apartment,Entire home/apt,7,2.0,3.0,5.0,Real Bed,"{TV,""Cable TV"",Internet,Wifi,""Air conditioning"",""Wheelchair accessible"",Kitchen,""Free parking on premises"",Doorman,Elevator,""Buzzer/wireless intercom"",""Family/kid friendly"",Washer,""Smoke detector"",""Carbon monoxide detector"",""First aid kit"",""Safety card"",""Fire extinguisher"",Essentials,Shampoo,""24-hour check-in"",Hangers,""Hair dryer"",Iron,""Laptop friendly workspace"",""Changing table"",Crib,""Pack ’n Play/travel crib"",""Room-darkening shades"",""Hot water"",""Bed linens"",""Ethernet connection"",Microwave,""Coffee maker"",Refrigerator,""Dishes and silverware"",""Cooking basics"",Oven,Stove,""Luggage dropoff allowed"",""Step-free access"",""Host greets you""}",$583.00,4,$190.00,4,60,89.0,f,f,strict_14_with_grace_period
1021,t,2.0,-22.981851115368467,-43.22225952439787,Apartment,Entire home/apt,5,2.5,2.0,2.0,Real Bed,"{TV,""Cable TV"",Internet,Wifi,""Air conditioning"",""Wheelchair accessible"",Pool,Kitchen,""Free parking on premises"",Doorman,Gym,Elevator,""Buzzer/wireless intercom"",""Family/kid friendly"",Washer,""Fire extinguisher"",Essentials,Hangers,""Hair dryer"",Iron,""Laptop friendly workspace"",""translation missing: en.hosting_amenity_50""}",$249.00,4,$187.00,7,60,19.0,t,f,strict_14_with_grace_period
1022,f,4.0,-22.97531819806829,-43.19412874339,Apartment,Entire home/apt,8,3.0,3.0,9.0,Real Bed,"{TV,""Air conditioning"",Kitchen,""Free parking on premises"",Doorman,Elevator,""Hot tub"",""Buzzer/wireless intercom"",Heating,""Family/kid friendly"",Washer}","$2,720.00",1,$0.00,7,30,0.0,f,f,strict_14_with_grace_period
1023,f,4.0,-22.976867242009767,-43.19342832744825,Apartment,Private room,2,1.0,1.0,1.0,Real Bed,"{TV,""Cable TV"",Internet,Wifi,""Air conditioning"",Kitchen,Doorman,""Hot tub"",""Family/kid friendly""}",$501.00,1,$0.00,7,14,0.0,f,f,strict_14_with_grace_period
1024,f,1.0,-22.933648295748142,-43.1757501340334,Apartment,Private room,2,1.0,1.0,1.0,Real Bed,"{TV,""Cable TV"",Internet,Wifi,""Air conditioning"",""Wheelchair accessible"",Kitchen,Doorman,Elevator,""Buzzer/wireless intercom""}",$998.00,1,$0.00,1,1125,0.0,f,f,flexible
1025,f,2.0,-22.91764309582547,-43.18658679018593,House,Private room,2,1.0,1.0,1.0,Real Bed,"{""Cable TV"",Internet,""Air conditioning"",Kitchen,""Free parking on premises"",""Smoking allowed"",""Pets allowed"",""Family/kid friendly"",Washer,Hangers,Microwave,""Coffee maker"",Refrigerator,""Cooking basics"",Oven,Stove,""Single level home"",""BBQ grill""}",$198.00,1,$80.00,3,90,16.0,t,f,strict_14_with_grace_period
1026,f,3.0,-22.961253315373977,-43.215995946006,Apartment,Shared room,3,1.0,1.0,2.0,Real Bed,"{TV,""Cable TV"",Wifi,""Air conditioning"",Kitchen,""Smoking allowed"",""Pets allowed"",Doorman,""Pets live on this property"",Cat(s),""Buzzer/wireless intercom"",""Family/kid friendly"",Washer}",$140.00,1,$110.00,2,30,3.0,f,f,strict_14_with_grace_period
1027,f,3.0,-22.96049715116248,-43.21598841271604,Apartment,Shared room,3,1.0,1.0,3.0,Real Bed,"{""Cable TV"",Wifi,""Air conditioning"",Kitchen,""Smoking allowed"",""Pets allowed"",Doorman,""Pets live on this property"",Cat(s),""Other pet(s)"",""Buzzer/wireless intercom"",""Family/kid friendly"",""Suitable for events"",Washer}",$152.00,1,$130.00,2,30,1.0,f,f,strict_14_with_grace_period
1028,f,1.0,-22.914198212574696,-43.18873560798127,Apartment,Entire home/apt,3,1.0,1.0,1.0,Futon,"{TV,Internet,Wifi,""Wheelchair accessible"",Kitchen,Doorman,Elevator,""Buzzer/wireless intercom"",Hangers,""translation missing: en.hosting_amenity_49"",""translation missing: en.hosting_amenity_50""}",$501.00,1,$400.00,3,7,0.0,f,f,strict_14_with_grace_period
1029,f,1.0,-22.950193902382303,-43.18915703799741,Apartment,Entire home/apt,4,2.0,2.0,2.0,Real Bed,"{TV,""Cable TV"",Internet,Wifi,""Air conditioning"",Pool,Kitchen,""Free parking on premises"",""Pets allowed"",Doorman,Elevator,""Buzzer/wireless intercom"",""Family/kid friendly"",Washer,Essentials,""24-hour check-in"",Hangers,""Hair dryer"",Iron,""Hot water"",""Luggage dropoff allowed"",""Long term stays allowed"",Other}",$361.00,1,$0.00,180,365,23.0,f,f,moderate
1030,f,2.0,-22.980572951545547,-43.20324371605067,Apartment,Entire home/apt,6,2.0,3.0,1.0,Real Bed,"{TV,""Air conditioning"",Kitchen,""Free parking on premises"",""Smoking allowed"",Doorman,""Buzzer/wireless intercom""}",$598.00,6,$80.00,2,365,1.0,f,f,strict_14_with_grace_period
1031,f,1.0,-22.918258444446277,-43.2067478913212,Apartment,Private room,2,1.0,2.0,1.0,Real Bed,"{TV,""Cable TV"",Internet,Wifi,""Air conditioning"",""Wheelchair accessible"",Kitchen,""Free parking on premises"",""Smoking allowed"",Doorman,Elevator,""Family/kid friendly"",Essentials,Shampoo,""Lock on bedroom door"",Hangers,Iron,""Laptop friendly workspace"",""Private entrance"",""Hot water"",""Luggage dropoff allowed"",""Long term stays allowed"",""Host greets you""}",$233.00,1,$0.00,2,30,8.0,t,f,flexible
1032,f,3.0,-22.979179370969227,-43.1901439995222,Apartment,Private room,4,1.0,1.0,1.0,Real Bed,"{""Cable TV"",Wifi,""Air conditioning"",Kitchen,""Smoking allowed"",Doorman,Elevator,""Buzzer/wireless intercom"",""Family/kid friendly"",Essentials,""Hair dryer"",Iron}",$190.00,2,$20.00,5,60,0.0,f,f,strict_14_with_grace_period
1033,f,1.0,-22.931527813030616,-43.17639745269562,Apartment,Entire home/apt,4,1.0,1.0,1.0,Real Bed,"{""Cable TV"",Wifi,""Air conditioning"",Kitchen,Doorman,Elevator,""Buzzer/wireless intercom""}",$400.00,1,$0.00,2,1125,1.0,f,f,strict_14_with_grace_period
1034,f,1.0,-22.95875034519125,-43.181306803147415,Apartment,Entire home/apt,3,1.0,1.0,2.0,Real Bed,"{TV,Internet,Wifi,""Air conditioning"",Kitchen,""Free parking on premises"",Washer,Essentials,Shampoo}",$350.00,1,$0.00,3,30,4.0,f,f,moderate
1035,f,1.0,-22.95319670983577,-43.19305861509347,Apartment,Entire home/apt,5,2.0,3.0,3.0,Real Bed,"{TV,""Cable TV"",Internet,Wifi,""Air conditioning"",Kitchen,Doorman,Elevator,""Buzzer/wireless intercom"",Heating,""Family/kid friendly"",Washer,Dryer,Essentials,Shampoo,Hangers,""Hair dryer"",Iron,""Hot water"",""Host greets you"",""Paid parking on premises""}",$155.00,4,$78.00,3,1125,48.0,f,f,strict_14_with_grace_period
1036,f,1.0,-22.93609700406836,-43.24258946972531,Apartment,Private room,2,1.5,1.0,2.0,Real Bed,"{TV,""Wheelchair accessible"",Kitchen,""Smoking allowed"",Elevator,Washer,""Smoke detector"",""Fire extinguisher""}",$97.00,1,$0.00,1,1125,0.0,t,f,strict_14_with_grace_period
1037,f,3.0,-22.96671956829976,-43.183218095146856,Apartment,Entire home/apt,6,2.0,3.0,5.0,Real Bed,"{TV,""Cable TV"",Internet,Wifi,""Air conditioning"",""Wheelchair accessible"",Kitchen,""Free parking on premises"",""Pets allowed"",Doorman,Elevator,""Buzzer/wireless intercom"",""Family/kid friendly"",Washer,Dryer,""Smoke detector"",""Carbon monoxide detector"",""First aid kit"",""Fire extinguisher"",Essentials,Shampoo,""24-hour check-in"",Hangers,""Hair dryer"",Iron,""Laptop friendly workspace"",""Self check-in"",""Building staff"",Microwave,""Coffee maker"",Refrigerator,""Dishes and silverware"",""Cooking basics"",Oven,Stove,""Long term stays allowed"",""Wide hallway clearance""}",$330.00,2,$50.00,4,365,21.0,f,f,strict_14_with_grace_period
